author	essay_title	essay_text
James B Palais	Aristocratic-Bureaucratic Balance in Korea 	BETWEEN the fifteenth and twentieth centuries a unique and distinctive balance between aristocratic and bureaucratic forces was achieved in Korea, unmatched anywhere else in East Asia in terms of its nature and longevity. The ruling class of this society was neither thoroughly aristocratic nor thoroughly bureaucratic because government officials were selected by means of a Chinese-style civil service examination based on impersonal testing of ones knowledge of the Confucian classics and Chinese history and literature. At the same time, most of the successful examination candidates and high officials came from clans and even families with records of degree and officeholding that went back for hundreds of years. The hereditary aspects of the Korean ruling class had only been weakened by the examination system, not destroyed as it had been in China after the fall of the Tang in the tenth century.
James B Palais	Aristocratic-Bureaucratic Balance in Korea 	One reason why the Koreans were able to create a ruling class of this mixed aristocratic/bureaucratic nature and preserve it for so long was because their country was sheltered from the destructive and disruptive forces of foreign invasion and major economic change during most of the Choson 朝鮮 (Yi 李) dynasty (1392-1910). The long period of peace ensured by the Ming and Chʻing hegemony over the East Asian continental area allowed Koreans to live on their own terms. Even though peace was occasionally shattered by the anti-Mongol Red Turban rebels in the fourteenth century, Wakō pirate raids in the fifteenth century, Hideyoshis invasions in the late sixteenth, and two short Manchu attacks in the seventeenth, Koreas tributary relationship with China and her own seclusion policy buffered these shocks and prevented any serious destruction of the ruling class.
James B Palais	Aristocratic-Bureaucratic Balance in Korea 	This protective barrier also kept economic change to a minimum, limiting foreign and domestic trade and postponing the rise of commercial activity until the late seventeenth or eighteenth centuries, and even then confining it to rather modest proportions until after the opening of Korea to foreign commerce in 1876. The dampening of commerical activity meant that Korea remained primarily an agricultural economy for most of this period, providing a stable basis for the mixed aristocratic/bureaucratic ruling class. The balance achieved between aristocratic and bureaucratic tendencies in the Choson ruling class was not just the product of economic and political forces; it was also the result of the influence of Confucianism on Korean society. Koreas elite culture had been dominated by Buddhism from about the late fourth century until the Neo-Confucian revival began to affect the Koreans in a serious way in the late thirteenth and early fourteenth centuries. At the end of the fourteenth century, Neo-Confucian ethics and reformist political thought played major roles in the movement that led to the overthrow of the Koryo dynasty and the establishment of the Choson dynasty. While Buddhism died hard, by the sixteenth century almost all the elite were Confucians, and a good many had a thorough grasp of Chu Hsis 朱熹 metaphysics as well. This was truly Koreas Confucian age, which meant that not only were educated Koreans affected by Confucian ideas in their behavior, but also that Korean society was somehow subtly influenced by Confucianism as well. This subtle influence manifested itself in the emergence of a balance between aristocratic and bureaucratic forces and in the creation of a ruling class that was semi-aristocratic and semi-bureaucratic in nature.
James B Palais	Aristocratic-Bureaucratic Balance in Korea 	By aristocracy I mean a ruling class determined by birth or heredity, and by bureaucracy I refer to functionaries recruited by impersonal standards of merit, talent or achievement. The Choson ruling class could not be described exclusively in terms of either of these two alternatives, because birth itself was not enough to guarantee either officeholding or high office, merit was never defined exclusively in terms of impersonal or rational standards (moral criteria were always subsumed in the definition of talent), and officeholding was always strongly correlated with inherited family status.
James B Palais	Aristocratic-Bureaucratic Balance in Korea 	This type of ruling class could be regarded simply as a Weberian patrimonial bureaucracy except that our interest here is not confined to irrational or personal criteria of recruitment and bureaucratic membership exclusively, but extends as well to the perpetuation of such personal criteria in families or clans over generations. This does not rule the aristocratic bureaucrat out of the Weberian patrimonial model; it simply makes a distinction between patrimonial bureaucrats who cannot perpetuate their positions in their families over time and those who can, and insists that the distinction between the two is significant.
James B Palais	Aristocratic-Bureaucratic Balance in Korea 	While the Koreans attained a stage of development in which the aristocratic/bureaucratic type was created and preserved virtually intact until the twentieth century, the type was not preserved past the Sung dynasty in China. In both countries, the formation of the aristocratic/bureaucratic hybrid was achieved after a period of aristocratic rule as a result of the growth of central, imperial and bureaucratic influence and the corresponding decline of aristocratic power and autonomy. There were important differences in the two countries that will be described later, but the important point to note here is the role played by Confucianism in relation to this type of ruling elite.
James B Palais	Aristocratic-Bureaucratic Balance in Korea 	The Tang dynasty had an aristocratic/bureaucratic elite of the type described above and Confucian thought was important in the Tang, but the dominant faiths of that period were Buddhism and Taoism. The age could be described as a period of syncretism or one in which Confucianism played a secondary role to Buddhism and Taoism. The destruction of hereditary aristocracy (or to be more exact, the aristocratic/bureaucratic type) by the disruption of the late Tang and Five Dynasties period was followed by the rapid growth in the influence of Confucianism in Chinese thought and culture in the Sung. The spread not only of Neo-Confucian metaphysics, but of Confucian ideas and ethics in general, certainly accompanied and was correlated with the decline of the aristocratic principle in society, contributing to the replacement of aristocratic bureaucrats by bureaucrats (albeit Weberian patrimonial bureaucrats) in the government and aristocrats by gentry in society. This trend was accompanied by increased emphasis on knowledge, writing, and the civil arts through the use of the examination system for recruitment, and a decrease in inherited status. One could argue that this was coincidence rather than cause, but only if willing to denigrate the importance of ideas in social and political life.
James B Palais	Aristocratic-Bureaucratic Balance in Korea 	What is striking by comparison with this Chinese experience is that the rise of Confucian thought in Korea with all its institutional accoutrements, such as the examination system, the public and private schools, the adoption of Confucian canons of taste and prose, poetry, and painting, and the use of Confucian rites in the sacraments of daily life, was not accompanied by the obliteration of the aristocratic bureaucrat, but rather by his preservation. One might conclude that if the influence of Confucianism in these two societies was rather different, the reasons for the differences have to be attributed to factors other than Confucian thought. While more than ready to acknowledge the clear logic of such a proposition, I am still prepared to defend the notion that, all other things being equal, Confucianism should have had a certain effect on an agrarian society into which the bureaucratic mode of government organization had already been introduced.
James B Palais	Aristocratic-Bureaucratic Balance in Korea 	Of course, things were not equal, and that is why there was a difference; that is why the aristocratic bureaucat as a type disappeared from the Chinese scene and why he was preserved in Korea. In China the growth in state power resulted in weakening of the aristocracy and an overturning of the aristocratic/bureaucratic balance, but this was aided by two phenomena that were less important in Korea. Foreign invasion, in particular the ability of non-Chinese to take over the state apparatus and the necessity to build up state power to resist foreign enemies, had a serious effect on the independent power of the aristocrats. The expansion of commercial activity and markets with its dilution of inherited landed wealth by movable property was a second cause in the destruction of the aristocracy. In Korea the integrity of private property in land was better preserved because of the absence of these two factors, even though profligacy, division of property among heirs, and failure to renew bureaucratic status did result in downward mobility and shifts in the composition of the elite.
James B Palais	Aristocratic-Bureaucratic Balance in Korea 	To explain the destruction of the Chinese aristocracy and its diminution into a gentry class (or even a class made up of weak and isolated bureaucrats), I refer to the factors of foreign invasion and commercial development because of the relative absence of these factors during the Choson dynasty (1392-1910) in Korea. As mentioned before, there was no need for a permanent standing army of any significance throughout the Choson period (beyond what was needed to suppress domestic rebellions) because Korea was protected by unified Chinese dynasties. The military atrophied in this hothouse environment. The military reorganization that occurred in the seventeenth century was soon neglected once Manchu military superiority was reluctantly acknowledged. Furthermore, the establishment of legal restrictions on contact and trade with the Japanese after Hideyoshis invasions and the Manchus after 1636 reduced the stimulative effects of foreign trade. Although domestic trade grew, it could not expand very far beyond the limits set by local landlordism (the economic prop of the capital aristocratic bureaucrat or his rural relatives) and state regulation.
James B Palais	Aristocratic-Bureaucratic Balance in Korea 	Protection of the domestic environment from foreign invasion and commercial disruption meant that Confucianism could exert its influence on a bureaucratic government ensconced in an agrarian economy. In this context Confucianism then contributed not to the preservation of the social and political systems of the previous dynasty, but to the transformation of those systems into the balanced aristocratic/bureaucratic type. In order to sustain this argument, it will be necessary to show that the social and political settlement of the Choson period was not a continuation of an earlier mode that reaches back to Korean antiquity, but the product of a relatively slow process of evolution which, despite apparent setbacks, proceeded in remarkably straightforward fashion.
James B Palais	Aristocratic-Bureaucratic Balance in Korea 	In the following sections of this article it will be shown how an aristocratic society emerged in Korea in the Silla period, and was then subjected to restraints by the introduction of bureaucratic institutions by the kings of Koryo, who sought to increase their power at the expense of the aristocrats. Although Confucianism played a role in these developments, it did not emerge as a major force for centralized bureaucratic power until the transition from Koryo to Choson in the fourteenth and fifteenth centuries. The reforms carried out at the time of the transition, however, did not eliminate the aristocracy altogether or complete the process of bureaucratization and centralization of power. The denouement of reform then raises the question of whether the failure to achieve centralized power was because the aristocracy was simply too powerful, or whether that failure resulted from Confucianism itself—the implications of its doctrines and their influence on society. The answer to this question and the main point of the analysis is that Confucianism contained contradictory emphases and influences, one conducive to bureaucratic centralization, and the other to inherited status and aristocratic society. The emergence of a social elite marked by a balance of bureaucratic and aristocratic elements may have been the product of unique socioeconomic forces, but it was also compatible with the social implications of Confucian thought.
James B Palais	Aristocratic-Bureaucratic Balance in Korea 	In order to support this hypothesis, the argument will then shift to a treatment of China from the late Han through the Sung. The purpose will be to show that even though aristocracy developed in China in a pattern quite different from the Korean experience, Confucianism in China also had a dual and contradictory influence on Chinese society, producing by the Tang dynasty a balance between bureaucratic and aristocratic elements similar to what occurred in Korea about eight centuries later. By the late Tang or early Sung, however, this balance was destroyed in favor of central and imperial power.
James B Palais	Aristocratic-Bureaucratic Balance in Korea 	In the last section of this study, the focus of the argument will return to Korea in the period after the fifteenth century for the purpose of showing how and why the balance of bureaucratic and aristocratic forces remained intact through the late nineteenth century instead of repeating the experience of the Chinese in the period after the Tang dynasty.
James B Palais	Aristocratic-Bureaucratic Balance in Korea 	Before proceeding to the historical argument, it is first necessary to justify the use of the term Confucianism in the limited sense of a body of moral and philosophical ideas and social practices that could produce contradictory and conflicting influences on society—the aristocratic and the bureaucratic effects. One main theme in the interpretation of Confucian thought and its effects on society was that it emerged in the context of a Chou feudal milieu and was designed to impose or restore a feudal moral order in the face of disorder and confusion. After the feudal order was destroyed by the Chin state organized in bureaucratic fashion and inspired by Legalist philosophy, however, Confucianism proved adaptable to the new centralized bureaucratic order and became state-sponsored philosophy or ideology. Men like Tung Chung-shu 董仲舒 of the Former Han introduced new elements to justify and reinforce the imperial institution and Confucian moral precepts were inserted into the legal code and backed up by the force of law and punishment. It could therefore be argued that the centralizing, legalistic, and bureaucratic aspects of Han and post-Han Confucianism came from outside Confucian thought itself, representing a new fusion of Legalistic and Confucian ideas.
James B Palais	Aristocratic-Bureaucratic Balance in Korea 	There is no denying that from the Han on Confucian thought was always located in the midst of the centralized bureaucratic context and differed in significant ways in thought and practice from Chou times. The transition could not have been made, however, had it not contained elements compatible with the centralized state. At the same time it retained other elements carried over from the Chou feudal context that could function to reinforce centrifugal or aristocratic elements in society. At the risk of gross oversimplification, I would list the contradictory potentialities of Confucianism in the following way.
James B Palais	Aristocratic-Bureaucratic Balance in Korea 	The moral emphasis on filial piety and loyalty could be used to subordinate the individual or the family to the ruler, but it might also function to encapsulate the family and protect it from the intrusion of state power. The insistence on the recruitment of ministers and officials on the basis of virtuous thought and behavior might, in the form of the examination system, lead to an increase in the power of the throne over the scholar/bureaucrats as a class, or it might lead to a delegation of authority in personnel matters to the bureaucracy at the expense of imperial despotism. The definition of the ruling class as an elite of virtue that had to be afforded status and privilege might solidify the loyalty of that class to the throne, or it might justify the inheritance of status, privilege, wealth, and tax exemption to the detriment of imperial power. The portrayal of rulers as virtuous paragons could be used to rationalize or embellish what was in fact the naked power of the militaristic despot, or by insistence on the right of remonstrance check and limit the exercise of despotic authority. The assignment of responsibility to local elders, scholars, and men of virtue might force otherwise rebellious localities into conformity with imperial dictates and subordinate the village to the hierarchy of centralized administration, or it could institutionalize the semi-autonomy of the village and insulate it against centralized control. The belief in the supremacy of the public good and the ideal of the Mencian well-field system might lead to the assertion of the states interest as opposed to private or familial interest in the control of land and wealth, or the emphasis on family solidarity as the basis of a moral social order might strengthen private property in land and reduce the states ability to control resources.
James B Palais	Aristocratic-Bureaucratic Balance in Korea 	This long list of contrary tendencies indicates the wide range of possible political and social consequences of Confucian influence, but it does not mean that Confucianism could result in an infinite number of consequences, which would in effect eliminate it as an an independent variable. Social influences might depend in some part on the effects of changes in Confucian philosophy and learning, such as the development from Neo-Confucianism to Wang Yang-ming to the Chʻing dynasty tradition of Han learning and empirical research, but I doubt that these changes invalidate the above formulation of contrary tendencies. In certain circumstances and certain periods the contradictory impulses of Confucian social influences were both present such that the structure of state and society or the nature of the social elite can best be explained as a balance between bureaucratic and aristocratic forces. A brief description of historical trends is necessary to sustain this argument.
James B Palais	Aristocratic-Bureaucratic Balance in Korea 	THE DEVELOPMENT OF ARISTOCRACY IN KOREA: FOURTH TO FOURTEENTH CENTURIESAristocracy was, of course, not ordered suddenly into existence by the mythical Tangun 檀君. It took centuries of development for it to emerge from earlier forms, and even when it did, it was not the ideal type that everyone imagines. It had its progenitors in the tribal mode of political and social organization and the military aristocrats of the early Three Kingdoms period (in the late third and fourth centuries, A.D.) and was always balanced by some mixture of bureaucratic organization, no matter how skeletal. It reached its full development in Silla society, in the southeastern corner of Korea with the creation of the bone rank (kolpʻum 骨品) system.
James B Palais	Aristocratic-Bureaucratic Balance in Korea 	There is much debate over the origins of the Silla bone ranks—some holding for its origins in the third and fourth centuries, and others insisting that it did not flower fully until the addition of the head ranks (tupum 頭品) to the bone ranks in the ninth century, barely one hundred years prior to its abolition. Under the mature form of the system, society was divided into hereditary ranks which set the standards of eligibility not only of kingship and officeholding, but also of all the aspects of social and material life from ones house to ones socks. For our purposes it is immaterial whether this system evolved slowly from pre-unification Silla in the fourth century or was created belatedly in the unified Silla kingdom in the ninth; for if the latter, we might merely argue that it was after all the product of an evolving Silla society, and not of any direct borrowing from China.
James B Palais	Aristocratic-Bureaucratic Balance in Korea 	Silla was predominantly a Buddhist country with an important component of Confucian learning. It was a bureaucratic kingdom, but its kings were relatively weak, their bureaucratic apparatus did not extend too far into the countryside or too far down to the villages, and both court and village were dominated by aristocrats, the former cultured and refined, the latter rustic and crude—and this despite the influence of Tang China for three hundred years. Certainly by comparison to Silla, the Tang, or at least the first half of the Tang, was a period when China was a country of codified law, ramified and articulated bureaucratic organization, huge state armies, and state control over a significant (but yet unknown) percentage of land and peasant cultivators. The power of the Silla kings and central government paled by comparison in large part because of the grander power of her aristocrats. This was the most aristocratic age in Korean history, where the hereditary factor in ruling class membership far outweighed the bureaucratic.
James B Palais	Aristocratic-Bureaucratic Balance in Korea 	Where the effect of Confucianism is seen in this society, if at all, is in the drive by Confucian-educated men of lower rank to break through the restrictions of inherited status. Those few like Chʻoe Chʻiwon 崔致遠 who went to Tang China, passed the exams, and served in the Tang bureaucracy, returned home only to find their talents disdained. And according to the argument of Yi Kibaek 李基白, it was the members of the sixth head rank, just below the highest ranks of aristocratic ministers, who sought liberation from the system by joining forces with the rebels against Silla and wanted to rise to power and influence in the new Koryo 高麗 regime, much like lower samurai were supposed to have done during the destruction of the Tokugawa. In other words, Confucianism played a dynamic, progressive role in the destruction of aristocratic society, but we should pause before concluding that its ultimate objective was pure rationality, meritocracy, or egalitarianism.
James B Palais	Aristocratic-Bureaucratic Balance in Korea 	The gradual and protracted weakening of hereditary aristocracy is illustrated by the limited way in which the early Koryo government adopted Tang institutions of centralized power, bureaucratic organization and egalitarian distribution. The founding of Koryo had been based on Wang Kons 王建 skillful compromises with a number of warlords, the lords of walled towns (songju 城主), and military commanders (changgun 將軍) of the local regions. He made no attempt to impose central, bureaucratic rule on localities, adopt a highly complex bureaucratic system, eliminate ethnic and regional diversity in the formation of a national army, confiscate land from the regional lords and redistribute it to peasants, or manumit slaves and incorporate them into the taxable commoner population. These tasks were only begun in the middle of the tenth century, and then in piecemeal fashion. The civil service examination system was adopted for the first time in 958, but was responsible for recruiting only a small fraction of the governments officials. Limited attempts were made to limit land and slaveholding, as early Koryo kings sought to consolidate power at the capital at Kaegyong 開京. A national army had to be forged because of the serious threats of invasion from the Khitan, but the command of capital guards and regional forces remained fragmented because of political struggles as consort families and aristocrats vied with princes and noblemen to seize control over the throne. The bone ranks had disappeared, but there were still prominent aristocratic families identified by the place names (pongwan 本貫) associated with the residences of clan progenitors, much in the same fashion as the Northern and Southern dynasties aristocrats of China. And finally a state-sponsored land system, called the chonsikwa 田柴科 allotments, was established as a symbol of increased central power. This land system, however, was a far cry from the equal field chün-tien 均田 system of the period from the Northern Wei (485) to the mid-Tang (mid-eighth century) because it did not provide for regular land grants to commoner peasants based on sex and age. Military service was required of the general commoner population, but only a fraction served on duty, and service (whether military or ordinary corvée) was not regarded as a reciprocal obligation due from all peasants in return for subsistence land grants from the state. The chonsikwa system provided for two types of individuals: those granted rank and privilege by the state and those who performed some function or service for the state. Grants to men of rank and office probably took the form of prebendal tax allocations, rather than outright land grants, and some scholars have concluded that the state was merely confirming land already held by such individuals. This kind of system marked a partial intrusion of state power into the domain of the hereditary aristocratic landlord and slaveowner, not a full assertion of state power. It was an open admission that the state did not have the power to confront the aristocracy of land and prestige directly, a symbol of a weakly bureaucratized and centralized state.
James B Palais	Aristocratic-Bureaucratic Balance in Korea 	Nonetheless the system of prebendal allotments to functionaries coupled with the recruitment of some officials from the examination system constituted a direct challenge to the predominance of the aristocratic and military elites that had dominated Korean society during the Three Kingdoms and Unified Silla periods. The central state was attempting to distribute prestige, office, and economic support to its functionaries at the expense of independent military power.
James B Palais	Aristocratic-Bureaucratic Balance in Korea 	Although the Confucians did not necessarily take the lead in these measures—they were after all supporting initiatives taken by kings who wanted to maximize their power at the expense of their political rivals—nonetheless, Confucians played an important progressive role in the creation of the monarchical, bureaucratic, and centralized state. It would appear, however, that the power of the kings and the influence of some Confucians bent on centralization were too weak to complete the process and thus destroy the domination of hereditary aristocrats and the strong traditions of an ascriptive society with its roots in the tribalism of early Korean history and the bone-ranks of Silla. What was created was a compromise between the rigid status demarcations of Silla and the more bureaucratized system of the Choson dynasty. Korea was on the move toward the establishment of a society on the model of the Tang where a centralized bureaucracy was staffed by members of aristocratic families, but one last struggle against the military had to be won before this process could be completed.
James B Palais	Aristocratic-Bureaucratic Balance in Korea 	When the Confucian supporters of the king at the capital at Kaegyong (modern Kaesong 開城) suppressed the rebellion of the monk, Myochʻong 妙清, that would-be Rasputin of the Koryo period, and wiped out his military and regional supporters in the Western Capital at Pyongyang 平壤 in 1136, it should have marked the ultimate victory of civil, bureaucratic rule over the military. It became, however, the turning point toward the resurgence of the military, the recreation of private estates, the resubjugation of the peasantry, and social disintegration in general. When the military realized that they were the key to the political struggles at court, they seized power by brute force. As opposed to the Tang, however, where the frontier commanders established their bases of power in the periphery and directed it against the center, the Koryo military were thoroughly ensconced in the capital and launched a series of Praetorian coups-détat against the government. After Chong Chungbus 鄭仲夫 coup of 1170, the social order was disrupted by military officers some of whom worked their way up the ranks, peasant, and even slave rebels.
James B Palais	Aristocratic-Bureaucratic Balance in Korea 	The period of military dictatorship that extended from the late twelfth through the mid-thirteenth century (in the midst of the Mongol invasions) was only an apparent reversion to a simpler and more primitive mode of political rule. Society had been turned upside down for a generation but the aftermath revealed important continuities. The bakufu 幕府-type government of the Chʻoe 崔 family, who controlled puppet kings from behind the scenes much like the Kamakura kampaku, used civil bureaucrats and paid respects to Confucian learning. They did not attempt to create a system of infeudation or decentralized military rule. The military usurpers had merely taken over the central government and central army, and when finally subdued by the Mongols after 1259, the Confucian bureaucrats were in a solid position to establish a firmer base for their social position and political power.
James B Palais	Aristocratic-Bureaucratic Balance in Korea 	The effects of Mongol rule on Korean state and society are complex and contradictory, but it is possible to discern some very important trends. Mongol rule did not introduce the practices of imperial despotism into the Koryo royal house because kings and princes were powerless figureheads who often spent their time at court in China imbibing culture. For that matter, some Korean officials were calling openly for annexation of the Korean peninsula by the Yüan empire. The members of the Ki 奇 family and their political supporters, for example, obviously hoped to benefit by their connection with the Korean empress (née Ki) of the last Yüan emperor, whose son might well have become the emperor of all China. These men were willing to countenance not only the destruction of Korean kings but the extinction of the Korean nation in the hopes of gaining a wider area for the exercise of family and individual political power, but fortunately for the Korean people, their hopes were dashed with the fall of the Yüan.
James B Palais	Aristocratic-Bureaucratic Balance in Korea 	The Mongol victory had also precluded whatever possibility for feudalism may have existed in the thirteenth century, and Yüan rule allowed not only for the reestablishment of civilian, bureaucratic government, but also the permanent weakening of the military elite, and the Korean discovery of Neo-Confucian thought. In the fourteenth century Mongol rule preserved a role for the Confucian bureaucrat but did not yet create a society in which the bureaucrat controlled both state and society from a secure roost. This was the age of private power and tax-exempt private estates, leaving the king and his court officials with barely a pittance for salaries and emoluments.
James B Palais	Aristocratic-Bureaucratic Balance in Korea 	Nonetheless, the Mongol regime sowed the seeds of the Neo-Confucian revival in Korean soil, an intellectual movement which, in China, was already undergoing a shift toward the introspective and activist wing of Lü Xiangshan 陸象山 and a minor revival of Buddhism. Just as the intellectuals of the Yüan were canonizing the Four Books of Chu Hsi 朱熹 into the civil service examination curriculum, they were introducing Sung thought to the Korean scholarly community.
James B Palais	Aristocratic-Bureaucratic Balance in Korea 	Even as early as the late tenth through the late twelfth centuries, there had been an active interest among some Koryo Confucians in philosophic developments in Sung China, such as the study of texts like the Book of Changes and the Doctrine of the Mean and the emphasis on principle and human nature. Korean Confucians of this era were at least keeping pace with the new trends, but this promising intellectual development was cut short in the aftermath of military coups of the post-1170 period. The scholars of the new Confucianism were driven out of court to the countryside, preserving the new ideas in reclusive study and self-cultivation. This reaction against the Confucians was not just due to the anti-intellectualism of the military men; it was a response of Spartan and even moralistic soldiers to what Yi Chehyon 李齊賢, himself an advocate of Neo-Confucian learning in the early to mid-fourteenth century, had acknowledged was the loss of proper spirit among Confucians amidst the dissipation, frivolousness and hedonism that dominated the rule of King Ŭijong after 1145. King Ŭijong 毅宗 was undoubtedly the butt of fifteenth century didactic historians, but there were in fact repeated tendencies for literary culture in China and Korea to become inbred, rarefied, precious and cut off from the real life concerns of the state and people. This no doubt occurred in the mid-twelfth century, a precarious period for the cultured man who had not yet won full victory over the military in Korean life.
James B Palais	Aristocratic-Bureaucratic Balance in Korea 	Confucianism lived on in the nurturing and protective hands of the syncretists, whether Buddhists like Chinul 知訥 or Confucianists like Yi Chehyon or Yi Saek (李穡), but for it to succeed and dominate thought in the midst of an inhospitable environment, it had to become more militant. Up to the mid-fourteenth century, Korean exposure to early Sung Neo-Confucianism had not been accompanied by the same virulent attack on Buddhism that had begun with Han Yü 韓愈 in the ninth century Tang and continued into the Sung. It was not until the adoption of the emphasis on the practical ethics of daily life as advocated by the Lu-chai 魯齋 school of Hsü Heng 許衡 that Korean Confucianism became polemical, breaking its harmonious ties with Buddhist thought.
James B Palais	Aristocratic-Bureaucratic Balance in Korea 	CONFUCIANISM AND REFORM: THE KORYO/CHOSON TRANSITION, FOURTEENTH AND FIFTEENTH CENTURIESFrom the mid-fourteenth century Confucian thinkers became partners in an enterprise that had all the earmarks of a major transformation in ideas, social practice, government organization, social structure, and land tenure. It was the time when the seeds were sown for irreversible shifts in Korean history: from weak bureaucratic monarchy to full institutionalized bureaucracy in the Chinese pattern, and from Buddhism and syncretism to Neo-Confucian orthodoxy in thought and religious practice. The Neo-Confucian anti-Buddhist polemicists were in the forefront of these movements, striving for a more powerful monarchy, recruitment by examination, limitation of land and slave ownership, and even redistribution of land and universal military service according to the well-field model of classical antiquity (particularly in the Chou li 周禮).
James B Palais	Aristocratic-Bureaucratic Balance in Korea 	The late fourteenth century reform movement cannot be explained simply in terms of material forces—the yearnings of the military commanders for power, or the small landowners for land, or the sons of the hyangni 郷吏 (families of the local petty officials) for membership in the regular bureaucracy. Reform was fueled by the idealism of the newly converted and the impetus for that was provided by the stress on ethical perfection. The late fourteenth century was not an age of philosophy but of ethics and no better example is provided than by Chong Tojons 鄭道傳 polemics against Buddhism. He was not really thoroughly knowledgeable in Buddhist philosophy; it was his ignorance of some of its finer points that allowed him to be so intolerant. But the ethical focus of Confucianism undoubtedly inspired men like him to take advantage of the opportunities provided by Yi Songgyes 李成桂 leadership to create the Confucian millennium in the material realm by a thoroughgoing elimination of landlordism and private property and institution of egalitarian land grants to peasants in the manner of the Tang equal field system.
James B Palais	Aristocratic-Bureaucratic Balance in Korea 	The final settlement of the land question must have been a disappointment to the radicals of the 1380s. The political losers in the transition to the Choson (Yi) dynasty undoubtedly were stripped of their estates, but the major beneficiaries of land reform were the men of rank and office and the merit subjects—the political supporters of Yi Songgye. The new land system did not result in the nationalization of all land and its redistribution to peasants on the basis of equality, and it did not result in the elimination of landlord/tenant relations or slavery. It provided mainly for the allocation of prebendal tax grants on specified parcels within the confines of the province surrounding the capital, Kyonggi 京畿, and allowed the prebend recipients to dispatch their agents to collect the amounts due, as specified by the state. As in the case of the chōnsikwa system of the eleventh century, prebend grantees were not confined to incumbent functionaries, but included all those granted rank by the state, providing even for the transmission of eligibility for prebendal grants to male heirs under the traditional Chinese type of “protection” (ŭm 蔭) privilege. By the late fifteenth century, however, even the system of state prebends broke down and it was the landlord, slaveowner, and merit subject who emerged as the replacements for the estate lords of late Koryo. A new state had been produced that established Confucianism as state orthodoxy, as the main subject of instruction in state schools and in the home, and as the main content of the civil service examinations, but the economic settlement remained far removed from the egalitarian model of the Mencius or the Chou li. Was this result not really a sign of the limited ability of Confucian thought as a practical ideology to achieve the egalitarian transformation of an agrarian society dominated by the private economic interests of landlords? Were not the Neo-Confucian ideologues and radical reformers of the late fourteenth century no more than the intellectual heirs of the Northern and Southern Sung philosophers who continued their intellectual stuggle to work out an accommodation between well-field egalitarian idealism and the limitations of reality even after the failure of the practical reformer, Wang An-shih 王安石, in the eleventh century had rendered their efforts futile? After all, the idealism of the late Koryo and early Choson reformers had come face to face with the overpowering concrete material interests of the landlords and politicians, and by the mid-fifteenth century, landlordism and the evasion of public service by the elite was again becoming the order of the day. The Confucian bureaucratic state was becoming routinized in patrimonial fashion as the high ministers and merit subjects sought to pass on their economic position and special privileges to their sons.
James B Palais	Aristocratic-Bureaucratic Balance in Korea 	An evaluation of the ability of Confucian ideas to transform society depends on the degree of ones expectation. If nothing less than the replication of well-field egalitarianism in the distribution of land, labor and military service, the recruitment of officials on the basis of virtue, and the Chou li ideal of political and social organization are required to admit the influence of Confucian idealist thought on society, then it is difficult to concede that Confucianism had much of an effect on Korean society throughout all its history. But if one is willing to settle for subtler changes in the constitution of state and society, then it is clear that Confucianism exerted significant influence on Korean society in the transition from the Koryo to the Choson dynasties in the late fourteenth and fifteenth centuries.
James B Palais	Aristocratic-Bureaucratic Balance in Korea 	The kwajōn 科田 land reform of late Koryo and early Choson may have provided for the economic support of titled aristocrats and bureaucrats rather than the ordinary peasants, but it was nonetheless sanctioned in Confucian thought by an appeal to the dictum that it was the responsibility of an enlightened ruler to provide sustenance to the class of virtuous ministers so that they would be able to maintain superior status over the mass of subjects or common peasants. The Confucian bureaucracy in real life represented a mixture of merit and heredity, and not simply a rationalistic meritocracy expected to turn over completely every generation. By the middle of the fifteenth century, the expansion in the number of sons of ranked titleholders, officials and merit subjects was simply too great for the state to maintain this artificial support system without doing damage to its financial structure, so bureaucrats and aristocrats were allowed to fend for themselves in obtaining an economic base, and they did so by the private accumulation of land and cultivators.
James B Palais	Aristocratic-Bureaucratic Balance in Korea 	Thus what was wrought by the transition from Koryo to Choson was the modification of the Koryo ruling class. The ownership of land and slaves, the renting of land to tenants, and the acquisition of wealth from office salaries and emoluments still provided the economic base of the ruling class, but now the success in the states civil service examinations became more important for maintaining family status. Achievement in examinations did not, however, lead to the disappearance of the hereditary principle. On the one hand it resulted in the weeding out of some families from positions of wealth and prominence in society, even branches of the dominant clans, while in other cases continued success in the examinations led to the perpetuation of clans if not families as bureaucratic aristocrats for the whole five hundred years of the dynasty.
James B Palais	Aristocratic-Bureaucratic Balance in Korea 	As David Johnson pointed out in his study of the Tang, even though such an elite might not be deemed a pure aristocracy because it was not based exclusively on blood or birth, the opportunity provided by the examinations for renewal of prestige had the effect of prolonging the fortunes of individual families. Johnson did not want to call this elite an aristocracy because the criterion for its existence and continuation was not exclusively blood, kinship, or male primogeniture, but I see no reason for not doing so. In Korea (or China) aristocracy may not have been dissociated from degree-holding or officeholding, but the opportunity to recharge ones family batteries every so often made it difficult to eliminate the aristocracy, at least in Korea. Despite the existence of downward mobility, Wagners studies have shown that a remarkably small percentage of clans were responsible for a high percentage of examination success, that some of these clans remained prominent to the end of the dynasty, and that despite legal opportunities for upward mobility through the examination success, there were only a few newcomers into the class of examination passers (let alone high official families) throughout the dynasty.
James B Palais	Aristocratic-Bureaucratic Balance in Korea 	A situation similar to the Tang by which aristocratic clans maintained their positions by adapting to the examination system prevailed for a much longer period of time than in China and this occurred in a very different intellectual and institutional context. In the Tang period Buddhism and Taoism overshadowed Confucianism, and the examination system was only partially responsible for the recruitment of officials. The Choson period in Korea was the age of both the examination system and Confucianism as in the Sung, but this situation did not result in the elimination or leveling of the aristocracy as in the Sung. It is the point of this article that the effect of Confucian thought on Korean society was to create the hybrid form of bureaucratic aristocracy. The contradictory egalitarian and hierarchic emphases in Confucian thought reached a natural accommodation in an aristocratic bureaucracy, a solution that might not satisfy pure logic but could be tolerated by human beings who are often quite willing to put up with some contradiction.
James B Palais	Aristocratic-Bureaucratic Balance in Korea 	We have thus far traced the evolution of Korean society to the point where a balance between aristocratic and bureaucratic elements was achieved with the aid and influence of Confucian thought. Before turning to the question of how and why that balance of forces in Korean society was perpetuated to the end of the Choson dynasty, we must turn our attention to China to see whether Confucianism could have played a similar dual and contradictory role first in the creation of an aristocratic society, and then in modifying it with the recreation of bureaucratic institutions. It will be argued that despite differences of time, place, and circumstance, Confucianism did play such a role in China. If the effects of Confucianism on two different societies were similar, this should lend support to the view that to some extent Confucianism could act on society in a way independent of socioeconomic forces alone. Furthermore, in order to contrast the Chinese experience with the Korean, the factors involved in the transition from the aristocratic/bureaucratic balance in China to despotism and the emergence of the gentry will be explored. We will then return to a discussion of the later Choson dynasty to explain the persistence of this balance in contradistinction to the Chinese historical experience.
James B Palais	Aristocratic-Bureaucratic Balance in Korea 	CONFUCIANISM, ARISTOCRACY AND BUREAUCRACY IN CHINA: LATE HAN TO SUNGEven though the responsibility for the creation of centralized bureaucratic despotism in China is usually laid at the feet of the Legalists of the Chin state, the fact remains that in China Confucianism was supported by the state during the two Han dynasties and Confucians courteously reciprocated by providing ideological support for imperial rule. Society was not aristocratic in the Han era, and aristocracy did not emerge until the collapse of both the Han empire and the dominant position of Confucian thought in the late second century. Aristocracy arose in the subsequent age of Buddhism and Taoism when governments were relatively weak and unstable.
James B Palais	Aristocratic-Bureaucratic Balance in Korea 	The adoption of the examination system based on Confucian learning in the Sui and Tang began a gradual reduction of aristocratic autonomy by introducing the meritocratic principle into the system of bureaucratic recruitment. The reconstitution of complex bureaucracy throughout a unified China, along with the use of the equal-field system of land distribution and reciprocal tax and military service obligations inspired by the ancient Confucian well-field model of political economy (although limited in scope) also reduced the autonomy of the former aristocratic families. They continued to dominate society but mainly as bureaucrats, as explained earlier.
James B Palais	Aristocratic-Bureaucratic Balance in Korea 	In the transition to the Sung and after, the increased reliance on the examination system augmented the dependence of the salaried bureaucrat on the state and the vulnerability of the official vis-a-vis the emperor. When the power of the early aristocratic clans was eventually broken, a new elite, the gentry, emerged as the dominant class in Chinese society. The twin supports of gentry power were private land ownership and degree-holding, a pattern which remained until the end of the Chʻing dynasty. In the Sung, the most powerful families were also estate owners who relied on either serf or commoner tenant labor. But by the Ming and Chʻing, semi-feudal serfdom disappeared and was replaced by landlord/tenant relations, hired labor and the small peasant proprietorship. After the social, political, and economic leveling of the old aristocracy had taken place, the gentry of the later dynasties found themselves more dependent on degree holding and officeholding for their prestige, wealth, and status, and these factors were controlled by the emperors. After Mongol rule, the increase in the arbitrary and despotic behavior of the Ming emperors toward their now humbled officials appeared to transcend the bounds of normality and propriety. Since these trends were accompanied by the Neo-Confucian revival in the Sung and the attainment of a dominant position in intellectual life by Confucian (if not exclusively Neo-Confucian) ideas up to the early twentieth century, it would appear possible to attribute centralization, bureaucratization and despotism, in large part, to Confucian thought and influence.
James B Palais	Aristocratic-Bureaucratic Balance in Korea 	Some scholars, however, have argued forcefully that despotism was to be explained by other factors. Mote argued that the despotism of the Ming emperors could be explained in terms of individual personality and the institutions established to control potential rivals and rebels. De Bary insisted that it was the Confucian critics of Ming despotism such as Huang Tsung-hsi 黃宗羲 who best represented the Confucian tradition. Even if we were to regard the despotism of the period from Mongol rule on as antithetical to the Confucian spirit or ideal of government, hence not a product of Confucianism, it still could be argued that Confucianism had certainly contributed to the increased centralization of the Sung by helping to shift power from hereditary aristocrats to the state bureaucracy. Of course, there were other factors beside Confucian thought that contributed to this shift, such as the conscious attempt of Sung emperors to prevent the rise of regional military commanders and the fragmentation of imperial power that had accompanied the fall of the Tang, the rise of commerce and industry, education, and urbanization, and shifts in population that created a more diversified society and weakened the power of a landed aristocracy, and the constant threat of invasion from foreign enemies that created a sustained need for concentrated political power.
James B Palais	Aristocratic-Bureaucratic Balance in Korea 	Obviously there are difficulties in attempting to support the view that Confucian thought was the main factor either in the creation of despotic imperialism or in the replacement of aristocratic bureaucracy. It could just as easily be argued that Confucianism contributed to the limiting of monarchical power by its emphasis on the moral basis of government and the need for remonstrance against despotic behavior. Furthermore, Confucianism could and was also used at times to justify hereditary status, support local control by elders and established families, and modify rational meritocracy by personal consideration of kinship, friendship, patron/client relations, and reciprocity in the dispensation of favors. The reason why Max Weber coined the term patrimonial bureaucracy was undoubtedly because of what appeared to him to be these non-rational features of the Chinese bureaucratic system inspired in large part by Confucian thought. If, then, Confucianism contained these patrimonial elements, might we not be justified in assessing the contribution of Confucianism to the formation of aristocracy in Chinese history?
James B Palais	Aristocratic-Bureaucratic Balance in Korea 	Aristocracy, of course, did not emerge in Chinese society out of some primordial tendency to assign hereditary status according to an earlier inner-Asian tribal tradition, as may have been the case with the bone-rank system of Silla. Hereditary aristocracy and the creation of fairly rigid status categories for commoners, base persons, and slaves was more a product of late Han and early third century Chinese society than it was an alien feature of nomadic and tribal conquerors. In fact, the aristocratic and hereditary principles of social organization reached their heights in the Chinese Southern Dynasties rather than in the non-Chinese regimes that dominated north China after A.D. 304. There is some doubt whether the centralizing trends that were brought to fruition in the Tang could have been achieved by the Chinese themselves, without the hybrid context or dual aspects of alien Chinese society in the northern dynasties. The Northern Wei rulers, for example, were establishing the equal-field system and the three chiefs system of centralized local control at the same time they were trying to reestablish rules of status and aristocracy devised by the Chinese under the nine-rank (chiu-pʻin 九品) system of A.D. 220 and after.
James B Palais	Aristocratic-Bureaucratic Balance in Korea 	According to a number of scholars, Confucian thought and mores had much to do with the origin of aristocratic society. Most agree that the great families of the Later Han (the hao-tsu 豪族) played a major role in the constitution of the Northern and Southern Dynasties aristocracy, but the hao-tsu were not simply large landowners or slaveowners. Some have emphasized that they constituted family units based on Confucian ethical concepts of filial piety, respect, and cooperation rather than simply microcosms of the authoritarian state. Kawakatsu Yoshio has stressed the role of the Confucian moralist opponents of eunuch and consort domination of the Later Han court in the mid-second century A.D. in the formation of the third century aristocrats. That is, after the purge of the Clear Stream Faction (Chʻing-liu) 清流 from the court, many returned home to the countryside and became leaders of local communities, some of which were organized for defensive purposes against predatory warlords of the period. Even though the recommendation system of the Han, used for recruiting men into the bureaucracy, was implemented by local officials, it was still based on the theory of face-to-face evaluation of local worthies by village elders according to Confucian criteria of ethical reputation and behavior. The spirit of the recommendation system was carried over to the nine-rank system of the Wei dynasty in the early third century. Local rank (hsiang-pin 郷品) was assigned to local families by special investigatory officials (chung-cheng 中正) from the capital who also assessed individuals for rank on the basis of Confucian moral criteria and the consultation of the opinion of local elders. These ethical criteria of status were converted before long into inherited marks of family status which stamped Chinese society at least through the end of the Tang as aristocratic, despite advances made at the center in imperial power and bureaucratic organization.
James B Palais	Aristocratic-Bureaucratic Balance in Korea 	There are others who argue that aristocrats were nothing more than parasitic bureaucrats, that aristocrats were created by free riders who only too willingly abandoned their loyalties to the defunct Han dynasty to benefit from service in the governments of a rapid succession of usurpers, military commanders, or alien invaders, from Tsao Tsʻao 曹操 on. I would argue against this proposition because an elite of parasitic bureaucrats need not result in an hereditary aristocracy at all, and also because the institutional origin of aristocracy in the nine-rank system was explicitly based on a very Confucian idea—the evaluation of talent and capability by the local or village elders on the basis of Confucian standards of behavior. Even though the conversion of a Confucian recommendation system to one of hereditary aristocracy can be regarded as a perversion of Confucian ideals, much as despotism could be regarded as a perversion of the Confucian ethic of loyalty, it still appears to me that the aristocratic perversion was more compatible with real life Confucianism than the despotic perversion.
James B Palais	Aristocratic-Bureaucratic Balance in Korea 	Confucian political philosophy after all condoned separation and distinction between fathers and sons, princes and subjects, and rulers and ruled. Even the ideal well-field land and tax system of the Mencius, Chou li and other early texts presupposed a kind of bureaucratic feudalism in which the feudal king maintained his capital administration with a full staff of functionally differentiated officials, while the feudal lords had their own domains in the outer regions of the empire. The ideal state of the ancient tradition was not really the totally leveled or egalitarian society; it was one in which wealth was to be a reflection of moral worth. This ideal was not aristocratic because the hierarchies of wealth and status in society were not supposed to be inherited automatically, and for that reason some Confucians tended to regard hereditary aristocracy as a distortion of the true Confucian message. Nevertheless Confucians helped produce aristocracy in the Northern and Southern Dynasties period in China despite the contradiction with pure ethical theory, and in terms of ideal structure aristocracy was not that far from the idealized Chou model.
James B Palais	Aristocratic-Bureaucratic Balance in Korea 	Chinese Confucianism clearly contributed to the formation of aristocracy in the southern Chinese dynasties during the Six Dynasties period. The southern regimes were not capable of creating either the equal-field system or the fully centralized and bureaucratic state. In the north, however, Confucian thought contributed more to centralized bureaucratic developments. There the Confucian-educated local elite preserved their ideas in the context of village society, while the state was run by non-Chinese invaders, and they sought to use impersonal means of achievement and recruitment to challenge the monopoly over government by aliens. They also reached back to the fundamental texts of Confucianism such as the Mencius and the Chou li to promote the increase of state power and the liberation of the peasants from private control by schemes of land limitation or state ownership and distribution. These trends resulted in the sinification of the Northern Dynasties, the adoption of the equal-field system, the establishment of the examination system, the weakening of the hereditary aristocracy, and the growth of imperial power by the Sui and Tang dynasties. While it is true that it took alien rule to recreate the well-field ideal in the Northern Weis equal-field system, Confucian thought provided inspiration for recentralization. The point is not to attribute all things to Confucian influence on society, but to illustrate that Confucianism contained contradictory elements—aristocratic and bureaucratic, hierarchical and egalitarian—that might result in a society in which a balance was achieved between opposites. This balance occurred in the Tang and also in Choson Korea when Confucian thought achieved unchallenged domination.
James B Palais	Aristocratic-Bureaucratic Balance in Korea 	CONFUCIANISM IN THE AGE OF ARISTOCRATIC BUREAUCRACY IN KOREA: FIFTEENTH THROUGH SEVENTEENTH CENTURIESThe aristocratic tradition, or more accurately the merging of aristocratic and bureaucratic traditions, in the Tʻang was destroyed after the Sung, but it was created belatedly in Korea in the fifteenth century and remained in operation until the twentieth century. This does not mean that there were no changes in the political and social system of Choson Korea or that there were no tensions between social reality and Confucian idealism. Remember that the balance between ascriptive and inherited status on the one hand and achievement and bureaucratic merit on the other was a compromise resulting from contradictory tendencies inherent in Confucian thought, and not the achievement of an ideal Confucian social order of perfect harmony. Whereas the Chinese in the Ming and Ching dynasties had to fight against absolute, arbitrary and despotic authority in the form of the imperial institution, as well as struggle against the routinization of institutionalized procedures such as the eight-legged essay, idealistic Korean Confucians took issue with the adverse effects of hereditary status in politics and society. Korean Confucians also had to struggle against arbitrary despotism, but it appears that they won a victory with the deposing of Yonsangun in 1506. Otherwise, the main political problems were the so-called merit subjects (kongsin 功臣) of the fifteenth and early sixteenth century (bureaucratic politicians rewarded for their political loyalty), the hereditary factions of the late sixteenth through early nineteenth century, and the power of the consort aristocratic families of the nineteenth century. The main social problems were the entrenched economic power and tax-exempt privileges of the yangban 兩班 aristocrats, and discrimination against slaves, commoner peasants, clerks and specialist officials, and even the illegitimate sons of the aristocrats.
James B Palais	Aristocratic-Bureaucratic Balance in Korea 	The effects of Confucian-inspired institutional reforms at the beginning of the Choson dynasty were not one-dimensional. The examination system had introduced an element of achievement and merit into the recruitment process but time proved that family status, marriage relations, inherited status and wealth tipped the scales in favor of established yangban clans. The sense of clan identity and family continuity was reinforced by the Confucian emphasis on patrilinearity and the patriarchal family so by the sixteenth century the leading symbol of the age became the chokpo 族譜, the clan genealogy that constituted tangible proof of an individuals membership in a class of superior men. A limited number of yangban clans, identified as in the Northern and Southern Dynasties period in China by the place name of the progenitors residence (what Johnson dubbed choronyms), produced the majority of examination passers in the dynasty right through to the end of the nineteenth century. Whether in or out of office, these families increased their family fortunes by agriculture, landownership or landlordism.
James B Palais	Aristocratic-Bureaucratic Balance in Korea 	Furthermore, no sooner had the Confucianized, bureaucratic state been established in the late fourteenth century than it adopted a set of more restrictive rules than had been used in Koryo to limit opportunities for office to the lower classes. Not only were slaves, artisans, merchants, shamans and entertainers prohibited from access to examinations and office, but chances for upward mobility for local hyangni families were closed off and their status and support was reduced. Technical specialists in the bureaucracy were also converted into hereditary class of minor officials (chungin 中人), and discriminatory prohibitions were instituted against illegitimate sons of yangban. Slavery was left intact; there was no attempt at all in early Choson to eliminate the most debasing form of status discrimination. In Koreas truly Confucian age Confucianism had become the ideological tool of the aristocratic bureaucrat, the rational justification of a class of yangban officials and landlords, and not the means for leveling society and destroying discriminatory status barriers. Men like Yang Songji 梁誠之 in the mid-fifteenth century defended social discrimination on moral grounds, and there were many others like him throughout the dynasty.
James B Palais	Aristocratic-Bureaucratic Balance in Korea 	If such men misconstrued the true message of Confucian social thought, why were Confucian ideas so susceptible to this kind of distortion? If the bureaucratization of monarchical power, and the creation of a more egalitarian distribution of wealth are taken as the expected results of Confucianization, then the accomplishments of Confucianism in the transition to the Choson dynasty were discouraging. What was produced in that age—the compromise between ascription and merit, discrimination and opportunity, rigidity and mobility—was in fact a product of the contradictory emphases found within Confucian thought.
James B Palais	Aristocratic-Bureaucratic Balance in Korea 	Once all educated men had become Confucians sometime by the middle or end of the fifteenth century, Confucianism had divided into its practical and idealistic components. Practical Confucianism was the property of all those who sought service in the state bureaucracy or increased their family fortunes by agriculture, landownership or landlordism. These bureaucratic aristocrats succeeded in maintaining themselves, at least as a class if not always in individual cases, at the expense of the power and authority of the kings and the state, so that by the end of the nineteenth century when Korea faced extinction, the state had few resources with which to defend the nation against the foreign threat. And when the end came in 1910, many of the hereditary elite protected themselves against destruction by accepting titles from the Japanese or maintaining their landed possessions under the new regime.
James B Palais	Aristocratic-Bureaucratic Balance in Korea 	The other component of Confucianism was the idealistic or contemplative and philosophic branch of Confucian thought and practice. As early as the fifteenth century, those Confucian scholars and intellectuals disappointed by the real-life compromise between Confucian ideals and political reality rusticated themselves and turned to the study of Neo-Confucian metaphysics and sought to perpetuate their high ideals through education and instruction. As in the Sung, the idealists deplored the routinization of the examination system, the domination of the government by political hacks, and the destruction of royal virtue by the usurpation of King Sejo 世祖 or the despotism of Yonsangun 燕山君. These rusticated idealists were as much opposed to the excesses of hereditary aristocracy as to despotic royal authority. They obtained a brief chance to implement their theories under the leadership of Cho Kwangjo 趙光祖 after Yonsangun had been deposed but when Cho and his supporters were purged in 1519, it appeared to mark a setback for the forces of idealistic Confucianism, those who wanted to create a state of virtue and an aristocracy of sages. It did not mean the defeat of Neo-Confucianism in the area of general education, philosophy, or even politics, and some historians think that the rusticated idealists of the late fifteenth century (the so-called sarimpa 士林派 or forest of scholars) emerged victorious in the political realm in the mid-sixteenth century because the greatest of the ages Neo-Confucian scholars, Yi Hwang 李滉 (pen name, Toegye 退溪) and Yi I 李珥 (pen name Yulgok 栗谷) took their places as regular officials at court.
James B Palais	Aristocratic-Bureaucratic Balance in Korea 	The victory of Neo-Confucianism at court was marred by the concurrent appearance of pernicious bureaucratic factionalism in the late sixteenth century. Factionalism was not new to Korea or China, and there were several varieties of it. The Confucian purists of the end of the Later Han, the Tung-lin 東林 Party of the late Ming, and the opponents of He-shen 和珅 in the Chʻing fought against the illicit power of the eunuchs, consort relatives, or imperial favorites as did their counterparts among the Yi Songgye group in the late fourteenth century and the Cho Kwangjo group in the early sixteenth century in Korea. Korean factionalism after 1575, however, was closer to the Sung variety, with two differences of degree. The Sung factions were divided as much by different points of view on the best methods of carrying out institutional reform as by personal conflicts, and the policies of Wang An-shih often became the focus of political division. However, in the period after 1575 in Korea, factions became hereditary organizations with their own separate labels. Inheritance of factional affiliation was not absolute since schism occurred frequently, but in many cases the opprobrium of the seventeenth century continued to haunt the descendants of these men to the nineteenth century. Factional animosity became particularly intense in the century after 1660 as several major purges were carried out.
James B Palais	Aristocratic-Bureaucratic Balance in Korea 	Confucianism was both directly and indirectly involved in the development of political factionalism. The controversy over mourning rites that spawned the conflict between the Westerner Faction (Sõin 西人) of Song Siyol 宋時烈 and his Southerner (Namin 南人) opponents in the mid-seventeenth century was a product of an orthodox environment of thought and practice in which the rules of ritual performance were no longer means to the end of social harmony and decorum, but a reflection of right understanding of a fixed code of belief. The private academies became centers of factional organization and viewpoint identified as much by their position on metaphysical questions as by their hereditary affiliations with scholars and officials. Factionalism in scholarly circles was in part a product of Korean Confucian metaphysics because the giants of the sixteenth century Neo-Confucian philosophy had spent much of their time attempting to assess the relative importance of principle (i 理) and material force (ki 氣) in the composition of the universe and all its parts. The fundamental, interpenetrating, and holistic aspects of these two elements were recognized in the sixteenth century, but the debate over which took priority led eventually to two separate schools, one that stressed principle and the other material force. This tendency had also existed in China, but it was never so strong nor so intimately tied to politics as in Korea. This dominant trend in intellectual life in Korea was hardly a progressive force, for it did not lead to any new formulation of fundamental Confucian views, let alone a transcending of or departure from Neo-Confucian orthodoxy, despite the appearance of a few critics. It probably did not cause bureaucratic factionalism, but it reinforced it and helped perpetuate it into the nineteenth century. The main effect of hereditary factionalism on the aristocratic elite was to introduce another line of discrimination into the aristocracy as a whole, relegating descendants of stigmatized factions either to minor posts in the bureaucracy or to lives of rusticated hardship.
James B Palais	Aristocratic-Bureaucratic Balance in Korea 	The dominance of Chu Hsis Confucian thought in the sixteenth and seventeenth centuries contributed to the rather rigid distinctions of social and political life of that time. Or if the forced association of ideas with personalities, labels, families, and academies was rather the offshoot of a society with atavistic tendencies toward ascription and discrimination, then it is obvious that Confucianism was unable, despite its monopoly over intellectual life, to overcome the endemic preference for kinship, status, and personal patron/client relations in Korea. The inheritance of political affiliations and philosophical positions was as contradictory to idealistic Confucianism as pure despotism or aristocracy, and yet it persisted in the real world of Korean Confucian society.
James B Palais	Aristocratic-Bureaucratic Balance in Korea 	SOCIOECONOMIC CHANGE AND THE SOCIETY OF THE EIGHTEENTH AND NINETEENTH CENTURIESIn the last twenty years there has been an important trend among some Korean historians who have argued that significant changes were occurring in economy and society after the Hideyoshi and Manchu invasions, changes that signified a major transition to capitalistic economic relations. The advocates of this thesis hold that the expansion of domestic commerce broke the bonds of the licensed monopolies and resulted in more unlicensed merchants in rice and other commodities. Surplus production created a demand for a better medium of exchange than bags of grain or bolts of cloth, and the government was forced to mint coin and put it into circulation. Peasants became managerial in their outlook (i.e., profit-maximizing) and sought to increase their production and profits with the result that the rigid, hereditary social stratification of the past broke down and produced more upward (and downward) mobility in terms of both wealth and status. And hired wage labor began to replace feudal tenancy arrangements. In other words, as some historians have been arguing recently for China from the late Ming on, the sprouts of capitalism emerged spontaneously within Korean society even prior to the impact of the world market or Western imperialism in the middle of the nineteenth century.
James B Palais	Aristocratic-Bureaucratic Balance in Korea 	These trends have been exaggerated. While it is true that some of the economic changes outlined above did occur, the degree of change was much less than some claim because even by the end of the nineteenth century the urban and commercial population was minuscule compared to the rural population engaged in agriculture, industrial production was not particularly advanced either in terms of technology or quantity of production, transportation remained woefully backward, and foreign trade was severely limited.
James B Palais	Aristocratic-Bureaucratic Balance in Korea 	By the nineteenth century the degree of urbanization, non-agricultural production, and domestic and foreign trade was far below levels reached by China in the Sung dynasty. What had taken place was a minor increase in production for the market, the relaxation of the licensed monopoly system, some increase in the use of copper money and possibly some increase in agricultural production beyond population growth. Nevertheless, despite the quantitative limitations, qualitative changes were taking place. The important questions from our perspective are whether these changes had any effect on the structure of society, particularly on the balance between aristocratic and bureaucratic elements, and what role Confucian thought had to play in the new developments.
James B Palais	Aristocratic-Bureaucratic Balance in Korea 	I take it as undeniable that the expansion of production and the role of the market in the economy along with an increase in the non-agricultural sector will result in the growth of cities, merchant, industrial and service classes, and the gradual weakening of the agrarian landed base of hereditary aristocracy. No matter how strong the power of traditional Confucian biases against private profit and the merchant class, Confucianism would have been swept away or more likely modified to accommodate economic growth if that economic development had been of sufficient strength. Economic growth did in fact begin to weaken the old status and class structure and did also cause certain Confucian scholars to give thought to the benefits of commercial activity. Because the government restricted foreign trade through its defensive seclusion policy, and because the class of bureaucrats and aristocrats were so well served by agriculture and landlordism, the majority of the elite were not disposed to encourage the economic and social liberalization of Korean society. The social results of limited economic change were thus a weakening of status and class barriers among the lower orders of society—the slaves, tenants and commoner peasant proprietors—and even some blurring of the status lines between hereditary yangban and commoners as some of the old yangban families fell below the poverty line and some commoners became wealthy peasants or landlords. However, there is no evidence of any major influx of new blood from the lower orders into the ruling class. Even after the abolition of the examination system in 1894, the members of the new style bureaucracy were still drawn from the old elite families.
James B Palais	Aristocratic-Bureaucratic Balance in Korea 	The economic changes of the last two hundred years of the Choson dynasty were not of sufficient magnitude to break down the balance between aristocratic pedigree and recruitment by civil service examination. On the contrary, one could argue that by the nineteenth century, the opportunity for office had been reduced because of the discriminatory effects of hereditary factionalism and because of the domination of high ministerial positions by the relatives of consort clans like the Andong Kim 安東金, Pungyang Cho 豊壤趙, and Yõhùng Min 驪興閔.
James B Palais	Aristocratic-Bureaucratic Balance in Korea 	There was, however, a response in Confucian thought to the changes in the society wrought by invasion and commerce. Even prior to the Hideyoshi invasions (1592-1598) and Manchu invasions (1627, 1636), landlord/tenant relations and bureaucratic corruption had reduced the peasantry to poverty and even servile status. Tax exemptions for the yangban, both licit and illicit, had caused shortages in revenue for the state and shifted burdens inequitably onto the commoner peasant. Exemptions from military service for aristocrats had weakened the national defense force. After the invasions, the government had to resettle peasants on the land, rebuild agricultural production, increase the tax revenues of the central government, and reconstitute the national army. The crisis stimulated renewed interest in the practical affairs of statecraft, just as landlordism and a foreign threat had resulted in the reform movements of Wang An-shih in eleventh century China and of Yi Songgye in late fourteenth century Korea. As on those occasions, some Confucians began to respond to the challenge by shifting their attention to practical problems of statecraft and social and economic affairs, apparently unaware that a similar movement was occurring in China at the same time. This movement in intellectual life has been dubbed the school of practical learning (sirhak 實學), and some scholars have recently been giving it credit not only for achieving a mid-dynasty restoration but also for beginning a new trend in Korean thought toward modern scientific rationalism and empiricism and national self-consciousness.
James B Palais	Aristocratic-Bureaucratic Balance in Korea 	These sirhak writers were responding to the crisis caused by wartime destruction, national financial shortage, peasant poverty, and the dislocations of a growing market. In so doing they took note of the obstacles to national strength and popular welfare posed by landlordism, slavery, and hereditary aristocracy. Kim Yuk 金堉 in the early seventeenth century sought to introduce metallic currency from China and he masterminded the conversion of the local product tribute levies from payments in kind to a system of government purchase from the market (the taedongbōp 大同法). Members of the Namin, the faction that spawned some of the greatest statecraft thinkers in the late Choson dynasty, attempted a reform program during their brief stint at court between 1689 and 1694. In the eighteenth century, scholars like Yi Ik 李瀷, Yu Suwon 柳壽垣, and Chong Yagyong 丁若鏞 (pen name, Tasan (茶山)) called attention to the idle, unproductive, and privileged yangban landlords and the injustice and inequality of tenancy, slavery, and tyrannical bureaucratism. Their writings had some effect on the real world as modifications were made in the rules for the inheritance of slave status by 1731 and some reforms were instituted in the military system in 1750. Some Confucians like Pak Chiwon 朴趾源 and Pak Chega 朴齊家, members of the so-called Northern School of Learning (Pukhak 北學), advocated an increase in trade and commerce as a means of breaking out of economic backwardness, a development that marked a freeing of at least some minds from the rigid parameters of archaic Confucian Physiocracy.
James B Palais	Aristocratic-Bureaucratic Balance in Korea 	The anti-aristocratic criticisms of the Sirhak scholars represented the idealistic strain of Confucian statecraft thought. These reformers were not simply attacking the aristocracy and social discrimination because they stood in the way of economic progress or the development of commercial capitalism; they also obstructed the construction of an ideal society based on the rule of the truly virtuous. These Sirhak writers were the Korean counterparts of the late Ming and early Chʻing opponents of imperial despotism in that neither could stand the compromise achieved between Confucianism and the predominant social and political forces in their respective countries. But the Sirhak thinkers were an intellectual minority that were unable to overcome the prevalent views of the educated majority who were not only not disturbed by hereditary status but even regarded it as a proper manifestation of Confucian principle in social life.
James B Palais	Aristocratic-Bureaucratic Balance in Korea 	Unfortunately, these promising developments in the eighteenth century were blocked off by reaction. When Christianity was proscribed in 1801 (the same year that all official slaves were manumitted), the death knell was also rung on Confucian reformism because of the connections between Christianity and Western learning with members of the reform movement. The reaction against Christianity and Western learning in the early nineteenth century was accomplished by a shift away from active reform to a defensive conservatism. Solutions to the problems of bureaucratic corruption, landlordism, peasant poverty, and national financial and military weakness were ignored as Koreans hunkered down in trepidation behind the barriers of Chinese protection and a closed-border policy, hoping that the attention of the predatory Westerners would pass them by. It was then that the patrimonial proclivities of the aristocratic/bureaucratic structure came to the fore as court politics were dominated by specific yangban clans tied by marriage to the royal house. Only when the whole system was in immediate danger of collapse because of the imminent threat of foreign invasion and peasant rebellion in the early 1860s was the government spurred to undertake a reform program under the leadership of the Taewongun.
James B Palais	Aristocratic-Bureaucratic Balance in Korea 	The reform program of the 1860s brought to the surface once again arguments for bureaucratic rationality and state planning at the expense of the hereditary aristocracy. But reform and the foreign threat also elicited a conservative response in defense not only of Neo-Confucian orthodoxy, but also of the socioeconomic status quo. Conservatives like Yi Hangno 李恒老 and Chʻoe Ikhyon 崔益鉉 were defending a way of life based on a combination of inherited status and meritocratic recruitment that produced a ruling class dominated by families of eminent and longstanding pedigree. Confucian moral principles and the emphasis on education in the Choson period had acted as a leaven on older aristocratic traditions, but it had not leveled society. Whatever weakening of the status structure of society that had occurred had been wrought by the forces of economic growth, but these were too meager to have a major effect on the ruling class, and the Chinese defensive umbrella protected the system until 1894. For that matter, while some Confucians became protonationalists and fought against colonialism, the aristocratic/bureaucratic landlords were probably the most successful of the various social classes in making the transition to the period of colonial rule in the early twentieth century.
James B Palais	Aristocratic-Bureaucratic Balance in Korea 	The longevity of this kind of ruling class—an aristocracy that had to be renewed by maintenance of Confucian learning and continued success in the examinations and officeholding—was in part a product of the importance attached to blood and kinship throughout all of Koreas recorded history. The effect of Confucian ideas on the aristocracy of blood was to weaken it by introducing additional criteria of educational merit, but not to destroy it altogether. It produced the aristocratic/bureaucratic hybrid that remained dominant to the twentieth century not only because of the ancient emphasis on kinship in Korean society, but also because of the inherent tendencies in Confucian thought that balanced notions of virtue, merit, and equality with respect for status and social distinction. In fact, once Confucianism was established as the dominant system of belief and philosophy, it was used to justify inherited status and the narrowing of the ruling elite by hereditary factionalism. The balance between hereditary aristocracy and centralized bureaucracy had been broken down in China after the Tang in favor of imperial despotism, but in Korea the same balance achieved in the early Choson period was threatened by a resurgence of hereditary ascription and the reemergence of aristocratic society. It was checked by the beginnings of commercial activity, the disruptive effect of foreign invasion, the threat from the West and pressure for centralization of authority to bolster national defenses, and the egalitarian tendencies in Confucian thought itself which emerged in the writings of the practical reformers. These conflicting tendencies neutralized one another and prevented a major shift either toward royal despotism or pure aristocracy. In Korea from the fifteenth to the twentieth centuries, the apotheosis of the bureaucratic Confucian state was achieved and preserved in its natural agrarian setting, and the essence of that society, or at least its ruling class, was a balance between rational bureaucratism and hereditary aristocracy, a reflection of contrary elements in Confucian ethical and social thought.
Sixiang Wang	Beneath the Veneer - The Practice of Diplomacy 	In 1395, Choson envoys presented gifts of horses to the Ming Prince of Yan (the future Yongle emperor). When his father, the Hongwu emperor, learned of this, he had the Choson envoys apprehended and exiled to Yunnan. He charged, “[H]ow could the King of Choson [be allowed to] have private relations?”¹ This statement recalled an adage in the Record of Rites (Liji 禮記) that asserted “subjects of others do not have out- side relations”[人臣無外交] lest he acquires for himself two lords.² This notion of sovereign monopoly over foreign contact manifested in two similar but distinct idioms: the avoidance of private relations (K. sagyo, C. sijiao 私交) and the injunction against “outside relations (K. oegyo, C. waijiao 外交). Their coexistence also points to a latent tension in Choson-Ming diplomacy. Investiture formalized the Choson king as the Ming emperors subject, a point reinforced in the diction of diplomatic memorials and imperial decrees alike.³ So if his status as a Ming subject is to be taken literally, it would seem to disqualify Chosons king from conducting foreign relations altogether. But if the Choson king were really a Ming subject, why should contact between him and another Ming subject be forbidden under this scheme?⁴
Sixiang Wang	Beneath the Veneer - The Practice of Diplomacy 	This seeming incongruence has more to do with how these words are used in modern East Asia than how diplomacy worked in the fifteenth and sixteenth centuries. Its resolution requires revisiting what was meant by outside relations.” As oegyo, it is the cognate term in East Asia for diplomacy in the modern sense of the word. Chosons emissaries were certainly conducting diplomacy” with Ming, in the technical sense that they were carrying credentials (diploma) from one court to another, but there were important differences. Neither the Choson nor the Ming courts maintained a dedicated organ for foreign affairs, as is typical in the modern nation-state system. For instance, the Ming Messengers Office 行人司 dispatched messengers to rulers of distant kingdoms, imperial princes in the provinces, and local officials. Visiting dignitaries were handled by various agencies under the Ministry of Rites (C. libu 禮部), the same ministry that managed all matters of ceremony. Meanwhile, the Choson courts own Ministry of Rites (K. yejo 禮曹) administered relations with Jurchens, Ryukyuans, and Japanese under the framework of “neighborly relations” (kyorin 交鄰).⁵ On both institutional and discursive levels, the operant distinction was not one between the “domestic” and the foreign.” Instead, it was a relative framing of inner and outer” that intersected with a hierarchical distinction between the Ming emperor as universal sovereign and the Chosons king as his vassal. Through synecdoche, this subordination meant the Choson state was the “small country” (sobang 小邦) to Ming, the “superior state (sangguk 上國). So even if the Hongwu emperor treated relations with Choson as “outside relations, it did not preclude him from arrogating the authority to detain and punish its envoys.
Sixiang Wang	Beneath the Veneer - The Practice of Diplomacy 	Behind the imperial claim to universal authority was anxiety over blurred boundaries and murky loyalties. Notwithstanding Hongwus injunction against personal “outside relations (and true to the emperors fears), imperial personnel did prove pliable to cooptation. One reason was simply how frequently Choson embassies traveled to Beijing. Choson envoys traveled to Ming 1,118 times over 200 years of active diplomacy between the two courts. Between the three regular annual missions, embassies also traveled across the Yalu to handle royal and imperial succession; render gratitude; petition the imperial throne; resolve border conflicts; escort captives, shipwrecks, extradited criminals; and present gifts, including live tribute, both animal and human.⁶ In contrast, imperial envoys visited about once a year in the first half of the fifteenth century and only once or twice every decade by the sixteenth century.⁷ Because coming to court” 來朝 established the Ming capital as an axis mundi, the proportional increase in Chosons burden has been interpreted as a decline in reciprocity and therefore an increasing hierarchical distance between the Ming emperor as universal ruler and the Choson king as his vassal.⁸
Sixiang Wang	Beneath the Veneer - The Practice of Diplomacy 	These envoy missions indeed enabled Korean access to trade goods and political legitimacy, but a valuable third resource—information- should not be neglected. Commercial goods, smuggled for private gain, rarely benefited official coffers, while the royal need for imperial legitimation was most keenly felt only when withheld. Information, on the other hand, was what allowed diplomacy to function. Like their counterparts in early modern Europe, Korean envoys conducted honored espionage, but rather than doing so via resident legations,⁹ the precursor to permanent plenipotentiary representation in modern diplomacy, they did so through ad hoc embassies.¹⁰ Traveling overland over 3,000 Korean ri (roughly 1,200 km) in forty or so days from Seoul to Beijing, a single embassys total time in Ming territory could easily approach 100 days (see map 3). With a baseline of three missions a year, a Choson embassy was in Ming territory for about half the calendar year. From the perspective of intelligence gathering, the slow pace of foot travel only offered more opportunities.¹¹
Sixiang Wang	Beneath the Veneer - The Practice of Diplomacy 	The information flow was also augmented by the envoy missions organization. Official statutes required the embassys secretary (sõjang-gwan 書狀官) to keep records and submit reports of what they have seen and heard in their sojourn.¹² In general, the chief envoy and his vice envoy stayed with the mission for its entire duration, but their staff, especially the official interpreters (tongsa 通事) accompanying them, enjoyed more flexibility. ¹³ One could be detached from the embassy to travel back to Seoul in advance to relay these reports, allowing the court to react quickly to urgent news. ¹⁴ Once the “advance interpreter” (sõllae tongsa 先來通事) reached Choson territory, he could cover the distance between Ŭiju and Seoul on horseback in as little as three days.¹⁵
Sixiang Wang	Beneath the Veneer - The Practice of Diplomacy 	Frequent and regular embassies to Ming also afforded advantages to the Choson court. They could cultivate ties with imperial agents: precisely the kind of “private” and “outside” relations the Hongwu emperor deplored. To illustrate how these arrangements worked in practice, the chapters in part II turn to the rise and rule of Yi Yu 李瑈 (1417–1468), Great Prince Suyang 首陽大君.¹⁶ Better known to history as Chosons King Sejo, Suyangs dramatic rise and bloody reign still incite controversy today, but less commonly appreciated is his agile use of diplomacy, first to take the throne (chapter 3) and later to prosecute his vendetta against his northern neighbors (chapter 4). His cooptation of Ming institutions, imperial personnel, and diplomatic discourse was fairly typical of Chosons rulers, but where Suyang stood out was how nakedly instrumental his appropriation of empire had been.
Sixiang Wang	Beneath the Veneer - The Practice of Diplomacy 	Dynastic crises have a way of heightening diplomatic communication. Each time a throne changed hands, an embassy traveled between Ming and Choson. In 1449, there was one such crisis at the Ming court. The Oirat leader Esen Taishi (1407-1454) destroyed the Ming army at Tumu 土木 and captured Emperor Yingzong 英宗 (r. 1436-1449, 1457-1464). Esen tried to blackmail the Ming court with his captive emperor. Rather than give in, Ming officials installed Yingzongs younger brother on the throne as the Jingtai emperor 景泰 (r. 1450-1457).¹ Another such crisis was Prince Suyangs usurpation of his nephew Yi Hongwi 李弘暐 (1441-1457), known to history as Tanjong 端宗 (r. 1452-1455). The two crises set off a flurry of embassies, whether to announce accession, bestow investiture, render gratitude, or send tribute, making the 1450s one of the most active periods of Choson-Ming diplomatic contact, and an opportunity to illustrate how much the balance of agency was in the Choson courts favor.
Sixiang Wang	Beneath the Veneer - The Practice of Diplomacy 	Before Ming had decided how to announce the Jingtai accession, Choson learned about these events from its returning envoy (see table 3.1 for a timeline). King Sejongs court worried that the conflict would spill over to Mings northeast frontier and put Choson in danger, although news that Esens armies traveled westward instead allayed those fears. Defense preparations were suspended as a result.² The court also mulled the proper diplomatic response. At first, it resolved to mourn the emperors abduction, but historical and statutory texts offered no guidance for such an exceptional turn of events. It settled on dispatching two separate, parallel embassies. This way they could maintain a separation between auspicious and inauspicious occasions: one embassy to congratulate the Jingtai accession and one embassy to present condolences for the Mings recent misfortune. But then, unconfirmed reports arrived stating that Yingzong had returned to Beijing and would soon be restored to the throne. If true, both embassies would have to be recalled. A courier traveled post haste to catch up with the already departed congratulations embassy, instructing it to remain at the frontier town of Ŭiju until further notice. Meanwhile, an official interpreter traveled to Ming Liaodong to verify the news. Only when it was determined to be false did the embassy proceed.³
Sixiang Wang	Beneath the Veneer - The Practice of Diplomacy 	A steady flow of new information allowed the Choson court to adjust its diplomatic posturing. When the Ming capital was in Nanjing, the journey could take up to three months each way. The capitals move to Beijing in 1421 shortened the travel time between the capital to Seoul to about one month each way. This compression of time meant that a traveling embassy could relay a message about major events at the Ming court well before their disclosure through official channels. In the fifth month of 1452, the Jingtai emperor deposed his nephew as heir apparent in favor of his son. In this case, the Ming did not dispatch an envoy to inform Choson until early in the seventh month, but Choson already dispatched an embassy to congratulate the newly crowned prince by the middle of the sixth month, over one month before the Ming emissary even crossed the Yalu into Choson.⁴ The Chosŏn court learned of these developments two weeks before the Ming embassy even left Beijing, only twenty-two days after its occurrence. This information, relayed by an embassy still on the way back from Beijing, allowed Choson to quickly inform another embassy, already en route to the Ming, to alter the wording of its documents to change the recipient of the gifts to the new crown prince.⁵ Meanwhile, Choson prepared another embassy to congratulate the Ming on the princes investiture.⁶ The result was virtual prescience; Choson could almost bend space and time to give their diplomats room to maneuver.
Sixiang Wang	Beneath the Veneer - The Practice of Diplomacy 	Choson could not match the Mings size or power, but it did retain an advantage in the flow of information.⁷ This was the advantage Suyang exploited in his dealings with Ming. In 1452, Suyang traveled to Beijing to render gratitude” (saŭn 謝恩) to the Ming court for investing his teenage nephew, Tanjong as Chosons new king, known to history as Tanjong 端宗 (r. 1452-1455). Upon his return, he seized power and eventually the throne for himself, a path to kingship littered with the corpses of high officials, his princely kin, and eventually the nephew he deposed.⁸ But Suyang did not merely take the throne. He also did so with Mings blessings. As this chapter argues, Suyangs path to the throne cannot be understood without an appreciation of how pliable the instruments of empire were in the hands of a savvy agent.
Sixiang Wang	Beneath the Veneer - The Practice of Diplomacy 	After the Tumu debacle, Ming needed to proclaim the accession of the new emperor and his new reign era, Jingtai, across its realm and to its vassals. Choson learned from its traveling envoys that bearing this proclamation to Korea would be Ni Qian 倪謙 (1415-1479), expositor-in-waiting of the Hanlin Academy 翰林侍講, accompanied by vice envoy Sima Xun 司馬恂 (?−1466).⁹ When Ni arrived in Choson shortly before the New Year, he was dismayed to discover that neither the Choson king, Sejong, nor his crown prince (the future King Munjong 文宗 r. 1450-1452) would receive him. Both, according to his Korean minders, were bedridden with illness, a claim that only invited his suspicion. He feared that because of the recent incidents,” Choson might now harbor a second heart” [輒懷二心], one that entertained grander political or ideological designs than Ming could tolerate. ¹⁰
Sixiang Wang	Beneath the Veneer - The Practice of Diplomacy 	Indeed, failing to meet the king would have placed the envoy in dire straits. The imperial emissary had to proclaim the edict to the correct recipient, even on pain of death, as one Ming envoy to Champa later discovered.¹¹ Ni Qian avoided this sorry fate. Prince Suyang, as the next most senior member of the royal family, offered to conduct the reception ritual in his fathers stead. To safeguard against possible accusations of dereliction, Ni detailed in the travelogue his efforts to demand Chosons compliance while speaking glowingly of Suyangs performance and the Choson courts sincerity” in serving Ming.¹² Thanks in part to Prince Suyang, Ni accomplished his mission. He wrote a travelogue documenting the affair and returned with poems written in his honor by Choson courts most eminent literati, Sin Sukchu, Chong Inji 鄭麟趾 (1396–1478), and Sõng Sammun. ¹³
Sixiang Wang	Beneath the Veneer - The Practice of Diplomacy 	Shortly after Ni Qians departure, in the spring of 1450, Suyangs father, King Sejong, passed away. His successor, the sickly Munjong, ruled barely two years before leaving the throne to his son Tanjong. When Tanjong received Ming envoys bringing his patents of investiture 1452, his uncle Suyang again discharged state functions by entertaining the visiting envoys.¹⁴ Through his interactions with Ming emissaries, Suyang built a reputation among Ming officials, but it was his personal embassy in 1452 on to seek imperial investiture of the nephew he eventually deposed that burnished his image as a loyal vassal in imperial eyes.
Sixiang Wang	Beneath the Veneer - The Practice of Diplomacy 	The quality of surviving sources muddles the circumstances of the 1452 embassy.¹⁵ After the death of each king, a committee of venerable officials compiled the Veritable Records 實錄 of his reign, a text meant only for the eyes of posterity. ¹⁶ But Suyangs embassy occurred during the reign of his nephew. The Veritable Records for Tanjongs reign, properly called the Chronicles of Prince Nosan 魯山君日記 (referring to Tanjong by his princely rather than royal title) were left to be compiled not by the court of his chosen successor but the very individuals who conspired in his demise.¹⁷ The exact dates of compilation are unknown, but it was most likely completed alongside King Sejos Veritable Records during the reign of Suyangs grandson, Sõngjong 成宗 (r. 1469-1494). Their compilers would have had every reason to cast Suyang in a positive light; the projects supervisors were Sin Sukchu and Han Myonghoe 韓明澮 (1415-1487), among Suyangs chief supporters and the architects of his fateful coup.¹⁸
Sixiang Wang	Beneath the Veneer - The Practice of Diplomacy 	According to the Chronicles of Prince Nosan, Suyang volunteered himself when the court debated whom to dispatch for the 1452 mission. His enemies, his younger brother Great Prince Anpyong 安平大君 (Yi Yong 李瑢, 1418-1453) and two of the state councilors, Hwangbo In 皇甫仁 (?-1453) and Kim Chongso 金宗瑞 (1383-1453), disapproved. Suyangs advisers also believed his absence from court would leave an opening for his enemies to act. Suyang prevailed over these objections. He even convinced Hwangbo In and Kim Chongso to send their sons along with him.¹⁹ Hwangbo and Kim might have thought it helpful to have eyes and ears on Suyangs mission, but Suyang intended to use them as hostages-as long as their safety was in his hands, Hwangbo and Kim would not act while Suyang was abroad. ²⁰
Sixiang Wang	Beneath the Veneer - The Practice of Diplomacy 	After a number of send-off banquets thrown by the court, royal kinsmen, and high-officials Suyang departed from Seoul on the twelfth day of the tenth month.²¹ Over the next thirty or so days, they proceeded gradually through the waystations and settlements dotting Koreas western coast. At Pyongyang and the frontier town of Ŭiju, they rested and met local officials who entertained them with banquets. ²² His correspondences and interactions with Chosons elite previewed what opportunities this trip provided for the ambitious prince—not so much the logistics of conspiracy but symbolic ascendancy: Suyangs arrogation of royal destiny. ²³
Sixiang Wang	Beneath the Veneer - The Practice of Diplomacy 	Accompanying Suyang on his mission as his scribe was Sin Sukchu. Sin had traveled on many occasions to Ming on behalf of King Sejong. Not only was he a seasoned diplomat, he also possessed what was becoming a rare skill among Choson civil officials-competence in spoken Chinese.²⁴ Sin was already known in Ming court circles as one of the Choson literati who exchanged poems with the Ming emissary Ni Qian in 1450.²⁵
Sixiang Wang	Beneath the Veneer - The Practice of Diplomacy 	The diary Sin kept did not survive, but it was likely the basis of the Veritable Records account of Suyangs mission. A dubious piece hagiography, many of its details strain belief, but some historical value can still be extracted, if it is read simultaneously as a post facto retelling in service of Suyangs legitimation and naively as a factual record of his journey. Likewise, no surviving fifteenth-century envoy travelogue features a day-to-day accounting of an embassys journey, but reading the Veritable Records account of Suyangs journey alongside more detailed early sixteenth-century accounts allows a composite impression of the quotidian matters of what the embassy was like.²⁶ What really happened will remain elusive, but what symbolic, cultural, and social resources Suyang appropriated during his journey will become abundantly clear, as will his method for transforming diplomatic encounters into political resources.²⁷
Sixiang Wang	Beneath the Veneer - The Practice of Diplomacy 	Before crossing the Yalu River with his entourage, Suyang rested in Ŭiju for at least a few days. When he crossed, likely after lunchtime, an interpreter was dispatched ahead of the main body to deliver what was euphemistically called injong 人情, gifts for cultivating personal feelings with Ming officials. In return, the Korean entourage received lodging, transportation, and provisions, including even poultry and livestock for meat.²⁸ In the following days, Suyang kept order within his ranks, impressing onlookers as they followed the chain of waystations in Liaodong. The embassy traveled between thirty-five and eighty ri a day, but not every stopover was at a waystation. At times, the entourage camped out or holed up at private residences, including the estates of Ming local officials, which after repeated visits by Korean embassies became their regular stopovers (see map 3).²⁹
Sixiang Wang	Beneath the Veneer - The Practice of Diplomacy 	After eight days, the entourage arrived in Liaoyang, the seat of the Liaodong Regional Commission 遼東都指揮使司, the highest-ranking Ming office in the region. There, the Chinese gathered like a wall, all to take a glimpse at [Suyang] while the Jurchens looking from afar called him a Buddha” impressed by his bearing. Ming officers tried to intervene to no avail: even when a hundred batons came down to clear the road, the crowd would not disperse. At a banquet held in his honor, his decorum and composure also earned the admiration of Regional Commissioner 都指揮使 Wang Xiang 王祥(?-1457), who chided his subordinates for failing to measure up to Suyang in grace and bearing. Through the rest of the journey from Liaodong to Beijing, Suyang received poems, gifts, and words of praise from all those he encountered.
Sixiang Wang	Beneath the Veneer - The Practice of Diplomacy 	As frequent travelers in these waystations, Korean embassies relied on Ming locals, particularly the military, for their speedy conduit. The passing years only thickened these ties. When Wang Xiang died in 1457, Choson sent envoys to offer condolences and present gifts to defray the funeral expenses. Even decades later, in 1533, Choson ambassadors stopped by Wang Xiangs tomb to pay their respects.³⁰ When a Choson embassy was waylaid by bandits in 1478, likely a Jurchen raiding party or a company of Ming deserters, the Liaodong commissioner dispatched a punitive expedition to hunt them down. When the embassy returned from Beijing, the Liaodong commander showed the chief Korean envoy the severed heads of the culprits.³¹ No wonder then that Ming officers occasionally sought Chosons help in their official careers. Later that year, Regional Commander Han Bin 韓贇 (?), soon to be sacked from this post, implored a passing Choson envoy to have the Korean king submit a favorable report to the emperor of his “ability to defend against Jurchen incursions as a last-ditch attempt to keep his job.³²
Sixiang Wang	Beneath the Veneer - The Practice of Diplomacy 	In Liaodong, ties bound by injong or “personal feeling crossed into realms of official concern. As one Choson high official put it, Liaodong was the source of “all information related to the Central Court.”³³ Here, even sensitive matters concerning Ming court politics and border disturbances passed from Ming military officers to a Korean embassy.³⁴ News, although valued, was not always reliable. One Choson envoy Chong Hwan 丁焕 (1497-1540) accused a Ming officer of passing along false information in hopes that his embassy would share with him some of their oil paper. Chõng was undoubtedly frustrated because, by then, his entourage had already exhausted their own supply from these incessant requests. ³⁵
Sixiang Wang	Beneath the Veneer - The Practice of Diplomacy 	After Liaoyang, the next major stop on Suyangs embassy was Shanhai Pass, the gateway into the Ming interior. There, in the words of one Choson traveler, they could gaze northward to the Great Wall, which cutting across the foothills, rose and fell with the landscape, its shape like a white dragon curled in wait, overlooking the great sea in all its boundless expanse.³⁶ At this vital threshold, the official in charge, a secretary appointed by the Ministry of War 山海關兵部主事, could expect a share of Korean largess. At times refined objects, rather than commodities, sustained this relationship. When Kang Hŭiyon 姜希顏 (1417-1464), a Korean official known for his calligraphy and painting, passed by the area, he made a gift of his work to the secretary Yang Ju 楊琚. When Kang Hŭiyons younger brother Kang Hŭimaeng 姜希孟 (1424-1483) traveled to the same road years later, he brought with him a poem of his brothers to give to Yang, who treated him exceptionally well during his stay.³⁷
Sixiang Wang	Beneath the Veneer - The Practice of Diplomacy 	State-to-state relations overlapped with personal ties, and so too did the line between friendly exchange and outright corruption become blurred. In 1461, a Choson emissary returned with requests of stationery by the same Yang Ju and of composite bows by Dong Xing 董興, the regional commander of Guangning 廣寧總兵. Chosons high officials rebuffed Yangs requests because of his “low rank” but complied with Dongs because Dong directly managed matters [pertaining] to our country [i.e., Korea].”³⁸ Although these gifts violated Ming prohibitions against trading weapons, they were still rather commonplace. Choson even granted an informal request for deerskins, composite bows, and over 100 arrows for the Liaodong commissioner.³⁹ That said, several months later, the court rebuffed a similar request made by a son of a Liaodong military judge. ⁴⁰
Sixiang Wang	Beneath the Veneer - The Practice of Diplomacy 	As personal feelings proliferated over time, they created the obligation of more gifts commensurate with the thickening ties, opening the door to graft and extortion. Each passing embassy, each favor from the Liaodong military became an economic opportunity.⁴¹ Personal feelings also provided cover for a burgeoning clandestine trade lucrative for all who traveled to Ming under official auspices, including Chosons envoys and interpreters.⁴² In the reign of Suyangs grandson, Songjong 成宗 (1469-1494), Koreas censors lambasted these practices as a source of moral corruption and a burden on the Korean waystation system, which relied on surplus labor in the form of corvée to function.⁴³ But in the face of these protests, Sin Sukchu, who had been Suyangs scribe in the 1452 mission, retorted: “When traveling these many thousands of leagues, how can we dispense with personal feelings [萬里之行 豈無人情]?⁴⁴
Sixiang Wang	Beneath the Veneer - The Practice of Diplomacy 	To the seasoned diplomat, the routinized quid pro quo had not debased some preexisting system-it was the system. Later diplomatic handbooks such as the seventeenth-century Compendium of the Interpreters Bureau (Tongmungwan chi 通文館志) included comprehensive, standardized lists of items, the so-called personal feelings earmarked for imperial officials along the tribute path.⁴⁵ Actual exchanges unlikely conformed to the letter of the rule, for any number of gift exchanges easily exceeded the prescribed quantities.⁴⁶ Nonetheless, formalizing these practices through clear precedents reflected a desire to draw, distinguish, and enforce a boundary between acceptable practice and a breach of custom, even if the line was more often than not fluid and indeterminate.
Sixiang Wang	Beneath the Veneer - The Practice of Diplomacy 	Once in the Ming capital, the Korean embassy usually stayed at Yuhe Hostel 玉河館, one of two residences in Beijing housing envoys from abroad.⁴⁷ There, its envoys might exchange poems with sojourners from Ryūkyū and Vietnam if the timing of their embassies coincided. ⁴⁸ Suyang encountered only a company of yain 野人(literally, “men of the wilds), likely Jurchens living along the Choson frontier. Throughout the fifteenth century, their leaders received ranks and titles from the Choson court if they came to present their tribute; in this case, the leaders of the yain promised to pay their respects to Suyang again once he returned to Korea. An older fellow even exclaimed in delight that he had the good fortune to see a living Buddha” in person before his death.⁴⁹
Sixiang Wang	Beneath the Veneer - The Practice of Diplomacy 	These, and other encounters, underscored Suyangs effect on all those who met him. The Veritable Records mentions several banquets held in Suyangs honor, including an official welcoming reception 下馬宴 and a send-off party 上馬宴, usually hosted by a minister of the Ministry of Rites.⁵⁰ In the fifteenth century, the envoy was also received at the residence of imperial eunuchs, usually natives of Korea who were sent as tribute to Ming as children.⁵¹ The envoy Yi Inson 李仁孫 (1395-1463), who went several months after Suyang to Beijing, was feted at the residence of Yun Pong 尹鳳 (fl. The 1430s-1460s), then the highest-ranking Korean eunuch at the Ming court. ⁵² The account of Suyangs embassy makes no mention of such a meeting, a conspicuous omission whose significance will be noted later.
Sixiang Wang	Beneath the Veneer - The Practice of Diplomacy 	The banquets became another opportunity to showcase the effusive admiration Suyang earned from his hosts. He declined offers of musical entertainment because the mourning period for his brother, Munjong, had yet to end. He also refused gifts, explaining “a virtuous man 君子 loves men for their virtue, not their wealth.” Impressed, one of Suyangs hosts explained that he had adorned the banquet table with plum, bamboo, and pine because they, as symbols of virtue, befit a virtuous man like Suyang. The mission culminated with the imperial audience in the Forbidden City, but even there, Prince Suyangs steady virtue inspired the spontaneous admiration of all around, much as the wind bends the grass before it. When Suyang entered the palace grounds, the eight elephants moved back several steps in unison.”⁵³ Meanwhile, Suyangs regal aura fostered convenient misunderstandings over his exact identity. Ming officials began to address him as “king” (wang 王) or “your majesty” (C. dianxia 殿下), titles appropriate for Ming princes, but in Korea they were properly reserved for the ruling monarch, not a mere prince envoy. With even canny beasts susceptible to his charisma, these likely innocent mistakes were treated as spontaneous reactions to his virtue, casting a beam of royal destiny on Suyangs person.⁵⁴
Sixiang Wang	Beneath the Veneer - The Practice of Diplomacy 	Despite this regal aura, Suyang still took care not to outshine the spotlight on his loyalty to Ming. When imperial gifts arrived, the Ming official in charge asked Suyang to remain seated out of deference to his royal status. He also suggested that Suyang need not perform the rites of obeisance personally, and it would suffice if one of his underlings did the kneeling and prostration in his stead. Suyang refused. He declared gifts from the emperor ought to be received in person and performed these gestures himself. The Ming officials who witnessed this performance exclaimed, “The son of the Choson king is a scion of noble essence.” His wisdom and virtue far surpass the average person, and he was in all ways superior to another foreign prince from the Burmese kingdom of Hsenwi, whom they dismissed as “nothing extraordinary.⁵⁵
Sixiang Wang	Beneath the Veneer - The Practice of Diplomacy 	The Veritable Records underscores the extraordinariness of Suyangs comportment. It was fairly typical, however, for how a Choson envoy was expected to behave. Official histories and unofficial miscellanies (chapki 雜記) alike relate anecdotes about how the mien of many an envoy could impress a Ming observer with their understanding of ritual. Once, Han Myonghoe received a gift of wine from the Korean king in the presence of Ming officials. When the messenger bearing the libation first arrived, Han bowed four times before taking his seat. When the messenger raised the cup to bequeath it to Han, he again prostrated before receiving it. As in Suyangs case, Han Myonghoes actions confused Ming Chinese observers, for whom the rite was unfamiliar. But once the Korean interpreter spelled it out as a way to pay obeisance to a rulers gift, his actions became legible as an embodiment of ethical character and moral intent. A Ming Confucian scholar who witnessed Hans act sighed in praise and remarked that Choson was indeed, as others have said, a country of propriety and righteousness.⁵⁶
Sixiang Wang	Beneath the Veneer - The Practice of Diplomacy 	Han Myonghoe did not necessarily perform for imperial eyes, but it was precisely the vocal acclaim of Ming observers that made Hans behavior worthy of note in the Veritable Records. What it documented was the spontaneous response to virtuous behavior, the same trope that was repeated throughout the account of Suyangs trip to Beijing. What set Suyang apart from Han was how these responses augured his eventual accession. Because his virtue was recognizable to barbarians, beasts, and bureaucrats alike, and the naturalness of royal destiny was thus secured, the exact circumstances of his path to the throne became a moot point.
Sixiang Wang	Beneath the Veneer - The Practice of Diplomacy 	Suyang held an archery contest with his men outside the capital gates upon their return to Seoul. Suyang bested his followers. None could hit his mark, while the prince landed seven arrows in a straw man erected 130 paces away. After receiving exhortations to loyalty and righteousness from his deputies (a coded reference to his impending conspiracy), he answered them with a long poem celebrating their journey to Ming. In the last lines, Suyang hinted at loftier political designs: On [my] return, the court and country will be renewed, / and the royal house will be at peace. He then implored his companions to aid [him] in [fulfilling his] ambitions with reassurances that he would not forget the virtuous men” who supported him. The Veritable Records portrays Suyangs coup as a last-resort countermeasure, not planned until the ninth month of 1453, several weeks before he made his move.⁵⁷ But this account of Suyangs embassy and its return speaks with foreknowledge of Suyangs eventual ascent, revealing his coup to be a premeditated act.
Sixiang Wang	Beneath the Veneer - The Practice of Diplomacy 	On the tenth day of the tenth month, Suyang instigated his coup. Assistant State Councilor Kim Chongso and his son were ambushed and killed outside their home. The conspirators also moved swiftly against their allies, killing the Chief State Councilor Hwangbo In. The pretext was that Kim and Hwangbo were plotting to place Prince Anpyong, Suyangs younger brother, on the throne. With the reins of state in hand, Suyang then ordered Anpyongs execution. ⁵⁸
Sixiang Wang	Beneath the Veneer - The Practice of Diplomacy 	Ming records make no mention of Suyangs violent coup or the bloody reprisals that followed. By contrast, Ming palace intrigue and political plots were narrated in the Choson courts official records with salacious detail-poisoners in the seraglio, murderous imperial rampages, and a palace woman who in her dying breath cursed the emperors shriveled penis—reported by returning envoys (and in one case, a repatriated Korean palace woman) who mixed hearsay with their firsthand observations.⁵⁹ Consider also the Korean treatment of roughly concurrent political developments at the Ming court after the Tumu debacle. In 1452, Esen Taishi returned Emperor Yingzong to Ming, but with the throne now in his brother Jingtais hands, Yingzong was placed under house arrest. But in 1457, on the eve of Jingtais death, disgruntled officials stormed the gates (C. duomen zhi bian 奪門之變) of the palace and reinstated Yingzong in a coup; however, Yingzong remained under the thumb of the cabal that placed him in power. In 1461, he faced a coup of his own when the palace eunuch Cao Jixiang 曹吉祥 (?-1461) instigated a military mutiny in Beijing. As historian David Robinson notes, its suppression left several thousand dead on the streets, with eight hundred or so dismembered corpses left strewn and exposed-all details reported by Choson envoys who visited Beijing in the aftermath. For the next three days, it rained, and the water, mixed with blood, flooded the forbidden palace.”⁶⁰ The Korean envoy report made no additional comment, only appending Yingzongs declaration of victory over the rebels.” In response, Choson sent another envoy to congratulate the emperor on his recent triumph, singing the same praises of august majesty and eternal peace as any other memorial would.⁶¹
Sixiang Wang	Beneath the Veneer - The Practice of Diplomacy 	The gap between Korean awareness of Ming affairs and Ming knowledge of Korean politics is again reminiscent of the politics of overattention” and “inattention” characteristic of asymmetrical relations: Choson paid close attention to Ming affairs because Ming was its most important diplomatic partner, while Choson could rarely sustain the Ming courts concerted and focused attention. Even if knowledge of Suyangs coup circulated among Ming officials, it might not have been important enough to enter the empires most authoritative chronicle. But as will be soon discussed (and elaborated upon further in chapter 6), asymmetries of attention explains only so much. There were other factors at work when it comes to differences in how Choson-Ming diplomatic history is represented in Korean and Chinese sources.
Sixiang Wang	Beneath the Veneer - The Practice of Diplomacy 	There is, for one, the distinct style of the early Choson Veritable Records. Verbose, and keen to relate feuds of opinion, Choson records, especially from the fifteenth century, tend to delve into greater detail than the laconic Ming Veritable Records from the same period.⁶² While the Choson Veritable Records took care to present a narrative legitimizing Suyangs rise, it also recounted meticulously the planning, execution, and rationalization of the coup, details that celebrate Suyangs acumen and decisiveness but also undermine the official story of his rise.
Sixiang Wang	Beneath the Veneer - The Practice of Diplomacy 	Another, arguably more critical factor is the attention Choson actors devoted to performing for the diplomatic stage. In Suyangs case, the difference in Chosons domestic records and the diplomatic record shared with Ming could be traced to a version of events Suyangs supporters crafted for Ming consumption. In the coups aftermath, Suyang portrayed himself as his nephews protector, even arranging a marriage for the young king. He dispatched embassies to Ming as usual, including one requesting investiture for Tanjongs new queen in the tenth month of 1454.⁶³ In the fourth month of 1455 arrived a Ming embassy bearing the patents of investiture for her, the first mission since Suyangs coup. The leaders of the embassy were the vice director 少監 Ko Pu 高黼 (fl. 1455-1457) and the palace attendant 內史 Chong Tong 鄭同 (fl. 1455-1480), both Korean eunuchs who had been sent as children to the Ming as tribute.⁶⁴ No extant records speak to prior contact between Suyang and the palace eunuchs (the narrative of Suyangs mission makes no mention of interface with Korean-born eunuchs), but they had entertained no illusions about who was the power behind the throne. To Sin Sukchu, they praised Suyangs wisdom and brilliance, exclaimed that all-under-heaven has heard of Prince Suyang and hoped to visit him before meeting the boy king. Suyang declined the overture and insisted they observe proprieties and see the king first.⁶⁵
Sixiang Wang	Beneath the Veneer - The Practice of Diplomacy 	In the Veritable Records, Suyangs refusal illustrated the princes continued deference to the rightful king. But when Suyang met the eunuchs, the Veritable Records returned to burnishing Suyangs aura of royal destiny, much in the same way as it had done in its account of Suyangs embassy. During their audience with Suyang, Sin Sukchu arrived with liquor to entertain the emissaries. He also brought a letter supposedly written by King Tanjong that claimed Suyang had already been entrusted with the affairs of state after having accomplished great deeds. The emissaries answered that they had come to Choson to witness the loyalty and sincerity of Suyang.” They then turned to Suyang and said: His Majesty [Emperor Jingtai] has said that Suyang has accomplished great deeds. All-under-heaven knows the merit of Suyang. The Emperor knows all of this. How did we hear of this? It was talked about all over at the imperial court, and thus we know of it in detail. All-under-heaven compares Prince Suyang to Li Jing 李靖 (571-649) of the Tang.”⁶⁶
Sixiang Wang	Beneath the Veneer - The Practice of Diplomacy 	With the comparison to the Tang official Li Jing, the emissaries words presented Suyang as a loyal official, competent in both civil and military affairs.⁶⁷ Suyang declined the compliment, crediting the “immense virtue of the Emperor” and the grand fortune of His Highness [Tanjong] for protecting the altars of state. He explained that the rebellious ministers had earned their own deaths and he deserved no merit” in the matter. In the ensuing conversation, however, the eunuchs insisted that nothing could have been accomplished “without Prince Suyang” and the details of what was exchanged during the banquet, along with what the king has said of [Suyangs] merits should be reported to the emperor. Suyang also agreed that this banquet should be made known to the emperor.
Sixiang Wang	Beneath the Veneer - The Practice of Diplomacy 	The words exchanged, as they are recorded, were oblique and suggestive. When Suyang insisted that the banquet be reported to the emperor, he implied the emperor needed to be assured of Suyangs virtues and merit. He was referring to the contents of Tanjongs royal letter, which Sin Sukchu brought to show Suyang acted out of loyalty and with the kings approval. After all, according to his imperial guests, the emperor already knew what had transpired. But it is here that the accounts coherence breaks down. What assurance did the emperor need, if there was already universal recognition of his deeds? During their conversations, the Ming emissaries claimed they had discovered Suyangs coup détat only after the fact. But they also claimed that when Suyang left Beijing, tribute-bearing yain also dispersed. Ming officials, having found it strange, inquired after the reason for their sudden departure. They were told the yain hurried back because they caught word of a rebellion by Prince Anpyong and were worried the conflict would spill over into their backyard.” In the conversation, Suyang concurred with this version of events. While it implied the crisis was imminent, Suyang only moved against his enemies months after his return. If the emissaries retelling were truthful, it would mean the yain possessed a foreknowledge of the impending contest that even Suyang lacked.⁶⁸
Sixiang Wang	Beneath the Veneer - The Practice of Diplomacy 	To reconcile these contradictions, one could accept the Records as is: that Anpyongs intent to rebel was so transparent that it was obvious even to the Jurchens and Ming officials-a convenient justification for Suyang fratricidal reprisal. But how would this information have been transmitted in the first place? One possibility would have been Suyangs own embassy. Suyangs entourage could have spread rumors to this effect to Ming officials and Jurchen tribute-bearers alike, but given that the sons of Hwangbo In and Kim Chongso had accompanied Suyang on this mission, it would have had to be done discreetly, lest they report Suyangs plan back to their fathers. The emissaries either learned the details of the coup détat only after having arrived in Choson, or they were informed by the embassy that Suyang dispatched to request investiture for Tanjongs queen. Regardless of how the Korean eunuch emissaries became privy to the situation, they parroted Suyangs narrative justifying his rise.
Sixiang Wang	Beneath the Veneer - The Practice of Diplomacy 	The evidence for their collusion is indirect but strong. The Veritable Records do not state what, if any, political deal was being hammered out. Eager to curry favor with the new powerholders in Choson, the emissaries brought their most valuable gifts of silk and ivory to Suyang, not the young king.⁶⁹ In return, Suyang provisioned gyrfalcons and other exquisite tribute, items the eunuchs could use to garner imperial favor. He also granted their relatives in Korea emoluments and court ranks.⁷⁰ Chosons kings (see figure 3.1 for Choson royal succession) routinely dispensed these privileges, but this time they did not issue from a regal hand.
Sixiang Wang	Beneath the Veneer - The Practice of Diplomacy 	From the eunuch emissaries, Suyang likely sought support for his accession. Suyang held his nephews abdication rite for the eleventh day in the leap sixth month of 1455, one day after they disbursed titles and honors to the Ming envoys relatives.⁷¹ For the twenty-seventh day of the same month, the Records relates a curious episode. A Ming officer was to return to Beijing ahead of the main body of the embassy. Tanjong, who had in theory already abdicated, invited him for an audience to relate his intent to do so. The boy-king stated: “My uncle Suyang has achieved great things for the state-his virtue and renown make him suitable for taking up such an important duty. I have already asked him to take care of the affairs of state. I now intend to send someone to report this matter [to the emperor].⁷² This entry is undoubtedly compromised by layers of filtering-at this point, Suyang fully controlled the organs of state: the young former king could have been coerced, his words willfully misrepresented, and the entire conversation could even have been fabricated.⁷³ At any rate, two days later, a Choson embassy departed to request permission” from the Ming for the fait accompli.⁷⁴ The rapidity of these developments (a diplomatic mission could take weeks if not months to prepare) could only mean that Suyangs court had long been ready for this moment.
Sixiang Wang	Beneath the Veneer - The Practice of Diplomacy 	It is unclear from the sequence of events represented in the Records whether the eunuchs Ko Pu and Chong Tong were aware of Suyangs orchestration behind the scenes. Regardless, Suyang had secured them as witnesses for his nephews desire to abdicate so that the Ming court would view the transition as legitimate. If the Choson Veritable Records are to be believed, the Ming envoys were yet unaware a royal transition had already taken place. If they were in the know, they would have had to feign ignorance to preserve the integrity of the narrative spun by Suyang and his supporters. Whether they were textual fabrications or political performances, these episodes in the Records still testify to the importance of controlling the narrative for an imperial audience.
Sixiang Wang	Beneath the Veneer - The Practice of Diplomacy 	Suyang maintained a deferent, avuncular presence until the envoys departure. His nephew retained ritual precedence, for instance, in dealings with the Ming envoys.⁷⁵ Without formal Ming recognition for his accession, Suyang refrained from infringing on his nephews prerogatives, at least not in the presence of imperial envoys.⁷⁶ But once they departed and his own embassy requesting investiture was en route to Beijing, Suyang quickly dropped the pretense. Only two days after the eunuchs departure, Suyang donned the royal robes and proceeded to invest his nephew as “Grand Supreme King (Taesangwang 太上王), the honorary title for retired monarchs, and granted the corresponding title to his nephews consort, who had only several months ago received Ming recognition as Chosons queen consort.⁷⁷
Sixiang Wang	Beneath the Veneer - The Practice of Diplomacy 	In the tenth month of 1455, an imperial edict arrived, announcing tentative support of the abdication. The suspicious circumstance evidently raised some red flags in Beijing, for it cautioned the now deposed boy-king to guard against deception by evil words and perfidious designs. But Tanjong was no longer in a position to “investigate the behavior and character of Suyang, as the edict implored him to do. Its closing words, Oh King, be vigilant! Oh King, be vigilant! had come too late.⁷⁸
Sixiang Wang	Beneath the Veneer - The Practice of Diplomacy 	It is possible that the Ming court was aware of Suyangs plotting. Ming eunuch envoys might have reported the circumstances of Suyangs rise, but no firm evidence of that knowledge survives in extant Ming records. Despite the suspicions voiced by the Ming court in the 1455 edict, the Ming chronicles mention only a request for abdication and the imperial courts subsequent approval. The drafters of these edicts and the compilers of these histories were civil officials employed in the imperial bureaucracy, either at the Ministry of Rites or the Hanlin Academy, not palace eunuchs who had the emperors ear. Winning over palace eunuchs did not guarantee support from the Ministry of Rites, and vice versa. But the Ming bureaucracy had no independent channel of information from Choson. Its members would have had no grounds to deny Tanjongs apparently legitimate requests or to overrule the testimony of the emperors agents. In the official Ming record, Tanjong abdicated voluntarily.⁷⁹
Sixiang Wang	Beneath the Veneer - The Practice of Diplomacy 	The Ming edict permitting the abdication referred to Suyang as a temporary overseer of the affairs of state 權署國事.” Suyang still needed recognition as king of Choson through a rite of investiture. Suyang charged Sin Sukchu, the secretary of his 1452 mission, with leading an embassy to request the patents of investiture, royal robes, and seal. Sin Sukchu did not disappoint. On the third day of the second month of 1456, an interpreter from Sins entourage arrived in Seoul to report the imminent arrival of the Ming envoys, Yun Pong and Kim Hùng 金興 (both Korean-born eunuchs), who carried the patents of investiture for Chosons new king and queen. When Suyang received Sins envoy report, he replied with the following: “I have received your report, and I can see that your ardent dedication and deft responses have helped me accomplish this great matter. This has brought me immense joy.” The reports contents do not survive, but whatever Sin had done, it was enough.⁸⁰
Sixiang Wang	Beneath the Veneer - The Practice of Diplomacy 	Once the imperial emissaries arrived and delivered the patents and the imperial proclamation, Suyang had become king in Mings eyes. And like Korean eunuchs who came before, the new ruler, better known to history as King Sejo, granted them numerous requests, including gifts of slaves. He even bestowed an aristocratic choronym, or pongwan, for Yuns relatives. He also helped Yun procure young eunuchs for service in the Ming imperial palace. Nine, along with a gyrfalcon, were selected as tribute. Although chattel, these eunuchs ensured that the Choson courts relationship with the Ming inner palace would continue.⁸¹
Sixiang Wang	Beneath the Veneer - The Practice of Diplomacy 	Sejo also owed much to his support from the officialdom and influential royal clansmen.⁸² For the embassy offering gratitude for investiture, Sejo appointed Han Hwak 韓確 (1400-1456) as chief emissary.⁸³ He had supported Sejos coup as a junior minister of the State Council, for which he was rewarded with merit subject (kongsin 功臣) status and given the third-highest ranking post in the State Council 議政府.⁸⁴ Hans support of Suyang was also unsurprising, given their affinal ties-Hans daughter had married Suyangs son, later the heir apparent. Han was also chosen to lead the gratitude embassy because he was imperial kin.⁸⁵
Sixiang Wang	Beneath the Veneer - The Practice of Diplomacy 	Ties with Ming eunuchs already granted Suyang a channel of communication with the Ming inner palace. Through Han Hwak, the connection went even deeper (see figure 3.2). Two of Hans sisters had entered the Ming imperial harem. The elder married the Yongle emperor but was forced to commit suicide upon his death, following the emperor and his favorite concubines to their early graves.⁸⁶ A second sister, Han Kwiram (C: Han Guilan 韓桂蘭 c.1413-1483), was selected to be a consort of Zhu Zhanji 朱瞻基 (1399–1435), the Xuande 宣德 emperor (r. 1425-1435). Before her departure in 1427, the fourteen-year-old cursed her older brother, accusing him of having sold one sister after another in search of rank and privilege.” She then sliced her sleeping mat in half, to show her resolution in cutting off ties to the family that sold” her.⁸⁷
Sixiang Wang	Beneath the Veneer - The Practice of Diplomacy 	But unlike her older sister, Han Kwiram lived out her natural life. Her husband never graced her chamber, and she continued to serve in the palace, becoming the confidante of Empress Xiaosu 孝肅皇后 (1430-1504), the mother of the Chenghua emperor 成化 (r. 1465-1487). Later, having evidently set aside whatever resentment she harbored toward her natal family, she wielded the influence she possessed as a senior palace woman to support her brother and his descendants, which in time included Sejos heirs.⁸⁸ Because of these imperial connections, Han Hwak enjoyed rare prestige as both a Choson high official and an honorary member of the Ming officialdom. He had been granted a courtesy appointment as vice minister of the Court of Imperial Entertainment 光祿寺少卿 after his first sister became a member of the Yongle emperors harem.⁸⁹
Sixiang Wang	Beneath the Veneer - The Practice of Diplomacy 	After Han Hwaks mission, the Ming court was ready to invest Sejo as Chosons king. With the arrival of the investiture embassy nigh, what remained of Sejos political opposition made a desperate gamble. They planned to disrupt the investiture. A cabal, which counted among its members the scholar-official Song Sammun (the same Song Sammun who had exchanged verses with Ni Qian in 1450 and conducted linguistic research with King Sejong), plotted to oust Sejo when the Ming embassy was still in Choson. If Song and his accomplices had been successful, they could then have approached the imperial envoys and enumerated Sejos crimes and exposed his duplicity. They could have restored Tanjong while using the Ming envoys to bear witness to why the king the emperor was hoping to invest had to be deposed.⁹⁰
Sixiang Wang	Beneath the Veneer - The Practice of Diplomacy 	They failed. The plot was discovered. Sejo had Sõng and his coconspirators arrested and executed. Their final act earned them the collective moniker of the Six Loyal Officials (yuksin 六臣). Song Sammun, in particular, thanks to an apocryphal attribution to the authorship of a vernacular sijo poem, is equated with loyalty in popular historical memory. But their failure to restore the boy-king might have instead ensured his demise. Once the Ming envoys departed, Sejo moved against his nephew. Officials loyal to Sejo petitioned to punish his nephew Tanjong:
Sixiang Wang	Beneath the Veneer - The Practice of Diplomacy 	Disaster and chaos have ensued once again, while the state and dynasty still could not be brought to peace. But heaven impelled the will of the former king [Tanjong] and had the throne pass to Your Majesty [Sejo], which guarded against disaster and chaos. The Emperor too bequeathed the patents of investiture to the eastern palace [of the heir apparent]. How could this have been achieved by the efforts of men? It was the command of heaven and the silent protection of the ancestors.
Sixiang Wang	Beneath the Veneer - The Practice of Diplomacy 	Sejos rule was proclaimed as a dynastic necessity. Ming approval was exalted as divine sanction. Denied, however, were the human efforts and political contingencies that brought him to the throne. The petition then turned the language of imperial sanction against Sejos enemies. It accused the former king,” Tanjong, of collaborating with the cabalists of the already dead Prince Anpyong. Having long heard of their wicked plots, the boy-king stood idle, refusing to expose them for their crimes and villainy.” Tanjong, by turning against his uncle, had “disobeyed heavens command and opposed the wills of men.” Whether “royal kith and kin, the high ministers, the hundred officials, or the commoners, all condemned him. Whether the former kings in heaven or the divinities of the mountains and rivers,” all have abandoned him. Even Ming would chastise him for his misdeeds. In the name of the Yi dynastic house, the common weal, and imperial authority, Sejo sent his nephew into exile.⁹¹ Isolated and vulnerable, the young former king was forced to commit suicide within a year. He was seventeen. ⁹²
Sixiang Wang	Beneath the Veneer - The Practice of Diplomacy 	Ming had effectively become an accomplice to regicide. For this, it had King Sejo to thank. At each stage of his rise to power, Sejo manipulated diplomacy to his advantage. He made the most of Korean connections to the Ming court to secure his political position. In these human networks, the bonds of interest could cut against court-centered loyalties, but personal ties alone could not have brought his plans to fruition. He also hijacked the mechanisms of empire: the symbols of imperial authority, Chosons diplomatic machinery, and the eyes and mouths of Ming ambassadors. To employ them, of course, required the orchestration of entire institutional apparatuses. They were not exactly free-floating resources available for anyone to use at will. In theory the power to call upon imperial resources through diplomacy belonged solely to the Korean king, but as Sejos rise reveals, it could nonetheless slip away from a monarchs hands. Likewise, Choson envoys and interpreters, Ming ambassadors, and frontier military officials also could profit handsomely from diplomatic interchange. In this respect, Sejo just found a way to profit a little more than the others. Even Sejos opponents tried to use empire against him. Though they failed, they too recognized the importance of crafting a narrative that would be palpable to the imperial court to achieve their ends.
Sixiang Wang	Beneath the Veneer - The Practice of Diplomacy 	What the situation looked like from Mings perspective remains a matter of speculation. Sparse imperial records relate nothing about the precise circumstances of Sejos rise beyond what the Choson court had presented. But one need not presume Ming was hoodwinked by Sejos diplomacy to appreciate its effect. Matters of Korean succession were in theory subject to imperial approval, a fiction Sejo worked carefully to maintain. What Sejo successfully demonstrated through his diplomacy was not the legitimacy of his accession but his loyalty to the Ming court. More the better that he also supplied a narrative of his rise that could sit comfortably in the shared diplomatic record.
Sixiang Wang	Beneath the Veneer - The Practice of Diplomacy 	But what did it really mean to be loyal? In Sejos case, loyalty to Ming did not translate into compliance. Indeed, Sejo could be as irreverent toward Ming authority as his politics were beholden to it. The next chapter continues the discussion of Sejos appropriation of imperial authority. As king, Sejos actions continued to generate parallel but contradictory narratives in the historical record, a dissonance that is best appreciated not by forcing harmonization to a single chord but an appreciation of its disparate parts.
Sixiang Wang	Boundless Winds Introduction 	Imperial winds are not bound by limits of the civilized and the barbarian— Why should the land’s lay distinguish one’s territory from another’s?皇風不限華夷界 地理何分彼此疆
Sixiang Wang	Boundless Winds Introduction 	Imperial rule swept like the wind across the landscape. It paid no heed to cultural difference, physical terrain, or political boundaries. All- encompassing and boundless was how the Korean envoy Kwŏn Kŭn 權近 (1352–1409) described Ming (1368–1644) imperial rule in 1396. Presented to none other than the Ming emperor himself, these lines of poetry articulated a formula of imperial sovereignty that would have resonated widely across Eurasia at the time.¹
Sixiang Wang	Boundless Winds Introduction 	Commonplace though it was, the universalizing impulse Kwŏn Kŭn’s couplet expressed was also puzzling. After all, no empire, now or then, could truly be boundless. However grand the horizons of imperial aspiration, given enough time and space, they all reach their inevitable ends. So how seriously should anyone, least of all a historian, take such claims of universal rule? Perhaps court composers like Kwŏn Kŭn indulged in such panegyrics only to quench the yearnings of fragile sovereigns or to impress docile subjects with highfalutin propaganda. But the tension between infinite imagination and finite capacities should not be written off so easily. At the far, western end of Eurasia, it once inspired jurists from several nations to debate Spanish Habsburg claims to world rulership, with long-lasting ramifications for the evolution of international law.² Meanwhile, in northeast Asia, Ming claims of universal rule informed how Korea’s rulers and envoys conducted diplomatic relations with their imperial neighbors well after Ming’s demise in 1644 and into the twentieth century. In both cases, the salience of these imperial claims extended far beyond the immediate reach of the empires that first staked them. Rhetoric, then, was not merely rhetorical.
Sixiang Wang	Boundless Winds Introduction 	THE SHAPE OF EMPIREWhen Kwŏn Kŭn arrived at the Ming court in 1396, he represented the newly established kingdom of Chosŏn (1392–1910). A regime of modest means, Chosŏn ruled a territory and population comparable to Europe’s leading monarchies at the time. Confined to the Korean Peninsula and its neighboring littoral, it was dwarfed by its neighbor, the Ming Empire, on every measurable scale. This problem of having an overpowerful neighbor was not uniquely a Korean one. Across the early modern world, most states were not empires with pretensions to universal rule but instead were ephemeral entities that lingered on their margins or teetered in their midst. Among them, few could boast of centuries of political continuity and autonomy. The 200 years of continuous peace that Chosŏn enjoyed with Ming was therefore no small feat, although it is too easily treated as the natural consequence of Korean acquiescence to Ming political and cultural influence. This book tells a different story, one of how Chosŏn’s investment in the Ming Empire in fact sheathed a subtle diplomatic and cultural strategy, one apparent only when restored to the thick context of its deployment.
Sixiang Wang	Boundless Winds Introduction 	What follows in this book could also be framed as a discussion of how the poetic related to the political in Chosŏn-Ming diplomacy. Critical to the discussion is a recognition that the Ming Empire was not one thing. It was instead a contested idea, even as it acquired broad cachet among Ming imperial officials and Chosŏn elites alike. For instance, Kwŏn’s couplet projected a vision of empire starkly different from the emperor’s own. How the two treated the river that lay between Chosŏn and Ming lands is a case in point. Kwŏn described the Yalu River³ as “a belt” dividing Korea from Liaoyang in southern Manchuria [長江一 帶隔遼陽] only to show how its powers of delimitation had been melted away by imperial influence.⁴ In contrast, the emperor, known best by his reign era Hongwu 洪武 (r. 1368–1398, n. Zhu Yuanzhang 朱元璋), saw the river as an eternal frontier, “demarcated since antiquity” [鴨綠江 清界古封]. With its banks “dotted with ruins of ancient fortresses, the traces of wars between long-gone kingdoms” [漢伐可稽明載冊 遼征須 考照遺蹤], the river recalled past hostilities and threatened new ones.⁵
Sixiang Wang	Boundless Winds Introduction 	The tone of the emperor’s poem was not surprising given decades of strained relations between the emperor and Korea’s rulers. Kwŏn Kŭn’s 1396 mission in fact came at the heels of yet one more diplomatic crisis. The emperor accused Korean diplomatic missives of being “seemingly in accordance with propriety” but in fact “interspersed with carelessness, frivolity, offense, and insult.” He retaliated by detaining Korean envoys and holding them hostage, demanding the Korean king extradited the drafters responsible. Alongside these reactions to the rhetorical slights, whether perceived or actual, the Hongwu emperor also sought to rearrange Korea’s position in the imperial landscape. He had once issued an edict that explained why he refused to grant investiture to Kwŏn Kŭn’s king, Korea’s new ruler. In it, Hongwu explained that “since antiquity,” emperors always distinguished carefully between what was considered within their realm and what was beyond.⁶ Investiture, described in classical idiom as “dividing earth in wrapped reeds” [分茅胙土], apportioned territorial dominion only to subordinate rulers within the “civilizing influence of China 華夏.” Those beyond its bounds were excluded from the rite. Chosŏn’s king was ineligible because his country, Korea, was... separated by mountains and beyond the sea, heaven-made and forged in earth as a country of the eastern barbarians, with conditions distinct and customs different [限山隔海 天造地設 東夷 之邦也 風殊俗異]. If I [as emperor] were to grant to it seals and patents, making it my subject in the witness of ghosts and spirits, would I not be too greedy [朕若賜與印信誥命令彼臣妾 鬼神監見 無乃貪之甚歟]? On this matter I will be more restrained than the Ancient Sage Kings, and have decided [granting investiture] will not be possible [較之上古聖人 約束一節 決不可為]. I have commanded in the past that [Korea’s] rites should follow its original customs, its laws obeying its former statutes. Allow it to assume its own sovereign rule [儀從本俗 法守舊章 令聽其自為聲敎]. If it so desires, it may intercourse with us; if it is indignant, then we will cut off all contact—let things be as how things will be [喜則來[往] 怒則絶行 亦聽其自然].⁷
Sixiang Wang	Boundless Winds Introduction 	In this, and two earlier imperial missives to Korea, the emperor cast “China” as the fountainhead of civilization, a place “where moral norms rested”; Korea, in contrast, was a “barbarian” or yi (K. i 夷) land plagued by usurpation and political intrigue, was ultimately “not to be governed by the Central State 中國.”⁸ For the Ming emperor, who slipped between various registers of identification for the political order he represented—“ Central State” 中國, “China” 華夏, “high antiquity” 上古, “within the civilized fold” 化內—conceived political dominion, civilization, and perhaps even ethnic identity as coterminous and bounded clearly by geography. What was “Chinese” was, therefore, “civilized,” and therefore governable and within imperial dominion. In this formulation, the emperor’s role was to enforce these preternatural boundaries.⁹
Sixiang Wang	Boundless Winds Introduction 	These imperial proclamations spoke to the emperor’s lingering mistrust of his Korean neighbors. It also raised questions about the legitimate extent of imperial rule. By articulating why, in principle, Chosŏn’s king should not receive investiture, Hongwu affirmed Korea’s existence as a separate political entity but also relegated it to a cultural other. He used the term hua (K. hwa 華) to assert a putative equivalence between “China” and “civilization” in contradistinction to yi in all its pejorative senses: alien, barbaric, and marginal. In the Ming emperor’s formulation of hua and yi (“civilized” and “barbarian” might suffice only as provisional translations) Korean political autonomy was premised on Chosŏn lying beyond the pale. But when Kwŏn Kŭn insisted that “imperial winds” should make no distinctions between the “civilized” hua and the yi, did it still make sense to maintain the notion of yi as “barbarian” when the very point was that imperial rule would render such distinctions meaningless?
Sixiang Wang	Boundless Winds Introduction 	The precise valences of the terms hua and yi depended on the context of how they are deployed.¹⁰ Chosŏn Koreans might invoke a universal vision of empire transcending the hua and yi, only to insist in the same breath on a stark, even racialized, divide separating themselves from their Japanese, Jurchen, and Mongol neighbors as barbarian yi.¹¹ Meanwhile, hua could be glossed as cultural “efflorescence,” the spatial home of “civilization,” or simply a stand-in for a political “China.”
Sixiang Wang	Boundless Winds Introduction 	When Chosŏn-Ming users employed the term in compounds such as mohwa 慕華 “admiring efflorescence,” or chunghwa 中華 “central efflorescence,” they could also superimpose all the above meanings.
Sixiang Wang	Boundless Winds Introduction 	A wide semantic range, however, did not mean all uses were equivalent or all meanings conflated. Chosŏn period users, as Pae Usŏng and others argue, availed themselves of this variability to make diverse claims on how Korea related to hua. So when Chosŏn elites called their country So Chunghwa 小中華, the point was not that Korea was “China” in the miniature, but another, albeit smaller center of cultural efflorescence.¹² What was consistent, however, was how hua always marked a target of veneration or emulation, a discursive tool to identify what was culturally and politically legitimate. A quality, rather than ontology, hua was manifested by the Ming court, but that did not stop Chosŏn elites from laying claim to it on their own terms.
Sixiang Wang	Boundless Winds Introduction 	This variation (which explains in part why they yield no consistent equivalents in English) also testifies to the salience of the ecumenical question the terms represented: how cultural boundaries were to be mapped and managed. “Ecumene,” from the Koine Greek oikoumene (οἰκουμένη), refers to the known world or the habitable human realm. When Byzantine emperors (and their early modern Muscovite successors) used it to claim dominion over Christendom’s confessional community, it evoked contradictory horizons: world rulership that is at once universal and expansive yet limited by cultural or religious membership— coherent only if the two are made coterminous, if “true religion” was established in the whole “known world” with church and empire as one.¹³
Sixiang Wang	Boundless Winds Introduction 	An analogous tension suffuses the Chinese term tianxia (K. ch’ŏnha 天下). Suggesting at once universal totality and the political dominion of the emperor, the tension is reflected in the range of English translations attempted for it: “the world,” “all-under-heaven,” “the realm,” or even “the empire,” depending on context and the translator’s interpretation.¹⁴
Sixiang Wang	Boundless Winds Introduction 	Tianxia had no single shape. As Kwŏn Kŭn’s exchange with the emperor suggests, the relationship between imperial power, territorial rule, and cultural difference was a matter of circumstance. When the Mongols “unified all-under-heaven” 混一天下, conquering much of Eurasia in the thirteenth century, they espoused a cosmopolitan vision. They appropriated different religious, cultural, and political traditions as they saw fit, all the while fostering translation and movement among
Sixiang Wang	Boundless Winds Introduction 	them. The Mongol-Yuan (1206–1388) patronage of Confucian literati culture was a case in point. By the early fourteenth century, the Confucian scholars of the empire counted among their ranks men of Mongol, Chinese, Jurchen, Khitan, Uyghur, Tangut, Parhae, and Korean descent. Kwŏn Kŭn’s teacher Yi Saek 李穡 (1328–1396), for instance, had traveled from Korea to the Yuan and passed the civil service exams there, even serving briefly in its bureaucracy.¹⁵ Although the Mongols, after having subjugated the Korean Koryŏ (918–1392) kingdom, limited the ritual prerogatives of its kings, annexed Korean territory, curtailed its institutional autonomy, and “interfered” with Koryŏ’s administration, Korea’s ecumenical membership was not under question.¹⁶
Sixiang Wang	Boundless Winds Introduction 	The ecumenical configuration advanced in Kwŏn’s couplet, therefore, hearkened back to an idealized Yuan-Koryŏ imperial universalism.¹⁷ Kwŏn wished to have his cake and eat it too—that is, to have Chosŏn be both autonomous and belong.¹⁸ Therefore, when Kwŏn Kŭn divested the Yalu River of significance as a boundary separating the “civilized” from the “barbarian,” and charged that imperial influence extended beyond natural barriers, Korea’s inclusion became a demonstration of Ming’s universal reach. But elevating Ming authority to the register of the universal made its territorial claims inconsequential. This transcendence of territorial distinction, far from erasing Korea as a bounded space, preserves its integrity, ironically, by subsuming it under a different scheme of abstraction. Empire was above territory and territory was beneath the dignity of empire.
Sixiang Wang	Boundless Winds Introduction 	RITUAL AND RHETORIC IN THE HISTORY OF SINO-KOREAN RELATIONSKwŏn Kŭn met only limited success during his diplomatic mission. Although he impressed the Ming emperor with his poetry, he neither obtained the patents of investiture for his king nor secured the release of his detained colleagues. After all, what could a few dozen poems, let alone a single couplet, accomplish?
Sixiang Wang	Boundless Winds Introduction 	One purpose of this study is to rethink how efficacy in diplomatic engagement should be appreciated. Addressing specific issues, whether concerning the goods, people, territory, or protocol, was certainly part of any Chosŏn envoy mission. But diplomacy also depended on the cultivation and maintenance of shared frames of reference. Efficacy, in the latter sense, is measured less in whether imperial policies changed at the moment and more in how these frames of reference could be shaped in the long run. Kwŏn’s rhetoric might not have coaxed the emperor into changing tack, but as the discussions in this book will show, it was Kwŏn’s vision of Ming universal rule (rather than the emperor’s) that would dominate Chosŏn-Ming diplomatic rhetoric. In the meantime, the act of investiture, which the emperor had refused to grant even until his death, eventually became a ritual cornerstone of Chosŏn’s diplomatic relations with Ming and its Qing (1636–1911) successor. In the long view, no rhetorical or ritual gesture occurred in isolation as discrete statements. They were instead part of an ongoing conversation about the meaning and purpose of empire, one in which Korea’s place in the imperial imagination played an important role.
Sixiang Wang	Boundless Winds Introduction 	The rhetorical and ritual practices of Korean diplomacy have traditionally been understood in terms of Korean participation in the Chinese “tributary system.” As described by American sinologist John K. Fairbank (1907–1991), in this system China’s rulers managed relations with their neighbors by enforcing recognition of their superiority as a precondition for commercial and political access. This “Chinese (or East Asian) World Order” provided what political scientist David Kang calls the “rules” and “tools” for resolving conflict.¹⁹ Although the paradigm has invited its share of discontent among historians over the decades, it has recently enjoyed a rebirth in international relations studies.²⁰ The difference in enthusiasm can be partly explained by the divergent methodological priorities of different disciplines. While historians tend to chafe at overgeneralization, it is precisely how the “tributary system” is able to generalize compelling, if essentialist, “Asian” and “premodern” counterpoint to the fraying Eurocentric and Westphalian nation-state- based model that makes it useful for scholars of international relations.²¹
Sixiang Wang	Boundless Winds Introduction 	The “tributary system” presents thorny challenges for understanding Korea’s past that go beyond disciplinary differences. If the “tributary system” is “tenacious,” its grasp on Korea is particularly strong, especially considering that historians of other regions of East Asia have largely moved on.²² One reason is the integral role Korea played in establishing the paradigm in the first place. At the outset, Chosŏn relations with imperial China, especially Ming and Qing empires, provided the
Sixiang Wang	Boundless Winds Introduction 	Weberian ideal type for the paradigm, with Fairbank once calling it the “primary example, almost the ideal model, of tributary relations,” and by extension of East Asian diplomacy before the nineteenth century.²³ Granted, there is some historical basis for thinking about Chosŏn as a “model tributary.” Korea’s relations with imperial China, unlike those of other polities, have exhibited remarkable institutional continuity. As historian Yuanchong Wang notes, the “Chosŏn model” provided a template that the Manchu Qing Empire deployed in relations with its other vassals.²⁴ In the meantime, Chosŏn Korean elites who bristled at Manchu domination turned to idealize the previous Chosŏn-Ming relationship as a way to subvert Manchu domination.²⁵ In short, Chosŏn-Ming relations provide at once an idealized representation of the “tributary system” for multiple parties, the historical antecedent for the “tributary system” as a historiographical paradigm, and its case study par excellence. Now the ouroboros consumes its own tail, creating a tautology: the Chosŏn-Ming relationship has become a model for itself.
Sixiang Wang	Boundless Winds Introduction 	This tautology renders the bulk of Chosŏn-Ming history uninteresting. If the scholarly consensus is “the tribute system,” once established, “functioned relatively smoothly until the last decade of the sixteenth century,” what is there really to see?²⁶ Indeed, prevailing narratives of the Chosŏn-Ming relationship are interested either in its early years or its tumultuous last decades. The Imjin War of 1592–1598, when Ming helped Chosŏn fend off an invasion from Japan, is used as a stand-in for Chosŏn-Ming relations as a whole. However, the war disrupted Chosŏn and Ming relations and the larger diplomatic order in East Asia in fundamental ways, and it makes little sense to treat the periods before and after in the same breath. Meanwhile, the Manchu invasions of 1627 and 1636 serve to illustrate the dissolution of Chosŏn’s ties with Ming and the transition to the Chosŏn-Qing relationship.²⁷ The volume of scholarship on these episodes could fill a small library; in contrast, the two centuries of peace between the inception of Chosŏn-Ming ties and the Imjin War (the focus of this book) has been comparatively overlooked.
Sixiang Wang	Boundless Winds Introduction 	This oversight can be blamed on how cultural practices, such as poetry and ritual, fit into the “tributary system” paradigm. Whereas other participants of the “tributary system,” whether Mongol nobles or Japanese merchants, might have paid only lip service, the supposed sincerity of Korean poetic declarations and ritual performances have made it difficult to dismiss the “Chinese World Order” outright—if a Chinese fantasy, it was at least one shared by one of its neighbors.²⁸ Meanwhile, Chosŏn elites’ identification with the cultural ideals and moral values of this order,²⁹ whether attributed to common Confucian culture or Sinocentric ideology (Chunghwa chuŭi 中華主義 in modern Korean or muhua sixiang 慕華思想 in modern Chinese), results in a totalizing explanation that turns all things Chinese and Confucian into a singularity. A host of diverse phenomena—everything from Confucian family rites to diplomatic policy—so long as it was an object of Chosŏn appropriation comes to be touted as evidence of Chosŏn’s “admiration” 慕.³⁰
Sixiang Wang	Boundless Winds Introduction 	The “tributary system” has become a black box: a preexisting, unchangeable entity that Koreans could react to, identify with, acknowledge as legitimate, or occasionally circumvent, but not alter. It naturalizes Korean diplomatic practices as the expected consequence of an imposed “system.” Under this framework, Chosŏn’s ritual and rhetorical activities are at best epiphenomenal reflections of political ideology. They become inert as manifestations of existing hierarchies rather than active processes with “ontological effects” that can “affect material conditions and institutional outcomes.” Because the Chosŏn court expended the bulk of its diplomatic efforts on rhetoric and ritual, however, ignoring their role is to dismiss, a priori, the possibility of Korean agency in this relationship. The result is Sinocentrism and cultural essentialism by default: Chosŏn leaned toward Ming China because it was their ideology to gravitate toward China.³¹ This explanation is as unsatisfying as an Aristotelian teleology, that objects fall because it is their natural tendency to fall. To understand Chosŏn diplomacy, the black box needs to be opened.
Sixiang Wang	Boundless Winds Introduction 	NOT IMPERIAL STATE BUT IMPERIAL TRADITIONIf ritual and rhetoric are conceived as able only to express (but not shape) ideology, then Chosŏn-Ming relations as they unfolded could only be the natural consequence of a shared Confucian culture. Within these parameters, only the stereotype that Korean elites aped Chinese high culture can prevail. But suppose imperial ideology and diplomatic norms are treated as open-ended and dynamic. In that case, Chosŏn diplomacy’s ceremonial and inscriptional practices should be understood not as reflections of reality but as efforts to shape it.
Sixiang Wang	Boundless Winds Introduction 	At this point, a discussion of what this book means by the word “empire” is needed. In common parlance, “empire” usually identifies a large, expansionist state bent on conquest and exploitation.³² This way of thinking about empire is a poor fit, however, for the book’s purpose. Instead of empire as an imperial state, then ensuing discussion will explain why empire is better understood in terms of an imperial tradition.
Sixiang Wang	Boundless Winds Introduction 	Ming was undoubtedly a massive state with expansionist ambitions, especially in its early decades. Even after the cant of conquest sputtered in the fifteenth century, it still ruled diverse peoples and commanded enormous material resources. But neither conquest nor profit adequately explains its interactions with Chosŏn. Ming’s armies never invaded Korea. No agent of Ming authority—not a single soldier, bureaucrat, or administrator—resided in Chosŏn on a permanent basis. In contrast, their predecessors, the Mongols annexed portions of Koryŏ territory, appointed darugaci overseers to supervise Koryŏ’s administration, and integrated the Koryŏ elite through marriage and service.³³
Sixiang Wang	Boundless Winds Introduction 	Ming’s contrast with the Mongol empire in Korea challenges classical typologies of empire as “formal” and “informal.” With domination visible through official, institutional channels, the Mongol-Koryŏ case qualifies as an example of “formal” empire in Michael Doyle’s classical typology, but there was nothing about the Ming-Chosŏn arrangement that was “informal.” Far from concealing Ming domination, the Chosŏn court explicitly formalized it in ritual and discourse. For instance, the formula “Great King . . . of the State of Chosŏn of Ming” [有明朝鮮國 . . . 大王] was inscribed on the tombstones of Korean monarchs.³⁴ Indeed, “empire” was never just about armies, taxes, and revenues. As Chris Bayly once put it, the “attitudes, legends, theories, and institutions” created and perpetuated empire in the discursive and mental worlds of those beholden to it.³⁵ So while the Ming Empire did coerce (in its first century of dealings with Korea, it detained envoys, threatened invasion, and extracted heavy tribute), matters of persuasion, defined by Torquil Duthie as the “administrative and ideological structure for [imperial] subjects to belong to and make sense of their position within the larger world,” took on more significance as time went on.³⁶
Sixiang Wang	Boundless Winds Introduction 	As presaged by Kwŏn’s couplet, Chosŏn mattered less to Ming for the material resources it could extract than the role it played in constructing its imperial imaginary. Given the violence intrinsic to any imperial formation, focusing on the coercive aspect of empire-making is usually a historiographical and ethical imperative, but for understanding the Ming Empire in Korea, it creates a methodological barrier by turning a scholar’s gaze away from where Korean agency was most possible.
Sixiang Wang	Boundless Winds Introduction 	The book therefore needs to anchor its thinking about empire to something other than the idea of an expansive, exploitative state. The very word “empire” appears to foreclose this possibility. After its origins in the Latin imperium, the “authority to command,” carries militaristic overtones and, as Anthony Pagden explains, implies a related sense of absolute, but territorially defined sovereignty, usually under one ruler.³⁷ This sense is captured well by its most conventional equivalent in modern East Asian languages, cheguk 帝國 (C. diguo; J. teikoku). Literally, “emperor-state,” this term, as well as its many connotations, however, is of exogenous origin. It originated as a calque of the early modern Dutch Keijzerryk (or Kaiserreich in German) adopted by Japanese Dutch studies in the early nineteenth century.³⁸
Sixiang Wang	Boundless Winds Introduction 	Absent in East Asian political idiom before then, no one in the period covered by this book would have used this term, let alone conceive of Ming as a cheguk or “emperor-state.” The compound only became part of the official names of East Asian monarchies in the late nineteenth century: Great Qing Empire (Da Qing diguo 大清帝國), Great Nippon Empire (Dai Nihon teikoku 大日本帝國) or Korea’s Great Han Empire (Taehan cheguk 大韓帝國) are all neologisms coined as part of broader adoption of Western symbols of sovereignty.³⁹ As part of this assemblage of new knowledge, represented, for instance, by translations of Henry Wheaton’s (1785–1848) Elements of International Law (K. Man’guk kongpŏp, C. Wanguo gongfa 萬國公法), cheguk or “empire” was just one of many neologisms translated as calques from Western languages. These new terms carried with them connotations of a new international order whose discursive conventions have since fundamentally transformed East Asian political vocabulary.⁴⁰
Sixiang Wang	Boundless Winds Introduction 	The problem of etymology, then, raises important historiographical and methodological considerations. Indeed, it is still nearly impossible to talk about the East Asian past without using these neologisms and
Sixiang Wang	Boundless Winds Introduction 	their embedded references to the modern, Western international system, a disease hardly confined to the ivory tower.⁴¹ All the governments of regions that use or once used Chinese characters—China, Taiwan, the Koreas, Japan, Singapore, and Vietnam—assert “sovereignty” (C. zhuquan, K. chukwŏn, J. shuken, V. Chủ quyền 主權), another late-nineteenth-century calque translation of a concept of international law, which when projected onto distant pasts (or uninhabited islets) inevitably invests them with anachronistic valences and invented histories.⁴² A case in point is how Japan justified its annexation and occupation of Korea by claiming it had always lacked “sovereignty” because of its historical relationship with imperial China. Supposedly evinced by the Chosŏn king’s subordination to China’s emperors, this anachronism served an obvious political interest in the early twentieth century. After Korean liberation in 1945, much of the intellectual energy expended on Chosŏn’s historical relations with China still revolved around recovering some element of Korean sovereignty for the modern nation, usually by blaming the Chosŏn court for disregarding it. With that, the quest for “sovereignty” usually ends abandoned, with the history of Chosŏn diplomacy left in a wasteland of regret and missed opportunity.⁴³
Sixiang Wang	Boundless Winds Introduction 	The problem with modern ideas of “empire” and “sovereignty” is that they embed another anachronism: that empire should be understood primarily in terms of a large territorial state. To formulate Ming imperial authority in this limited way would have been nonsensical. Chosŏn period usage did speak of Ming as a “superior state” (sangguk 上國), but it was also an “imperial court” (or more literally, “august” or “brilliant” court, hwangjo 皇朝)⁴⁴ whose “winds” (as Kwŏn described it in his poem on the Yalu) translated its authority across territorial divides and natural barriers. What made Ming “imperial” was not its territorial mass but how its authority could transcend these divisions. To delimit imperial authority with territory was an oxymoron.
Sixiang Wang	Boundless Winds Introduction 	This incompatibility between Korean conceptions of Ming imperial authority and modern ideas of territorial sovereignty did not mean territorial claims were irrelevant to Chosŏn-Ming diplomacy. In fact, the distinction between Ming as a universal empire with cosmic claims and Chosŏn as a territorial state ruled by a local king was central. This distinction should be pedestrian to any reader familiar with premodern East Asian idioms of sovereignty; nonetheless, it has historically been a stumbling block in attempts to understand Korea’s relationship with imperial China by modern scholars and diplomats alike. As nineteenth-century European and American dignitaries complained, Chosŏn’s special arrangement with Qing China smacked of the “romance and hyperbole” of “Oriental claims to sovereignty.” But how imperial authority is figured Chosŏn diplomatic idiom is only illegible when statehood, sovereignty, and territory are assumed to be coterminous and mutually constitutive (as they are in modern international law).⁴⁵
Sixiang Wang	Boundless Winds Introduction 	The casual orientalism notwithstanding, the reality was territorial sovereignty as a legal regime had only recently come into being, even in Europe.⁴⁶ In the two centuries between Hugo Grotius (1583–1645) and Wheaton, “empire” was conceived differently. In earlier eras, what was the empire for Latinate Europe, the Holy Roman Empire (derided by Voltaire as neither holy, Roman, nor imperial), had little in common, structurally, with these later imperial forms (or with the Ming state in China, for that matter). It did, however, possess a “defining characteristic of empire” that would have made sense to Kwŏn Kŭn. It was, in the words of the historian Peter Wilson, the “absolute refusal to define limits to either its physical extent or its power pretensions.” By the time the term “empire” entered East Asia in the nineteenth century, the word in Europe had largely shed this older meaning of a “world order” and became simply a synonym for a large state.⁴⁷
Sixiang Wang	Boundless Winds Introduction 	That the rhetoric of empire in Chosŏn-Ming relations can seem so detached from the substance of empire, then, has more to do with modern assumptions about the relationships between territory, authority, and sovereignty than how things, in fact, worked in the past. The legacies of these Victorian prejudices aside, there is no fundamental disjunction between East and West, only the consequences of privileging modern imperial practices as touchstones for historical comparison.⁴⁸ So instead of searching for a one-size-fits-all definition of “sovereignty” or “empire” that can apply to all times and all spaces, the historian is better served by investigating how such claims of authority were sustained and asserted in their context.⁴⁹
Sixiang Wang	Boundless Winds Introduction 	The book therefore proposes the following revision to how empire should be understood, at least for the Chosŏn-Ming context. Many scholars of East Asia shy away from the term “empire” not only because of its exogeneity, but because it evokes the world’s traumatic encounter with nineteenth-century Western imperialism 帝國主義, which they distinguish (whether appropriately or not) from Qing, Ming, or even Mongol practices of rulership and expansion.⁵⁰ But there is no intrinsic reason to privilege expansionist, colonial empires as the default point of comparison, other than that East Asia’s confrontation with this imperial form was what introduced “empire” as a term. So instead of the neologism cheguk, this book relies on a different anchor for the English word “empire”: t’ong (C. tong 統).
Sixiang Wang	Boundless Winds Introduction 	T’ong encapsulates at once the coercive and persuasive dimensions of empire making. It also embeds the dialectical relationship between the exercise of control and expanding horizons of political desire. T’ong, as used in various compounds, could point to legal-juridical, military, and administrative mechanisms of enforcement. In modern usage, this control can be spatial; a political regime can “control and administer” (K. t’ongch’i, C. tongzhi 統治) a region or people. It can also be temporal, as hinted by the deep etymology of t’ong as “thread”: links of transmission from the present to an origin. This is the sense adapted in the modern word for “tradition” (K. chŏnt’ong, C. chuantong 傳統), which is usually parsed as “transmitted authority” because of how it connects to another term that intertwines spatial and temporal notions of authority: chŏngt’ong (C. zhengtong 正統). Often translated as “legitimacy,” chŏngt’ong delineates a single, orthodox transmission of authority through time, whether of political, scholastic, or genealogical nature.⁵¹ The transmission of the Mandate of Heaven in dynastic succession was thus described as hwangt’ong (literally, “august thread,” C. huangtong 皇統) or chet’ong (C. ditong 帝統), a scheme where connections to the past was what legitimized present imperial control over territories, institutions, and peoples. T’ong, by including a diachronic sense of a continuous imperial tradition, exceeds the semantic range suggested by both the classical Latin etymology of “empire” as the power to control and the modern notion of an expansionist state, but it converges with the sense of the medieval Latin translatio imperii: the sequential transfer of Rome’s imperium to those who claimed to be its successors, whether Charlemagne, the Ottonians, Habsburgs, Byzantines, Ottomans, Romanovs, or Napoleon.⁵²
Sixiang Wang	Boundless Winds Introduction 	Ming emperors saw themselves as heirs to a continuous imperial tradition passed down since the age of the sage kings. It was also this imperial tradition that animated many of the diplomatic contestations between Ming and Chosŏn. While Chosŏn never challenged Ming’s imperial claims, it remained an open question what elements of the imperial tradition were open to the Korean monarchy’s appropriation.⁵³ Narrowly speaking, the “imperial tradition” was simply a line of succession, but to claim it required deploying a repertoire of political technologies for its construction and for lending a sense of timeless majesty to political power.⁵⁴ Integrated with techniques of governance, diplomacy, and war making, this repertoire included pageantry, calendars, music, sartorial conventions, and codified rituals.⁵⁵ Dynastic histories, classical texts (and their commentaries), literary paeans, and works of statecraft, which document the splendor and exercise of imperial ritual, also constitute a body of knowledge that sustained the transmission of legitimacy. Imperial tradition, writ large, points to this body of knowledge that showed how empire was to function and how it was to be passed down.⁵⁶
Sixiang Wang	Boundless Winds Introduction 	Access to this body of knowledge depended on the circulation and literacy of foundational texts in a shared classical language of literary Chinese, or as some prefer, Literary Sinitic. Articulations of political authority in this tradition (ritual practices had broader regional cachet) were legible only within that scriptal zone: the Sinographic cosmopolis of which Korea was a member.⁵⁷ It therefore makes sense to speak of East Asian empires in terms of a Sinitic imperial tradition, both to acknowledge the importance of the literary language it depends on and the classical world it references. In this regard, this imperial tradition differs from other repertoires of rule—for instance, Islamicate, Sanskrit, or Persianate traditions—less in terms of practices of rule or even the semiotics of sovereignty, for many parallels, convergences, and moments of cross-fertilization can be observed, especially in the aftermath of one century of Mongol rule.⁵⁸ Instead, the critical distinction is in their hermeneutic technologies and normative universes—that is, which bodies of texts and which traditions could be cited to appraise, interpret, and guide political practice.
Sixiang Wang	Boundless Winds Introduction 	The advantage of thinking in terms of a Sinitic or East Asian imperial tradition, rather than “Chinese empire,” is to accept the existence of a widely shared framework without attributing “Chinese” ethnic essences or national valences to its institutions, practices, or ideas that, by their nature, are transmutable and adaptable. It also avoids the insinuation that whenever someone uses this repertoire, it somehow implies they are or should be subject to some form of Chinese territorial sovereignty.⁵⁹ Certainly, the Chinese heartland was the fountainhead of this imperial tradition, but as it was for the Mughals and their Central Asian and Persianate heritage, associations with a region or script did not prevent the translation of political idioms beyond their places of origin.⁶⁰ In East Asia, the Sinitic imperial tradition was ultimately claimed by a variety of polities on the Chinese cultural frontier, such as Nanzhao 南詔 (738–902), Dali 大理 (937–1253), Tangut Xia 西夏 (1038–1227), Khitan Liao 遼 (916–1125) and Kara Khitai 黑契丹 (1124–1218) empires. While others, the Jurchen Jin 金 (1115–1234), the Mongol Yuan, and ultimately the Manchu Qing dynasties claimed it in toto when they occupied the Chinese heartland. While these polities have been folded under a national history of China, as Evelyn Rawski points out, the appropriation of this repertoire elsewhere, notably in Korea, Vietnam, and Japan, has since engendered separate national stories.⁶¹
Sixiang Wang	Boundless Winds Introduction 	Any move of analytical terminology from one context to another risks discursive violence. This problem is not unique to “empire,” but it is inherent in any attempt to write about the wider world in English, or the past in any modern language, for that matter.⁶² It makes no sense to deny, a priori, the appropriateness of transplanted terms for understanding non-Western societies or interpreting “Eastern” ideas any more than it does to insist that any “Western” term must cleave faithfully to their moments of conception.⁶³ Both extremes privilege the Western historical experience. Instead, there needs to be what JaHyun Kim Haboush calls a “mutual accommodation between the new user and old usage: the new user searches and employs words of best approximation from the Western regime; conversely, the new usage should be assimilated into the old word, and the new usage becomes another possible meaning of this word.”⁶⁴ In this respect, the historian’s quandary is not very different from that of the envoys and interpreters who traveled between the Chosŏn and Ming courts, or any other denizen of a “trading zone” charged with communicating across different linguistic and discursive spaces.⁶⁵ Translation is an act of betrayal, but it also produces the necessary, if provisional, shared epistemic space that makes discussion and a more inclusive reckoning of the past possible.
Sixiang Wang	Boundless Winds Introduction 	REPERTOIRES OF DIPLOMACY: APPROACHES AND SOURCESChosŏn confronted Ming not only as one state to another but also as rival claimants to the classical past with the weight of the imperial tradition behind them. Korea occupied a particular place within the imperial tradition, as a potential object of irredentist ambition. It had once been ruled by the Han dynasty 漢 (202 BCE–221 CE), invaded by the Sui and Tang emperors, and nearly annexed by the Mongols. When the view is stretched to this long arc of historical time, this threat always loomed barely beyond the horizons. Ming never materialized as such a threat, but Korean diplomats and memorial writers, especially in the fifteenth century, did not ignore that possibility. Effective diplomacy meant warding off latent irredentist ambitions over Korea, massaging away the imperial court’s jealous monopoly over the symbols of universal and cosmic authority, sidestepping conflicts over a shared frontier, and resolving problems of economic and political access. The Chosŏn court searched for a strategy of engagement that could preserve Korean royal authority and limit Ming claims, all without provoking conflict. The irony was that this strategy hinged on interpolating into Ming processes of empire making.
Sixiang Wang	Boundless Winds Introduction 	This book seeks to make sense of this strategy. One way to think about Chosŏn diplomacy is that it was a practical exercise in political theology. That is; it concerned what empire should do by determining how imperial action related to values, ideals, and the interpretive traditions that informed its raison d’être. In the most prosaic sense, this strategy was only possible because the Chosŏn court knew the Confucian classics, imperial histories, and the imperial language (literary and spoken Chinese, and during the Yuan period, Mongolian). Shared knowledge facilitated communication, but deploying the discourse of imperial authority implicitly legitimized and strengthened imperial authority. Given the vast differentials of power, where Chosŏn stared down a neighbor twenty times its size, participation in the construction of empire was also used as a weapon of the weak: rather than deny imperial claims outright, it sought to redirect them.
Sixiang Wang	Boundless Winds Introduction 	To emphasize Korean agency also rebukes two major tropes in the historiography of Korea’s relationship with imperial China. The first is the dichotomies of subservience and resistance typical of both colonialist and nationalist treatments of this history. The second is a Whig history of empire that touts the Sino-Korean peace as an exemplary achievement of China’s “virtuous” empire.⁶⁶ Both analytical tropes share a Great Powers–centered view of international relations where more modest actors, whether peripheral peoples, marginal states, or middling powers—in this case, Chosŏn Korea—have little meaningful role to play.
Sixiang Wang	Boundless Winds Introduction 	An alternative is to shift the gaze from the highest political centers and toward zones of mediation. In these zones, go-betweens (in Chosŏn’s case, royal emissaries and their interpreters rather than merchants or clergy) brokered across a range of liminal zones, whether cultural and linguistic frontiers or ungoverned borderlands.⁶⁷ Conceived this way, empire ceases to be a typology of political form; instead, it becomes a category of analysis “about political authority relations” as it is negotiated “between a central power and many diverse and differentiated entities,” as historical sociologist Karen Barkey puts it. Much as a good economic history is concerned not only with questions of exchange, wealth, value, productivity, and material accretion but also with the institutions, ideas, and discourses surrounding these issues, a history of empire should not “[fixate] on empires as clearly bounded geopolities,” but also consider how interactions with “peripheries, local elites, and frontier groups” produce political imaginaries and claims of authority.⁶⁸
Sixiang Wang	Boundless Winds Introduction 	In order to emphasize this scale of interaction, this book focuses less on the decisions of kings and emperors than on the envoys and rhetoricians who communicated between them. The chief protagonists in the following pages are Korean envoys like Kwŏn Kŭn. Although the day-to-day operation of diplomacy was carried out by the court’s professional interpreters who proverbially “spent their mornings in Seoul and their evenings in Beijing until they die from old age on their journey” [朝漢都 而暮燕京 卒老于行], the envoys who led the embassies were usually well-connected high officials and scions of prestigious aristocratic lineages. They were also the ones who discussed diplomatic policy, performed the rituals, composed diplomatic correspondence, and entertained Ming visitors.⁶⁹
Sixiang Wang	Boundless Winds Introduction 	They deployed two main rhetorical modes. The first is autoethnography. In Mary Louise Pratt’s original usage, autoethnography “[refers] to instances in which colonized subjects undertake to represent themselves in ways that engage with the colonizer’s terms.” For colonial elites in Latin America, autoethnographic texts were self-representations constructed “in response to or in dialogue with [the] metropolitan representations” of the Iberian metropole. The Ming-Chosŏn case was by no means colonial, but Korean envoys likewise “collaborat[ed]” with imperial objectives, while “appropriating” imperial idioms and identified them as their own. The essentialism of these autoethnographic moves, as this book will show, were hardly devoid of instrumental calculus and were critical for advancing the agendas of the Chosŏn court and its elites.⁷⁰
Sixiang Wang	Boundless Winds Introduction 	The second mode is what this book refers to as the imperializing mode. This rhetorical mode brought the normative elements of the imperial tradition to the negotiation table. It exhorted imperial agents to behave according to their professed values. Both autoethnography and the imperializing mode required the selective and judicious deployment of the imperial tradition to cajole, entice, and ultimately persuade an emperor or his official to a course of action beneficial to the supplicant. The latter, hardly a technique exclusive to Korean envoys, was a tried-and-true tactic for anyone who found themselves in the difficult position to “instruct” monarchs. What was peculiar to the Korean context was how the target of persuasion shifted away from the imperial person. Imperial officials, military officers, eunuch chamberlains, literati ministers, and occasionally even petty functionaries all became possible targets as Korean diplomats foisted the demands of imperial magnanimity onto them.⁷¹
Sixiang Wang	Boundless Winds Introduction 	These rhetorical modes sustained a vivid imperial presence in the Korean diplomatic record. Materialized from Chosŏn diplomatic practice, this record constituted a vast body of knowledge: collections of diplomatic missives, poetry anthologies, travelogues, handbooks, and envoy reports. Kept with an awareness that they would be consulted in the future, a discrete gesture or a momentary act, once documented, became a precedent that could inform the future. Through this cumulative effect, these records of diplomatic activity also became part of the very imperial tradition they sought to intercede in. It is these sources, complemented by official and institutional chronicles from both Chosŏn and Ming, that this book draws upon to craft its argument. Together they reveal how Chosŏn court participated in constructing the Ming Empire, not as passive observers but as integral stakeholders.
Sixiang Wang	Boundless Winds Introduction 	The book, therefore, does not provide give a play-by-play account of Chosŏn-Ming diplomacy. Instead, it lays out a new historiographical paradigm where the Chosŏn court’s diplomatic strategies take center stage. It foregrounds how, through its use of ritual and rhetoric, the Chosŏn court harnessed the imperial tradition for its own ends and in the process institutionalized certain rhetorical tropes and ritual practices. These choices also mean privileging the collective effort of Chosŏn diplomacy over the diversity of Korean perspectives, opinions, and positions. Although the range of Chosŏn voices represented in this book should suffice as reminders that there was no singular, permanent consensus regarding how diplomacy should be carried out, it remains that, in practice, Korean envoys, interpreters, and court composers acted as agents of the kingdom (whether in practice or in name) and were treated as such by their Ming counterparts. Their position as institutional actors did not mean that other motives, whether personal, ideological, or economic, were irrelevant. Even collective concerns, such as Korea’s literary reputation, the success or failure of a diplomatic mission, or the legitimacy of a particular ruler, had enormous implications for the individuals involved. The classic problem of sociology—of how to relate individual action to wider patterns—might be more pronounced given the stakes of diplomacy, but as it is for any context where individual agents operate self-consciously to shape an institutional environment, action informed by prior precedent can also guide future action. Akin to dispositions in a shared habitus, the conventions, tropes, and precedents that the agents of the Chosŏn court constructed and retraced lent a sense of consistency and created what looks like, in retrospect, a systematic diplomatic order.⁷²
Sixiang Wang	Boundless Winds Introduction 	The emphasis on lines of continuity rather than on points of rupture or difference also means that the book will not insist on any general periodization of how Chosŏn and Ming relations unfolded (for an outline, see chronology on page xv). That does not imply change over time is irrelevant. Indeed, each of the chapters follows an issue or theme with its own historical trajectory. For instance, some chapters engage with the question of ecumenical belonging, which threads through the entire two centuries in question. Other chapters focus on the poetic sociability anchored by court-sponsored literary anthologies, which only emerged after the 1450s.
Sixiang Wang	Boundless Winds Introduction 	These issues and themes do not always converge to form neat temporal chunks. Therefore, the book’s ten chapters proceed according to a loose chronological order. They are divided into four parts, each focusing on a set of related themes moored to a common moment of inflection. Part I, which covers the prehistory and early decades of Chosŏn-Ming relations, addresses the equivocal legacies of a shared past, which, far from offering a blueprint for peace, required selective reinterpretation and negotiation for stable relations to proceed. Part II looks to the mid-fifteenth century, a period of dynastic instability in both Chosŏn and Ming. It discusses practical aspects of diplomatic activity to show how the very notion of Ming imperial authority could be invoked and used by savvy agents for an ulterior purpose. Part III takes the conversation through the mid-sixteenth century. It shows what rhetorical and ritual strategies Korean envoys and officials adopted as they drew and redrew the ecumenical shape of empire to negotiate and challenge imperial policies. Part IV addresses the enduring discursive legacies of diplomatic rhetoric. Its discussion of literary practice, in particular envoy poetry, reveals how diplomatic discourse and the rituals they narrated invested their relations with the Ming with a moral mythology and a constitutional character, imputing what empire should be and what that meant for Korea’s place within it. The book concludes with a brief assessment of this diplomatic universe’s afterlife: how the mythology of moral empire that emerged in the fifteenth and sixteenth centuries persisted well after, even up to the contemporary period.
Jahyun Kim Haboush	Constructing the Center - The Ritual Controversy and the Search for a New Identity in 17th Century Korea 	THE SEVENTEENTH-CENTURY controversy over the mourning ritual for King Hyojong (1619-59, r. 1649-59) is perhaps one of the best-known and most disputed events of later Choson Korea. The issue under discussion was momentous enough: it centered around whether Queen Dowager Chaŭi (1624-88), Hyojongs surviving stepmother, should mourn the deceased king as an eldest son, as a younger son, or as her sovereign.¹ Since a deceased was mourned in accordance with his or her social and familial status, observation of the proper mourning ritual for a monarch was a definitive confirmation of his legitimacy. It is not surprising that the controversy over Hyojongs mourning elicited intense and bitter discussion.
Jahyun Kim Haboush	Constructing the Center - The Ritual Controversy and the Search for a New Identity in 17th Century Korea 	What is strange is that the controversy occurred at all. Indeed, in the cultural grammar of the time, this connoted a challenge to his legitimacy. It was the only instance in the dynasty in which the mourning rituals for a monarch who had reigned successfully were scrutinized and disputed. What is even stranger is that it was Hyojong who was placed under such scrutiny. His birth credentials were above average for Choson kings.² He was the second legitimate son of King Injo (1595-1649, г. 1623-49) and Queen Inyol (1594-1635) and was appointed heir apparent in 1645 after his older brother Crown Prince Sohyon (1612-45) died. He was also universally admired during his ten-year reign. Moreover, his son and heir, King Hyonjong (1641-74, r. 1659-74), succeeded him on the throne with no hint of dissent from anyone. And it was in the court of Hyonjong that the controversy concerning his fathers legitimacy, and by implication his own as well, raged. The issue was debated passionately by an ever-widening circle of politicians and intellectuals, and the controversy had a far-reaching impact on this community. The split was mostly along factional lines, and this controversy can be seen as the catalyst that accentuated the ideological schism between the Soin and the Namin, introduced a vitriolic mode of discourse, and ushered in an age of acrimonious and bloody factional strife that was to last for nearly seventy years.
Jahyun Kim Haboush	Constructing the Center - The Ritual Controversy and the Search for a New Identity in 17th Century Korea 	Historians have since viewed the controversy as an event of tremendous symbolic import and proffered a wide variety of interpretations. Still, for several reasons, the meaning of the controversy remains ambiguous. Because the debate was conducted in a language encoded in signifiers whose meanings are not readily accessible to scholars unversed in the classical ritual texts, it tends to appear technical and esoteric. Nor has the way in which the issue has been problematized served to further understanding. Until quite recently, much historical scholarship has been conducted under the rubric of modernization theory. In that context, such concerns as the symbolism of proper mourning procedures or factional disagreements over them were seen as antithetical to Korean modernity. The prevailing scholarly view of the 1950s and 1960s, for instance, was that the ritual controversy was the epitome of Confucian pedantry and a prime example of the venality of factional strife. An authoritative six-volume history text, *Hanguksa*, characterizes the factionalism as arising from disputes over such insignificant issues as ritual formalities concerning the length of mourning.³
Jahyun Kim Haboush	Constructing the Center - The Ritual Controversy and the Search for a New Identity in 17th Century Korea 	The revisionist scholarship of the past few decades has reassessed the dispute on several fronts. First, there has been an attempt to reevaluate factionalism and to place it in the context of political history. This was one of the issues discussed in my dissertation.⁴ In Korea, Yi Taejin led a movement to divorce factionalism from its negative associations.⁵ A 1992 article by Yi Songmu is one of the latest in a series of works devoted to reassessing the ritual controversy from the point of view of the power structure of seventeenth-century Korea. Yi concludes that the controversy reflects a contest for power among various groups-most significantly, the throne and the bureaucracy-and that its resolution resulted in a tilt toward greater power for the bureaucracy.⁶
Jahyun Kim Haboush	Constructing the Center - The Ritual Controversy and the Search for a New Identity in 17th Century Korea 	A second line of inquiry focuses on the social and political ramifications of the ritual scholarship of the Choson period.⁷ Of particular interest are studies of the ideological and scholarly positions of the participants in the controversy, which have transformed them from self-serving power seekers or pedants into statesmen and scholars with beliefs and convictions.⁸ One of the more influential studies has been Chong Okchas attempt to site these scholar-officials positions in the changing intellectual and philosophical trajectory of seventeenth-century Korea. Chõng begins by observing a particular difference between two representative texts utilized in the controversy-ancient ritual texts such as the *I-li* (Ceremonials and rites) differentiate ritual according to a persons social position, whereas Chu Hsis *Chia-li* (Family ritual) propagates uniformity of ritual across class boundaries. She then concludes that the Namin, who adhered to the ancient texts, were conservatives, and the Sõin, who subscribed to Chu Hsis work or to texts they believed to be consonant with Chu Hsis, were progressives.
Jahyun Kim Haboush	Constructing the Center - The Ritual Controversy and the Search for a New Identity in 17th Century Korea 	Although Yi Songmus and Chong Okchas articles suggest new directions, they are limited by the way in which problems are defined. It is not particularly useful to view the ritual controversy as just a power conflict. Obviously, the balance of power between the monarchy and the bureaucracy was recalibrated at this time, but such recalibrations were a constant feature of the Korean polity and continued for the remainder of the Choson dynasty. If the vulnerability of the Korean throne was exposed in the ritual controversy, it also displayed resilience in subsequent periods. From the late seventeenth century until the end of the eighteenth century, the throne reasserted its authority and power. It is far-fetched to say that the ritual controversy represents the beginning of a weakened throne, which Yi sees as the cause for every subsequent evil in Korean history, especially Koreas inability to meet challenges from abroad in the late nineteenth century and the eventual loss of national sovereignty shortly thereafter. This view seeks to find causes for Koreas loss of sovereignty to Japan in 1910 in the events of the seventeenth century. Moreover, a decline in royal power does not necessarily imply a corresponding weakening of the nation. Can one say that the erosion of the power of the crown in England led to a weakened nation? In fact, the Choson dynasty in the seventeenth century should be given credit for its tenacity. Choson Korea was the only polity among the three East Asian countries that did not undergo dynastic or shogunal change, and this despite invasions from these two neighboring countries.
Jahyun Kim Haboush	Constructing the Center - The Ritual Controversy and the Search for a New Identity in 17th Century Korea 	Similarly, one hears echoes of modernization theory in Chong Okchas study in that the progressive/conservative binary she employs to interpret the intellectual positions of the Soin and the Namin is designed to measure their modernity. The supposed Sõin preference for uniformity of ritual among classes, on which Chongs characterization of their progressiveness is based, was confined to a preference for uniformity between the royal house and the yangban. There is no indication that the Soin sought to extend uniformity of ritual to commoners and the lower classes or that their position on uniformity was in any sense consistent.⁹
Jahyun Kim Haboush	Constructing the Center - The Ritual Controversy and the Search for a New Identity in 17th Century Korea 	What is the significance of this celebrated ritual controversy? In recent decades, ritual has become a subject of keen interest in several disciplines, and a large number of theories and approaches have been proposed for studying it. Clifford Geertz, for instance, sees ritual as a symbolic fusion of ethos and worldview. Calling more elaborate and public religious rituals cultural performances,¹⁰ Geertz proposes that they are simultaneously the point at which the dispositional and conceptual aspects of religious life converge for the believer and the point at which the interaction between them can most readily be examined by the detached observer.¹¹ One may dispute whether Confucian rituals were fully religious, but it is difficult to deny that certain grand state rituals of the Confucian monarchy were cultural performances. The *Kukcho oryeŭi* (Manual for the five categories of state rites) specifies five categories of state rituals in the Choson dynasty, one of which was mourning rituals.¹² Devised in the fifteenth century, these rituals represent the early Choson commitment to being a full-fledged member of the Confucian world while at the same time claiming and attempting to appropriate native traditions.¹³
Jahyun Kim Haboush	Constructing the Center - The Ritual Controversy and the Search for a New Identity in 17th Century Korea 	Existing scholarship on the seventeenth-century ritual controversy cites as reasons for its occurrence such factors as the importance of ritual in Confucian society, the high level of ritual scholarship that emerged from the mid-Choson period, the politicization of rituals, and the sharpening power struggle both among factions and between the monarchy and the bureaucracy.¹⁴ Although all these forces were at work in Hyojongs mourning controversy and constituted the cultural matrix in which the controversy was embedded, they did not produce the event. Many incidents occur at any given moment, but for a particular one to be defined and understood as a historical event requires a number of participants who share a consciousness of a specific historical moment which makes that particular one into a matter of significance.
Jahyun Kim Haboush	Constructing the Center - The Ritual Controversy and the Search for a New Identity in 17th Century Korea 	Controversies about ritual occur at moments when the usual and incremental adjustments to social change that rituals have to make are no longer viewed as sufficient, and the symbolic content of rituals is no longer seen as producing the appropriate meaning either dispositionally or conceptually. Controversies over cultural performances can be described as sites where history intersects with ritual. Controversies occur not only when there is a widespread consciousness of the breakdown of the meaning of symbols but also when there is a felt need and a public will to redefine their meaning. Perhaps we can extend Geertzs notion of cultural performances¹⁵ and see the seventeenth-century ritual controversy as a site where ethos and worldview are being redefined, and their fusion is being renegotiated.
Jahyun Kim Haboush	Constructing the Center - The Ritual Controversy and the Search for a New Identity in 17th Century Korea 	A ritual controversy is usually about a specific ritual; it is the meaning of the symbols of that ritual which is being questioned and redefined. What was the meaning of the symbols involved in the controversy over the mourning rituals for Hyojong? What in the consciousness of the mid-seventeenth-century Choson intellectual community defined and engendered the ritual controversy? I will argue that the mourning controversy represented a discussion of the identity of the Korean monarchy, situated in a much larger discourse of Korean identity. More specifically, it was about a redefinition of the Korean state, its relationship to civilization, and its role in a changed world order. The controversy was engendered by the sense of crisis pervading the mid-seventeenth-century Korean political and intellectual community as it responded to this changed world order.
Jahyun Kim Haboush	Constructing the Center - The Ritual Controversy and the Search for a New Identity in 17th Century Korea 	Korea had been deeply affected by the political and power realignments that had swept the East Asian region for the half century beginning in the 1590s. The physical damage wrought by the Japanese invasions of 1592 and 1597 and the Manchu attacks of 1627 and 1636 was bad enough; even worse was the challenge they posed to the very basis of the Korean episteme of world and self. The Japanese incursions were the first full-fledged invasions from across the Sea of Japan in Korean historical memory, and they overturned fundamental assumptions concerning national security that had been in force for centuries. The ascendancy of the Manchus, resulting in the fall of the Ming and the Manchu conquest of China in 1644, was seen not merely as a change from one dynasty to another but literally as a barbarian conquest of the center of the civilized world. It shattered the premise concerning the world order of which Koreans felt they were a part. It became imperative to reconstruct the epistemological frame in which an imaginary map of self and other could be redrawn.
Jahyun Kim Haboush	Constructing the Center - The Ritual Controversy and the Search for a New Identity in 17th Century Korea 	If we place the ritual controversy within the seventeenth-century Korean search for a new identity, there remains the question of the nature of the identity being sought. Can we see it as national identity? Liah Greenfeld points out that the crisis of identity a society experiences does not necessarily mean that the identity it adopts is national.¹⁶ National identity or nationalism has been a popular subject of study in the academy in recent years, and there are divergent theories on the subject. I find the notion of unique identity that Greenfeld employs quite useful in conceptualizing the case in point. Whereas she posits that the consciousness of a unique identity of a people is an ingredient of national identity, she rejects the idea that that uniqueness must be necessarily sought in such attributes of ethnicity as a common language or a shared territory. She cites the example of France, in which, she claims, the unique identity of the community concentrated on the personal attributes of the king or on high, academic, culture.
Jahyun Kim Haboush	Constructing the Center - The Ritual Controversy and the Search for a New Identity in 17th Century Korea 	Greenfeld also cautions against the notion that the consciousness of unique identity necessarily anticipates or leads to the emergence of national identity. Even when it does, these two consciousnesses often do not emerge at the same time. In England and in Russia, they emerged simultaneously, whereas the sense of uniqueness long preceded the sense of national identity in France and the reverse was the case in the United States.¹⁷ If we wish to use Greenfelds framework, we should consider two sets of questions. First, did the consciousness of a unique identity emerge, or if this consciousness already existed in some form, was it substantially reshaped at this time in Korea? If so, what were its constitutive elements? Second, can we say that the ritual controversy displayed a new consciousness in its discursive practice based on an epistemological transformation? In other words, if there is a new consciousness of the unique identity of the Korean people, is it also an emergent sense of national identity? In this chapter, I discuss the way in which the controversy unfolded, the particular historical moment in which it erupted, and the issues the participants raised and their significations. I also evaluate the question of whether the ritual controversy was a discourse on national identity.
Jahyun Kim Haboush	Constructing the Center - The Ritual Controversy and the Search for a New Identity in 17th Century Korea 	The Ritual Controversy of 1659-60The disputes in the ritual controversy of 1659 have been recounted many times, with varying degrees of detail.¹⁸ Here I present only the details necessary for my discussion.¹⁹ The day after King Hyojong died, the Ministry of Rites sent a memo to Hyonjong, the heir apparent who was about to succeed his father to the throne, to the effect that the *Manual for the Five Categories of State Rites* made no provision for the kind of mourning the deceased kings surviving stepmother, Queen Dowager Chaŭi, should wear. Since there were different views on the matter, it advised that the ministers of state should be consulted. Hyonjong agreed and said that the two Songs should play a leading role in the decision.²⁰ The two Songs were Song Siyol (1607-89) and Song Chungil (1606-72), who were leaders of the Sõin. They were students of Kim Changsaeng (1548-1631), the foremost scholar on ritual, and had reputations as authorities on ritual in their own right.
Jahyun Kim Haboush	Constructing the Center - The Ritual Controversy and the Search for a New Identity in 17th Century Korea 	A meeting of the present and past senior ministers of the State Council was convened on that day. Song Siyol and Song Chungil, who were serving, respectively, as minister of personnel and fourth minister in the State Council, officiated. The ministers proposed that a one-year mourning period be adopted for the queen dowager since this was specified in the *Kyŏngguk taejön* (National code) and the *Ta Ming-lü* (Ming legal code) as the length of a mothers mourning for all the primary sons of her husband, irrespective of their birth order. Song Siyol and Song Chungil concurred. Hyonjong approved the plan.
Jahyun Kim Haboush	Constructing the Center - The Ritual Controversy and the Search for a New Identity in 17th Century Korea 	The *Sillok* (Veritable records) informs us, however, that this seemingly easy consensus resulted by prearrangement-private negotiations had been undertaken to relieve the tension that had been rapidly building around this issue. According to the *Sillok*, as soon as Hyojong died, many officials as well as some private scholars had voiced an opinion on the issue of the queen dowagers mourning. Yun Hyu (1617-80), a well-known scholar of the Namin faction, for instance, forwarded his view that the mourning for Hyojong, a monarch who had successfully reigned, should not be based on his filial rank and that the queen dowager should render him a subjects mourning for the ruler, a three-year period in untrimmed mourning (chamchoe), the heaviest mourning specified in the *Ceremonials and Rites*.²¹ Yuns view was communicated to Prime Minister Chong Taehwa (1602-73), who discussed it with Song Siyol. Song rejected this opinion and expressed his own interpretations of the *Ceremonials and Rites*. The *Ceremonials and Rites*, one of the Confucian Classics, had incorporated over the course of time various commentaries by scholars from different periods. In part attempts to explicate the text, these commentaries also contained inconsistencies and ambiguities and lent themselves to different interpretations.
Jahyun Kim Haboush	Constructing the Center - The Ritual Controversy and the Search for a New Identity in 17th Century Korea 	The twenty-ninth chapter of the *Ceremonials and Rites*, for instance, lists cases in which untrimmed mourning attire for three years was required, including a fathers mourning for his eldest son, and mourning for ones lord, ones father, or ones husband. A commentary by Chia Kung-yen of the Tang dynasty on this passage explicates the meaning of eldest son” (changja): All sons by the legal wife are primary sons (chokcha). When the eldest son dies, then the second son by the legal wife should be established as the second eldest son (chajangja) and designated the eldest son.²² The text of *Ceremonials and Rites* then asks why a three-year mourning period should be observed for the heir. This is followed by an explanation that it is because both the principle of being the right substance (chongche) (i.e., a son) and the transmission (chon) are of grave importance and that because of these principles a concubines son (sõja) cannot acquire the status of the eldest son and succeed the ancestral line.
Jahyun Kim Haboush	Constructing the Center - The Ritual Controversy and the Search for a New Identity in 17th Century Korea 	This is followed by Cheng Hsüans (127-200) comment that because of the importance of these principles, there are four exceptional cases in which the deceased, even though he had become or once had been the heir, is disqualified from receiving a three-year mourning period. Song Siyol relied on these four cases to argue for his interpretation. The first case was someone who was of the right substance but who did not retain the heirship-a first son who, because of illness, could not remain the heir. The second was someone who inherited the line but was not the right substance--for example, a grandson through a concubine (sõson). The third was someone of substance but not the right substance-a concubines son (sõja) who had inherited the line. The fourth was someone who was right but not of substance - a primary grandson who inherited the line.²³
Jahyun Kim Haboush	Constructing the Center - The Ritual Controversy and the Search for a New Identity in 17th Century Korea 	Unlike Yun Hyu, Song Siyol believed that Hyojong should be mourned by his mother strictly according to his filial rank. Moreover, in determining Hyojongs rank, Song applied the most stringent interpretation possible. He is described as having said to Prime Minister Chong Taehwa that Hyojong fit the third and Prince Sohyons son the fourth of the above four cases. That is, Hyojong was of the substance but not the right substance (i.e., a son but not the right son) whereas Sohyons son was right but not of substance (right line but not a son).
Jahyun Kim Haboush	Constructing the Center - The Ritual Controversy and the Search for a New Identity in 17th Century Korea 	Due to the contradictions among the commentaries, the *Ceremonials and Rites* lent itself to two opposite interpretations of Hyojongs filial rank. If one followed Chia Kung-yen, Hyojong was a second primary son who, upon the death of the eldest son, was made the eldest son and inherited the line. If, as Song Siyol did, one adopted Cheng Hsüans commentary, however, Hyojong could be classified as falling under the third of Chengs exceptional cases-a sõja (i.e., a concubines son) who inherited the line but, as a son, was disqualified for a three-year mourning. Since his mother had been a primary consort, Hyojong was not a sõja, but Song found a passage in the section of the *Ceremonials and Rites* that speaks of the importance of succession to make him one: Sõja is the term denoting sons by concubines. Younger sons by a legal wife are younger primary sons (chungja), but, in order to distinguish them from the eldest son, they are also called sõja and thus are designated by the same term as sons by concubines.²⁴ In other words, all sons other than the eldest son are to be called sõja when they are to be distinguished from the eldest son. The passage is obviously intended to stress the special status of the eldest son. Using this passage to make Hyojong into a sõja, Song concluded that Hyojong was not a right son. That status belonged to Sohyons son.
Jahyun Kim Haboush	Constructing the Center - The Ritual Controversy and the Search for a New Identity in 17th Century Korea 	Alarmed by the explosive nature of Song Siyols argument, Prime Minister Chõng is said to have hastily advised him to suppress his observation, especially since one of Sohyons sons was living.²⁵ Instead, Chong argued for the appropriateness of a one-year mourning period, pointing out that the National Code specified it as a mothers mourning for all sons²⁶ and that the Choson court had been observing rituals in accordance with the specifications in the Korean legal code. Noting that the Ming Legal Code also specified the same, Song concurred.²⁷ The one-year mourning was duly adopted as the period for Queen Dowager Chaŭis mourning for Hyojong.
Jahyun Kim Haboush	Constructing the Center - The Ritual Controversy and the Search for a New Identity in 17th Century Korea 	This decision seems to have left many, especially the Namin, uncomfortable. Yun Hyu, for instance, held that anything less than the heaviest mourning was improper and argued for it on several grounds. The first was the impropriety of evaluating the filial rank of someone who had succeeded to the throne. The second was the importance of rendering the king the three-year period of untrimmed mourning as a sign of respect for his august position. Yun maintained that this was specified in the *Ceremonials and Rites* and cited numerous historical examples to prove his point. The third was the principle of oneness between the succeeding line and the legitimate line. The legitimate line (choktong) lies where the succession (chongtong) has gone. This was what was meant by the principle of no separation between the legitimate line and the succession. The fourth was the inappropriateness of applying to the royal house the rituals of an ordinary family.
Jahyun Kim Haboush	Constructing the Center - The Ritual Controversy and the Search for a New Identity in 17th Century Korea 	Yun observed that the objection to the proposition that his mother offer the deceased king the heaviest degree of mourning arose from confusing the rituals of the ordinary family with those of the royal house. He stressed that evaluating the rulers filial rank obscured the supreme importance of the royal succession. Once one became a reigning monarch, he was the right line and the ruler to everyone equally, including his mother. Yun ended the essay with a warning that a miscarriage of ritual or a misapplication of a name would lead to disorder and chaos.²⁸ He communicated to Ho Mok (1595–1682), a respected Namin scholar-official, the importance of correcting the mourning decision. In the third month of 1660, a few months before Queen Dowager Chaŭis one-year mourning was to come to an end, Hõ, serving as an inspector at the Censorate, memorialized the throne pointing out the impropriety of the decision of the previous year.
Jahyun Kim Haboush	Constructing the Center - The Ritual Controversy and the Search for a New Identity in 17th Century Korea 	Ho Mok based his argument completely on the *Ceremonials and Rites*. Unlike Yun Hyu, a fellow Namin, he agreed with Song that the queen dowagers mourning for Hyojong should be based on his filial rank, but his evaluation of that rank differed from Songs. Quoting Chia Kung-yens commentary, Höõ maintained that Hyojong was a primary son who had succeeded his father to the throne and thus, the (second) eldest son. Although he was originally a second son rather than the first, he became the eldest son, thereby inheriting the legitimacy of the throne. Thus, his stepmother should accord him the mourning due an eldest son, a three-year period of wearing trimmed mourning (chaechoe). Ho proposed trimmed, rather than untrimmed, mourning, a slightly less heavy mourning, because a son renders his mother a three-year period of trimmed mourning, and a mother should not render a son, even the eldest son, more than he renders her. He requested that, since the rituals of the royal house are of supreme gravity, the queen dowagers mourning be rectified.²⁹ Hyonjongs order that the matter be re-examined immediately embroiled the court in controversy.³⁰
Jahyun Kim Haboush	Constructing the Center - The Ritual Controversy and the Search for a New Identity in 17th Century Korea 	Song Chungil was the first to respond to Ho Moks challenge. Song strongly defended the decision in favor of a one-year mourning period. It had been made in the belief that the Choson royal family had never observed a three-year period of mourning for a son. Now that Ho had suggested that there had been such cases, for example, Queen Chonghuis (1418-83) mourning for King Yejong (1441-69, r. 1468-69), an inquiry should be made to verify the truth of the statement. Songs assertion bears out in the case of Prince Sohyon. Although he was mourned as the eldest son, he was mourned for one year. At that time, Song had argued for a three-year mourning for Prince Sohyon as well as for the appointment of Sohyons son as the heir apparent and, for making this suggestion, was dismissed from office.³¹
Jahyun Kim Haboush	Constructing the Center - The Ritual Controversy and the Search for a New Identity in 17th Century Korea 	Afterward Song Chungil turned his attention to the *Ceremonials and Rites*, challenging Ho Moks interpretation of the term eldest son. He seconded Song Siyols position that when younger sons needed to be distinguished from the eldest son, they were called by the same term as a concubines sons. Song Chungil then elaborated on why Hyojong could not be regarded as the second eldest son. A second primary son could be established as the second eldest son only when the original eldest son died very young, leaving no heir of his own, not when he died after reaching adulthood and his parents had already mourned him as the heir. If one were to follow Hos proposal, would the parents have to observe a three-year period of mourning for the third son if the second son were to die, for the fourth son if the third son were to die, and so on? This was why the ritual text emphasized the specialness of the eldest son. In other words, Hyojong was not an eldest son, since his older brother had died as an adult and had left heirs of his own.
Jahyun Kim Haboush	Constructing the Center - The Ritual Controversy and the Search for a New Identity in 17th Century Korea 	Song Chungil also disputed a proposition of Yun Hyu which implied that since the succession in the royal house was of utmost importance, the one who succeeded to the throne should be accepted as the heir, and a three-year mourning period should be observed for him regardless of his familial position. By this logic, a three-year period should be the term in cases when a brother or a nephew succeeded. This would be a travesty to proper ritual, which had to be prevented at all costs. Song Chungil urged the king to send historians to the archives to examine the *Sillok* to find out which mourning rituals had been observed in similar cases.³² Historians were subsequently dispatched to the archives to consult the *Sillok* on the mourning rituals that Queen Chonghui had observed for King Yejong and Queen Munjong (1501-65) had observed for King Injong (1515-45, г. 1544-45).³³ This investigation, however, revealed little, since their respective mourning rituals are described only as having been conducted in accordance with precedent.³⁴
Jahyun Kim Haboush	Constructing the Center - The Ritual Controversy and the Search for a New Identity in 17th Century Korea 	Several weeks later, Ho Mok sent another memorial in which he reiterated his argument in greater detail, complete with a diagram. At the end, he questioned the meaning of the decision of the previous year in favor of a one-year mourning period, which, he maintained, was reserved for a person who succeeded to the line but who was included among the four exceptional cases.³⁵ In short, Ho disputed not only the choice of a one-year mourning period itself but remained unconvinced of the explanation that it had been based on the Korean legal code.
Jahyun Kim Haboush	Constructing the Center - The Ritual Controversy and the Search for a New Identity in 17th Century Korea 	Amid this rapidly spreading controversy, several high ministers of state attempted to avoid being blamed for a wrong decision by pleading a lack of knowledge of ritual matters.³⁶ Song Siyol, however, held fast to his original position. He argued that disregard for the rule that a second eldest son could be established as the eldest son only when the first eldest son died young would violate the principles of no two right lines (*muitong*) and not wearing a three-year untrimmed mourning twice [for the same cause] (*puicham*). It would not only infringe upon the sanctity of the legitimate succession (*choktong*), but it would open the possibility that a father might have to observe a three-year period of untrimmed mourning for successive heirs.
Jahyun Kim Haboush	Constructing the Center - The Ritual Controversy and the Search for a New Identity in 17th Century Korea 	Song Siyol did not stop here; he went on to challenge the authority of the commentary that allowed a second primary son to be established as an eldest son. This idea cannot be found either in the original text of the *Ceremonials and Rites* itself, in the additions by Tzu-hsia, or in Cheng Hsüans commentary. Song declared that Chia Kung-yens commentary had not been validated by the Cheng brothers and Chu Hsi and was thus not authoritative. He also argued against the idea that in the royal house, the successor to the throne should automatically be accorded a three-year mourning period, pointing out that, if this were the case, then this honor would be extended to a successor who was a concubines son. He concluded by saying that he saw nothing wrong either with basing the mourning decision on the relatively recent *Ming Legal Code*, since the practice of following current rather than ancient ritual codes was a well-established tradition, or with adopting the one-year mourning period based on this code.³⁷
Jahyun Kim Haboush	Constructing the Center - The Ritual Controversy and the Search for a New Identity in 17th Century Korea 	Song Siyols open statement that there cannot be two right lines and that the current royal line was not the right one seems to have sent tremors through the scholar-official community. This prompted Yun Sondo (1587-1671), a great poet but also a hot-blooded scholar-official of the Namin faction, to accuse Song Siyol publicly of challenging royal legitimacy. In highly charged language, Yun laid bare the issue of royal legitimacy, which had been lurking beneath the surface all along. He took Song to task and asked what he meant by attributing the legitimate succession to the dead princes line when the deceased king (Hyojong) had received the royal succession. If the late king could not become the legitimate successor even though he, as a second eldest son, obtained his fathers decree, received the Mandate of Heaven, and performed the ancestral sacrifices while the legitimate succession lay somewhere else, then was he a false heir apparent (kaseja) and was he a regent (sõphwangje)? What did Song mean by distinguishing between the legitimate succession and the royal succession and separating them into two things? Yun systematically denounced all the main points of Songs argument and lamented that despite the highest respect with which the two Songs had been treated by successive kings, they had been so ungenerous to the late king. He concluded by saying that one could judge the authority and power of the monarchy and estimate how long the dynasty would continue by how his memorial was treated.³⁸
Jahyun Kim Haboush	Constructing the Center - The Ritual Controversy and the Search for a New Identity in 17th Century Korea 	As it was, Yun Sõndos memorial did not reach Hyonjong. It was intercepted by a royal secretary, Kim Suhang (1629-89), a protégé of Song Siyol. Accepting assurances that Yun had had evil intentions in writing the memorial, Hyonjong ordered his banishment without reading it.³⁹ This sparked another round of memorials.⁴⁰ Song Siyol had already left the capital. Song Chungil, following his friend, hurriedly retired from office.⁴¹ In the end, Yun Sondos memorial was burned, and he was banished to Samsu county in Hamgyong province, which was famous for its unbearable climate.⁴²
Jahyun Kim Haboush	Constructing the Center - The Ritual Controversy and the Search for a New Identity in 17th Century Korea 	The one-year mourning period was reaffirmed after repeated conferences and consultations between the king and his officials. Inquiries into precedent provided little assistance, but Hyonjongs court based its mourning decision, procedurally at least, on the Korean legal code.⁴³ The Korean code, which prescribed one year of mourning for all legitimate sons, left the thorny issue of whether Hyojong was given the status of an eldest son unresolved and left the queen dowagers one-year mourning period subject to interpretation. Hyonjong accepted the decision, believing that his father was being treated appropriately.
Jahyun Kim Haboush	Constructing the Center - The Ritual Controversy and the Search for a New Identity in 17th Century Korea 	After Yun Sondos memorial, however, it was no longer possible to ignore the all too obvious symbolic meaning pertaining to royal legitimacy that the mourning ritual signified. Feeling that dynastic legitimacy had been called into question, the Namin would not accept a decision that did not definitively affirm that Hyojong was the right line and that he had received legitimate succession. For the next fourteen years they waged a continuous battle to correct the decision. Yun Hyu actively campaigned by writing a number of treatises and letters.⁴⁴ Yun dropped any pretense of civility toward the two Songs, whom he denounced as having discarded the nation (kõguk). This further deepened the animosity between him and Song Siyol. Yun lamented that instead of applying ritual to affirm the uniquely august position of the ruler, the officials were busy evaluating the rulers family status. He stressed that the ritual of the family was different from the ritual of the state (kaguk pudongnye). Yun took exception to the use of the National Code or the *Ming Legal Code* on the grounds that the mourning stipulations in them were based on familial relationships and were meant for the ordinary family, not for the royal house. If the decision were to be based on Korean ritual, then the *Manual for the Five Categories of State Rites*, rituals of the state, should be used.⁴⁵ In a letter to Ho Mok, he pointed out that Hos suggestion that the queen dowager render the late king a three-year period of trimmed mourning would mean applying to the royal house the ritual of the scholar-official family, and thus fail to acknowledge the uniqueness of the sovereign.⁴⁶
Jahyun Kim Haboush	Constructing the Center - The Ritual Controversy and the Search for a New Identity in 17th Century Korea 	Most of the Namin, however, agreed with Ho Mok that the decision on Hyojongs mourning should be corrected to reflect his status as the eldest son, thereby affirming that he had become the right line and succeeded legitimately. The movement to rectify Hyojongs mourning rituals acquired such importance that, in 1666, a thousand private scholars from Kyongsang province sent a joint memorial to the throne requesting that Queen Dowager Chaŭis mourning be corrected to clarify the legitimacy of the throne. This lengthy memorial recorded and analyzed in detail all the arguments put forth to that point and all the relevant ritual texts that had been discussed.⁴⁷ In rebuttal, the students at the Confucian Academy submitted a joint memorial.⁴⁸
Jahyun Kim Haboush	Constructing the Center - The Ritual Controversy and the Search for a New Identity in 17th Century Korea 	These memorials from students from private academies and the Confucian Academy mark a turning point in political discourse in late Choson Korea. During the sixteenth and seventeenth centuries, increasingly larger circles of scholars and students had begun to participate in public discourse, but until this time, the issues on which they voiced opinions were mostly regional or sectarian in nature, such as requesting or opposing the canonization of specific scholars who had become symbols of specific schools of thought or factions.⁴⁹ The issue addressed on this occasion concerned the symbols of the monarchy, irrefutably a question of national significance. These memorials reveal that a perception of the urgency of the mourning controversy reached far beyond the capital elite into the rural intellectual community. They also illustrate that, perhaps spurred by the gravity of the issue, private scholars as well as students at the Confucian Academy were redefining their roles as participants in national discourse and that such channels of communication as memorials were acquiring much wider usage.⁵⁰
Jahyun Kim Haboush	Constructing the Center - The Ritual Controversy and the Search for a New Identity in 17th Century Korea 	The controversy also resulted in defections from the Soin. The first was Won Tupyo (1593–1664), who, as the minister of the right, had participated in the court decision on the mourning ritual in 1660.⁵¹ Another quite prominent one was Kim Suhong (1601-81), a cousin of Kim Suhang and Kim Suhũng (1626-90) and a member of a leading Sõin family.⁵² The danger of politicization of the issue must have been obvious to all concerned. Later, in 1679, for instance, an anonymous poster charged that Song Siyol was planning a rebellion to enthrone a grandson of Prince Sohyon.⁵³ On several occasions, Song apologized for having caused a furor over legitimacy, but he never once flagged in his insistence that Hyojong was not the right line and thus had not received the legitimate succession.⁵⁴
Jahyun Kim Haboush	Constructing the Center - The Ritual Controversy and the Search for a New Identity in 17th Century Korea 	The Ritual Controversy of 1674In 1674, Queen Inson (1618-74), Hyojongs widow, died. This led to the eruption of a second mourning controversy. Since a wife was mourned according to her husbands status, Queen Dowager Chaŭis mourning for her daughter-in-law was again based on Hyojongs status. Korean law stipulated a one-year mourning period for the wife of an eldest son and nine months for the wives of remaining sons.⁵⁵ Although the Ministry of Rites considered the possibility of a one-year period of mourning, it finally chose nine months. Hyonjong accepted this, believing that his mother was being mourned as the wife of an eldest son.⁵⁶ By this decision, the Soin bureaucracy retroactively and definitively conferred on Hyojong non-eldest son status. This was a position consistent with that of Song Siyol.
Jahyun Kim Haboush	Constructing the Center - The Ritual Controversy and the Search for a New Identity in 17th Century Korea 	The 1674 decision, unlike the 1660 decision, could not accommodate ambiguities. Whereas a one-year mourning period was for all sons, a nine-month mourning period was specifically for the wives of younger sons. A nine-month mourning period was stipulated for the wife of the eldest son in the *Ceremonials and Rites*.⁵⁷ But since both the 1660 and the 1674 decisions were presumably based on the Korean National Code, the officials could not retreat into this mist of ambiguity without acknowledging an explicit inconsistency in the sources. Soon, a memorial arrived from To Sinjing (1604-78), an elderly scholar known for his expert knowledge of ritual matters. Tos memorial discussed all the inconsistencies in Queen Dowager Chaŭis mourning rituals and their significance in terms of the question of Hyojongs legitimacy.⁵⁸
Jahyun Kim Haboush	Constructing the Center - The Ritual Controversy and the Search for a New Identity in 17th Century Korea 	Finally awakened to these implications, Hyonjong investigated and emerged outraged and hurt. The monarchs rage finally succeeded in suppressing official resistance. The period of Queen Dowager Chaŭis mourning for Hyojongs wife was changed to one year.⁵⁹ Hyonjong began to assert monarchical authority by punishing the Sõin bureaucrats, but his death only a month after he had reversed the decision left a more effective assertion of royal power to his only son, Sukchong (r. 1674-1720).⁶⁰
Jahyun Kim Haboush	Constructing the Center - The Ritual Controversy and the Search for a New Identity in 17th Century Korea 	The Rhetoric and the Symbols of the Ritual ControversyOne reason the controversy over the mourning rituals for Hyojong has confounded modern scholars is the discrepancy between the appearance and the meaning of the rhetoric of the controversy. Indeed, the dispute cannot be explained in terms of any of the usual factors generating royal politics. This was not a succession struggle or a contest of power between the heirs of Hyojong and those of Prince Sohyon. Nonetheless, there were certain anomalies in the circumstances under which Prince Sohyon had died and the line was transferred to Hyojong. In fact, there are intimations that a much larger political force was at work. Both Crown Prince Sohyon and his younger brother Hyojong, then known as Prince Pongnim, were taken hostage in 1637 by Ching Tai-tsung when he invaded Korea. They spent most of their eight-year captivity in Shenyang, the Manchu capital, until the Manchu court moved to Beijing in 1644. In 1645, the Manchus sent the two Korean princes home. Prince Sohyon was the first to arrive. He returned in the second month of 1645 and died two months later. Hyojong arrived in the fifth month, a month after his brothers death, and was appointed heir apparent within two months of his arrival. Prince Sohyons sudden death so soon after his return, allegedly of symptoms that resembled poisoning, led to suspicions of foul play.
Jahyun Kim Haboush	Constructing the Center - The Ritual Controversy and the Search for a New Identity in 17th Century Korea 	A source no less official than the *Sillok* itself enters into a long chain of speculations on Sohyons death. It implicates Lady Cho, King Injos favorite, as the probable culprit in Prince Sohyons murder, but pointedly absolves Injo of any part in or knowledge of schemes leading to his sons death.⁶¹ This exculpatory attitude toward Injo is not uniformly shared. The modern historian Kim Yongdõk, for instance, argues that King Injo committed the murder out of anger and displeasure with his sons pro-Ching stance. Kim pursues this logic to explain Injos choice of Prince Pongnim as heir apparent and his relentless persecution of Prince Sohyons family. Injo never forgot the humiliation he had suffered when he had to kneel abjectly before Ching Tai-tsung. His younger sons fierce anti-Ching sentiments, which seem to have developed during his long years of captivity, warmed his fathers heart.⁶² But despite the obvious differences between King Injos and Prince Sohyons outlook and the effects these might have had on their relationship, there is also evidence of considerable affection between them,⁶³ sufficient, in fact, to make intimations of filicide dubious.⁶⁴
Jahyun Kim Haboush	Constructing the Center - The Ritual Controversy and the Search for a New Identity in 17th Century Korea 	Nonetheless, Injos treatment of Sohyons family and allies was extremely harsh. His persecution of his sons family began soon after the appointment of Hyojong as heir. The four Kang brothers, the brothers of Sohyons wife, were the first to suffer. They were first banished and later tortured to death while being tried for treason.⁶⁵ In early 1646, Princess Kang, Sohyons wife, was deprived of her royal title and executed. Subsequently her property was confiscated.⁶⁶ In 1647, Sohyons three sons, then age twelve, eight, and four, respectively, were banished. In 1648, the two older ones died.⁶⁷ All of this seems far too severe to be interpreted solely as steps to ensure a smooth transfer of the line from the previous heir to the new one. Had this been Injos aim, he succeeded only too well. Sohyons line was completely stripped of any political influence it might once have possessed. When Hyojong ascended the throne in 1649, he could afford to display royal magnanimity and released from banishment his older brothers surviving son, Sökkyon, who, isolated and diminished in status, posed no threat to the reigning line of the royal house.⁶⁸
Jahyun Kim Haboush	Constructing the Center - The Ritual Controversy and the Search for a New Identity in 17th Century Korea 	Did the Soins assessment of Hyojongs filial rank in the ritual controversy represent disaffection with Hyojong? As noted above, Song Chungil had urged King Injo, after Sohyons death in 1645, to appoint the dead princes oldest son as heir-apparent.⁶⁹ Then when Hyojong died in 1659, the Sõin made an unflattering assessment of his birth credentials. One might conclude that there had been some strain between the Soin and Hyojong. But Hyojong was generally well liked, and his most enthusiastic supporters were the Soin. This is hardly surprising-they shared Hyojongs fervent anti-Ching ideology. The Sõin retained their power during Hyojongs reign and had every reason to believe that they would continue to do so under the new king, Hyojongs son, and indeed they did.
Jahyun Kim Haboush	Constructing the Center - The Ritual Controversy and the Search for a New Identity in 17th Century Korea 	The rapport between Hyojong and the Soin is exemplified by the close relationship between the king and Song Siyol and Song Chungil, the undisputed leaders of the Soin. The two Songs, renowned for their scholarship in the Chu Hsi school of orthodoxy, were what was known as *sallim* scholars (literally, scholars of the mountains and forests), who, unlike professional officials who entered the bureaucracy by passing the civil service examinations, abjured examinations and official careers and only periodically accepted public posts at royal invitation.⁷⁰ Both Songs enjoyed the prestige and high esteem accorded to only a few scholars, and their luster was derived, at least in part, from their independence.⁷¹ Song Siyol, the more forceful and influential of the two, for instance, accepted the post of tutor to the young Prince Pongnim in 1635, but after the Choson court capitulated to the Manchus in 1637, he declared it disgraceful to serve in office in such times of humiliation and lived in retirement, refusing all posts. Only Hyojongs staunchly anti-Ching policies and his repeated pleas that they plan together to avenge the humiliation persuaded Song to re-enter the bureaucracy.⁷²
Jahyun Kim Haboush	Constructing the Center - The Ritual Controversy and the Search for a New Identity in 17th Century Korea 	In early 1659, a few months before Hyojong died, he granted Song the rare honor of a solitary audience (toktae), in violation of Choson custom, which required that all royal audiences with officials be conducted in the presence of historians to record the proceedings.⁷³ What we know of this tête-à-tête derives from Song Siyols account of it. Song claims that Hyojong expressed great confidence and resolve in his ability to launch an expedition to conquer the Manchus in ten years and requested Songs cooperation.⁷⁴ Very few unaccompanied audiences are recorded in Choson history, and these are seen as displaying extraordinary royal trust in the persons to whom they were granted.⁷⁵ The view that Song Siyols relationship with Hyojong was one of personal respect and ideological affinity seems to have been prevalent. Upon Hyojongs death, Song was chosen to write his funerary epitaph.⁷⁶ Later, after the passions of the ritual controversy had died down, Song Siyol was posthumously enshrined in Hyojongs ancestral temple, an honor bestowed upon only a few of the kings most loyal officials.⁷⁷ It seems unlikely that the Soins position on Hyojong connoted personal or political disaffection.
Jahyun Kim Haboush	Constructing the Center - The Ritual Controversy and the Search for a New Identity in 17th Century Korea 	What, then, were the issues that were so fiercely contested in the controversy? Phrased in the technical language and rhetoric of the mourning ritual, there were several major points of conflict. The first and most central issue was a new definition of the ruler. This developed in two different contexts. One was the question of how to understand the position of the royal house vis-à-vis the yangban family. The two Songs on the one hand and Ho Mok and Yun Hyu on the other disagreed on whether the royal family was to be governed by the same set of ritual rules as the yangban family or by a different set of rules in recognition of its special status. Was the royal family *primus inter pares* or *sui generis*?
Jahyun Kim Haboush	Constructing the Center - The Ritual Controversy and the Search for a New Identity in 17th Century Korea 	This question was related to the complex processes through which the Confucianization of Choson Korean society proceeded. Both the Confucian normative system and Korean native custom influenced this process. The Yi royal familys role in this social transformation was ambiguous. On the one hand, the royal family, especially the king, pioneered and exemplified the rigors of Confucian ritual. For example, in 1517 King Chungjong (r. 1506-44) became the first king to induct his bride as prescribed by Chu Hsis *Family Ritual*.⁷⁸ Afterward this became the norm for weddings in the royal family.⁷⁹ This stood in contrast to wedding practices among yangban families, which retained a great deal of indigenous custom.
Jahyun Kim Haboush	Constructing the Center - The Ritual Controversy and the Search for a New Identity in 17th Century Korea 	On the other hand, the royal family did not abide by the rules governing the patrilineal descent group. The patrilineal descent group, which had become the norm for the yangban class by the seventeenth century, incorporated succession through the eldest legitimate son and the marginalization of children by concubines; these were practices new to Korea. As Martina Deuchler shows, however, these practices contained uniquely Korean elements, distinct from contemporary Chinese practice. When the eldest son was incapacitated or had no heir, for instance, the line was not transferred to a younger brother, but continued through an adopted heir of the eldest son.⁸⁰ The children of concubines, no matter how illustrious their fathers pedigree may have been, were not even considered full-fledged yangban. They were discriminated against in both the public and the private spheres.⁸¹ Despite their Korean elements, these practices were seen as the quintessence of Confucian norms.
Jahyun Kim Haboush	Constructing the Center - The Ritual Controversy and the Search for a New Identity in 17th Century Korea 	With its concerns for bloodline and ability, however, the royal succession did not follow the strict rules of the patrilineal descent group. It remained rather flexible concerning the rules of succession, and even concubines children were not necessarily excluded.⁸² Song Siyols assessment of Hyojong, the most stringent of all possible interpretations, reflected the standards of contemporary yangban families. In contrast, Ho Mok reasoned that since Hyojong had been a reigning monarch, he should be accorded the status of successor. In other words, the royal succession was a special case and had to be evaluated by a separate rule.
Jahyun Kim Haboush	Constructing the Center - The Ritual Controversy and the Search for a New Identity in 17th Century Korea 	The second point of disagreement concerning the ruler, which developed between Yun Hyu and the others, was over the separation between the state and the royal house. Should the king always be treated as the head of the state, or should he, in matters concerning his relationship to his family, be treated as a member of a family bound by family rules and ritual? The relationship between the state and the royal house is an extremely intriguing question, but much remains to be done on this topic.⁸³ During the Choson dynasty, those ritual activities of the ruler that were deemed public were classified as state rituals. Some of the ceremonial activities of the king and his family were also classified as state rituals.⁸⁴ The kings ceremonial relationship to his legal mother, for instance, was seen in a public light since two public personages, the king and the queen mother, were involved. Since filiality ranked first among human relationships and since the proper exhibition of it was regarded as the foundation of the social order, royal filiality was in most instances seen as contributing to public order.⁸⁵ What is of interest in Yun Hyus argument is his proposal for a complete separation between the state and the royal house. In this scheme, the king was to be treated as the head of the state even by members of his family, who then became his subjects, and this was to be upheld on all occasions of an even slightly public nature. This is not merely a matter of granting a special status to the royal house; rather, it is one of acknowledging the purely public nature of the state and the sovereign. Here Yun was advancing a new definition of the public and private spheres and a new concept of the relationship between the two spheres.
Jahyun Kim Haboush	Constructing the Center - The Ritual Controversy and the Search for a New Identity in 17th Century Korea 	The more fundamental aspect of this contentious discourse was that it unfolded in an atmosphere of total confusion concerning structures of authority. The participants in the controversy did not agree on the standards by which questions concerning the throne could be evaluated and decided. Not only did they dispute which text and which interpretations should be accepted as authoritative, but their points of departure also seem to have been very different. Although all four of the principal scholars in the controversy cited the *Ceremonials and Rites*, Song Siyol accepted only those commentaries approved by Chu Hsi. He disputed Hõ Moks argument on the grounds that it was based on Chia Kung-yens commentary, which had not been validated by Chu Hsi. Song was also willing to concur with the prime ministers suggestion that the decision on Hyojongs mourning be based on the Korean legal code, because the *Ming Legal Code* stipulated the same observance. Song Siyol followed Chu Hsi orthodoxy and the Ming social and legal structures, which he considered consistent with it. In contrast, Ho Mok and Yun Hyu argued from a perspective that would enhance the prestige of the Korean ruler. To them, Chu Hsis failure to validate Chia Kung-yens commentary was irrelevant, and Yun rejected the National Code not because it was Korean but because it was written for the yangban family and was thus inapplicable to the throne.
Jahyun Kim Haboush	Constructing the Center - The Ritual Controversy and the Search for a New Identity in 17th Century Korea 	A related issue, raised in a much more subtle and implicit manner, was the question of the agency for conferral of authority. With the demise of the Ming dynasty, which had functioned as the signatory of the civilized order, an external agency no longer existed. Should, then, a domestic agency be empowered to evaluate and render judgments on royal legitimacy and, if so, who?
Jahyun Kim Haboush	Constructing the Center - The Ritual Controversy and the Search for a New Identity in 17th Century Korea 	The Demise of the Old OrderThe ritual controversy was embedded in the contemporary political and intellectual communitys anxiety over the Korean state, which was to a large extent triggered by changes in the international situation in the seventeenth century. In response to the realignments of the power structure in Northeast Asia, Koreans had to redefine the contours of the world order, including their territorial and conceptual mapping of the boundaries between civilization and barbarity, and between self and other. This impinged directly upon the political and cultural identity of the state. While the Ming dynasty reigned in China, the Sino-Korean relation was defined largely in terms of a convergence between the political and the cultural spheres and a harmony between self and the fellow members of the civilized world. Ming China reigned at the center of this civilized world. The Korean relationship with Ming China was presented in terms of a special affinity: both had reclaimed their respective native traditions after a century of Mongol domination, and both subscribed to the Neo-Confucian conception of the world. Koreans regarded the Ming as worthy leaders of the civilized world. True, there was tension between these two neighboring countries of such unequal strength and status-Korea was only one-fortieth the size of China and had to accept its status as a tributary state. The relation was especially tense in the early period. But, as Choson Koreans began to feel more confident of their Confucian culture, they claimed to be the more authentic heirs of Sung Neo-Confucianism and even strongly disapproved of philosophical developments in Ming China.⁸⁶
Jahyun Kim Haboush	Constructing the Center - The Ritual Controversy and the Search for a New Identity in 17th Century Korea 	The potential and, at times, real, conflicts with China in the political sphere, and Koreans ideological disapproval of Ming scholarship, however, were for the most part subsumed under the rhetoric of a shared commitment to Confucian civilization. The Ming investiture of the Korean king, which was formalized from the reign of the third Choson king, was seen as a signifier of the peaceful relationship between the two countries. Within this framework, Korea maintained a military establishment more to keep order within the country than to expel foreign incursions. Koreans saw their relationship to China as more than a political arrangement; it was a confirmation of their membership in Confucian civilization. This alliance seems to have provided Koreans with a sense of security in the face of a vast array of menacing forces surrounding the civilization of which Korea and China were a part. The main threats were barbarians in Manchuria and the northern steppes whom Koreans and Chinese hoped to contain, thereby sustaining peace and security.
Jahyun Kim Haboush	Constructing the Center - The Ritual Controversy and the Search for a New Identity in 17th Century Korea 	This seems to have worked for 200 years. This sense of security, however, began to erode in the last decade of the sixteenth century. The first event that undercut it was the totally unexpected invasion from Japan in the 1590s. It was not that Korea ignored her neighbors across the Sea of Japan. Korean foreign relations were by no means linear. Besides Ming China, Korea also had diplomatic and trade relations with other countries, including Japan and the Ryukyus.⁸⁷ Japanese pirates posed a serious problem on Korean shores, as they had in the late Koryo and the early Choson period, but until Hideyoshis invasion Korea had not experienced a massive invasion of inland areas by Japan. Thus, Japan had not figured prominently in the spectrum of national security threats. The Japanese invasion not only took a large toll of lives and had a devastating effect on the economy, but also challenged the long-standing assumption that national defense depended on securing the northern border. Even after peace was restored between the two countries, suspicion and unease remained an undercurrent in Koreas subsequent relations with Japan and a source of insecurity.
Jahyun Kim Haboush	Constructing the Center - The Ritual Controversy and the Search for a New Identity in 17th Century Korea 	The demise of the Ming seems to have created a sense of doom, a sense that the world as they knew it had come to an end and that if they did not wish to be swept away by this whirlwind of disorder, they had to construct a new episteme with which they could understand and conceptualize the changed world order. During the war with Japan, Ming China had sent troops to Korea, thus confirming their mutual commitment against outside threats. This had deepened the Korean sense of kinship with Ming China. Koreans saw the Manchu conquest of Ming China as nothing less than a barbarian usurpation of the center of civilization. As far as they were concerned, the world was in shambles. They felt that they had to construct a wholly different notion of their state and their relationship to civilization.
Jahyun Kim Haboush	Constructing the Center - The Ritual Controversy and the Search for a New Identity in 17th Century Korea 	Their response consisted of two closely related components. One was a redrawing of the territorial and conceptual boundaries of civilization and barbarity. Korea no longer conceived of itself as a part of a larger civilized order, but as a lone entity whose survival as a culture required a separation from the larger, corrupt order that prevailed externally. The Korean state thus had to be its own center. This task was felt to be urgent and yet complex, because despite the Korean contempt for the barbarian Ching, Korea had to remain politically and ritually subservient to it. Korea resisted entering into this relation with the Manchus as long as it could. As part of the Manchus bid for rule of China, it was important for them to acquire the same symbolic recognition of superior status from their neighbors as the Ming had, and they invaded a recalcitrant Korea to exact the recognition they desired on two occasions, in 1627 and in the winter of 1636-37, the latter of which resulted in a disastrous defeat for Korea.
Jahyun Kim Haboush	Constructing the Center - The Ritual Controversy and the Search for a New Identity in 17th Century Korea 	In 1645, relations between the two countries assumed somewhat normal proportions. Korea performed rituals symbolizing its status as a tributary state of the Ching just as it had done during the Ming dynasty.⁸⁸ These rituals, however, signified something completely different-the unbelievable reality of barbarian dominance of China, the demise of civilization at its very center, and a disrupted world order.⁸⁹ Had Koreans been able to cut themselves off from the China-centered world order altogether now that China had become barbarian, the situation could have been far less complex. As it was, Choson Korea had to accept its tributary status, and, still more onerous, its survival depended on staying in the Chings good graces.
Jahyun Kim Haboush	Constructing the Center - The Ritual Controversy and the Search for a New Identity in 17th Century Korea 	Cultural accommodation to Manchu ways was never an option. There was an overwhelming sense that Korea was the last bastion of Confucian civilization and that it should fulfill this mission in the best way possible. In discussing the evolution of French identity, Liah Greenfeld points out a delicate relationship between Frances commitment to the Christian Church and its gradual and imperceptible separation from it in the thirteenth century. She claims that the French desire for superiority and autonomy was articulated in the fourteenth century in the assertion that the French were more Catholic than the Pope.⁹⁰
Jahyun Kim Haboush	Constructing the Center - The Ritual Controversy and the Search for a New Identity in 17th Century Korea 	If the Korean sense of appropriating what is universal as their own seems rather similar to the French nationalization of Catholicism, the Korean sense of mission was far stronger in that they felt they were the only, rather than the most superior, embodiment of the structure of value. The French did not deny the legitimacy of the Vatican, but the Koreans saw the Manchus as illegitimate. Thus, it was not a matter of competition, but one of preservation. This sense of a Korean mission seems to have lasted almost to the close of the dynasty. Thus, in the eighteenth century King Yongjo (r. 1724-76) announced that the Central Plains [China] exude the stenches of barbarians and our Green Hills [Korea] are alone.⁹¹ Indeed, Koreans never really discarded their anti-Manchu stance. Throughout the latter half of the Choson dynasty, they took pride in the fact that, unlike the Chinese, who had been made to adopt the Manchu hairstyle, headdress, and official dress, they had remained truthful to civilized habits by perpetuating the Ming hairstyle and Ming dress.⁹² These habits, which were seen as the embodiment of civilized behavior, encoded the essence of the civilization they sought to preserve and justified and made urgent their role as the people preserving these norms.
Jahyun Kim Haboush	Constructing the Center - The Ritual Controversy and the Search for a New Identity in 17th Century Korea 	This conscious sense of identity, as a unique people preserving civilized norms, was directly linked to the second component of their construction of an identity -- the source of authority for Korean civilization. Ming China had been the leader of Confucian civilization; its disappearance deprived Korea not only of the agent that had validated its membership in the civilized world but also of the structures by which its civilization was valorized. Consequently, Koreans had to construct new structures of authority; this in turn required them to examine the spiritual sources of authority and the corresponding agencies of evaluation. That ritual discourse became the site on which different views on these matters clashed is not surprising. In the cultural matrix of the time, ritual was seen as the manifestation of order as well as a means through which order was preserved and restored.⁹³ Why did these issues come to the fore at this particular historical moment? Why did they appear so compelling at the time of Hyojongs death in 1659 twenty-two years after King Injo had surrendered to Ching Tai-tsung and fifteen years after the Ming dynasty had ended?
Jahyun Kim Haboush	Constructing the Center - The Ritual Controversy and the Search for a New Identity in 17th Century Korea 	Hyojong and the Dream of a Northern ExpeditionKing Hyojong reigned at a special time in Korean history. He was the first Choson king to come to the throne after the change of dynasties in China in 1644, and he embodied Koreas postwar determination for revenge and longing for the restoration of the old world order. True, his father, King Injo, had performed personal obeisance to Ching Tai-tsung. This humiliating act was the final episode in the long and slow disintegration of the old order of which he had been a part. Hyojong, on the other hand, had no formal connection with the old order. He was the first Choson king since Chongjong (r. 1399-1400), the second ruler, who had not received investiture from the Ming court. He was also the only Choson ruler who spent time as a hostage in a foreign land. In fact, he seems to have felt that the humiliations he had suffered in his eight years of captivity were inscribed on his body, and he expressed a burning desire to retaliate and inflict physical damage on the Ching dynasty. Hyojong is remembered for beginning a serious reorganization of the military.⁹⁴ He wanted to restructure and strengthen the Korean army sufficiently so that if the situation proved favorable, Korea might attack the Ching.⁹⁵
Jahyun Kim Haboush	Constructing the Center - The Ritual Controversy and the Search for a New Identity in 17th Century Korea 	To what extent Hyojongs *pukpõl* (northern expedition) policy was a realistic plan or an ideological posture is difficult to determine. However unrealistic the policy sounds in historical hindsight, Ming loyalists were still active in the south and the west.⁹⁶ The Korean court watched their movements intently for any sign of meaningful recovery. The Ming loyalist movements, however, offered scant encouragement. They were driven further and further into peripheral regions,⁹⁷ as Hyojong learned to his distress.⁹⁸ Moreover, he had to pursue the northern expedition policy with extreme caution. The Manchus were aware of Korean hostility and interfered with internal politics in a high-handed manner. Early in Hyojongs reign, for instance, the Ching court heard of Korean military preparations through a pro-Ching Korean official and forced prime ministers to resign on two occasions.⁹⁹ The official community thus responded fearfully to the kings aspirations for a northern expedition.¹⁰⁰ Still, the intellectual community displayed a nearly uniform commitment to the Choson state, and this seems to have helped safeguard it against the dangers posed by opportunists attempting to ride on Ching coattails. Nothing seems to have dimmed Hyojongs determination. Outwardly he labored to appease the Ching, but he also redoubled his efforts to prepare for attack in the later years of his reign; as noted above, in his famous solitary audience with Song Siyol he is said to have expressed confidence that he would be able to launch the northern expedition and to conquer the Manchus in ten years.¹⁰¹
Jahyun Kim Haboush	Constructing the Center - The Ritual Controversy and the Search for a New Identity in 17th Century Korea 	Hyojongs death, however, signaled the end of the brief period in which Koreans dreamed of a northern expedition and the destruction of the Ching dynasty. It was not that Hyojongs military preparations went completely to waste. The military reorganization that he initiated continued. In a world that was seen as hostile and dangerous, military strength remained a compelling issue, even though it was not successfully resolved.¹⁰² Nor did Koreans publicly accept the termination of their dream of the northern expedition. Indeed, as Hosaeng chon (The biography of Mr. Ho) by the famous eighteenth-century scholar of practical learning Pak Chiwon (1737-1805) illustrates, their inability to conquer the Ching remained a source of profound humiliation and self-reproach. Koreas aspiration to restore the old world order militarily, however, ended with Hyojongs demise. It was time to mourn its passing and to confront the meaning of the changed order and Koreas role in it. It seems poignant but fitting that it was Hyojongs body, the symbol of the ruined dream, that emerged as the site on which the contestation over the new Korean identity raged. And it was as an abstracted body representing the Yi monarchy that it came under scrutiny.
Jahyun Kim Haboush	Constructing the Center - The Ritual Controversy and the Search for a New Identity in 17th Century Korea 	The Ritual Controversy and the Korean Intellectual CommunityOne distinguishing feature of the ritual controversy is that the major proponents of the controversy were ranking *sallim* scholars. The mourning protocol was, of course, implemented by the concerned government agency, but *sallim* scholars set the agenda of the discourse. As mentioned above, Song Siyol and Song Chungil of the Sõin faction were *sallim* scholars of great renown. Their Namin counterparts, Ho Mok¹⁰³ and Yun Hyu, were also *sallim* scholars with resounding reputations for independence and scholarship. In fact, Yun Hyu had yet to accept an official post.¹⁰⁴ *Sallim* scholars often played a significant role as mediators between the government and the larger intellectual community. Their role in the ritual controversy is a representative example.
Jahyun Kim Haboush	Constructing the Center - The Ritual Controversy and the Search for a New Identity in 17th Century Korea 	It is not that politically influential private scholars were new to the Korean intellectual scene. For Confucian scholars, at least in Korea and China, a life devoted to the pursuit of scholarship was a viable alternative to public service. Many had difficulty choosing between the two. Both Chu Hsi of Sung China and Yi Toegye (Yi Hwang, 1501-70), the seminal scholar of sixteenth-century Korea, were noted for their ambivalence on this issue.¹⁰⁵ In some periods and regions, those who opted for a private life had greater moral prestige than officeholders.¹⁰⁶
Jahyun Kim Haboush	Constructing the Center - The Ritual Controversy and the Search for a New Identity in 17th Century Korea 	In Korea, when social or political upheavals such as the military coup of the twelfth century or the change of dynasty in the fourteenth century rendered public service inhospitable, scholars often sought refuge in private scholarship. With the proliferation of private academies in the late sixteenth century, however, private scholars emerged as influential members of the intellectual community and as a group constituted a bloc parallel to the scholar-official community. Toward the end of the sixteenth century, the government institutionalized the status of these scholars by devising procedures to invite these scholars to serve in a fixed number of government posts. *Sallim* scholars became an accepted feature of government for the remainder of the dynasty.¹⁰⁷ Thus, the term *sallim* scholars came to refer to both those who did not hold posts in the government and those who accepted office, although even in the latter case it was assumed that their tenure in office would be temporary. Placed in a different category from career officials, the *sallim* scholar-officials were given special treatment; this was due in part to a recognition of the resolution required to forgo power and remain a private person. In any event, only a small proportion of the *sallim* scholars received office and then usually only for a brief time.
Jahyun Kim Haboush	Constructing the Center - The Ritual Controversy and the Search for a New Identity in 17th Century Korea 	Sometimes, however, refraining from government service was not just a matter of individual choice but a test of moral integrity. During the seventeenth century, because the Korean court was viewed as having been tarnished by its capitulation to the Manchus, accepting a government post implied moral compromise, and so the prestige of the *sallim* scholars increased sharply.¹⁰⁸ All four major figures in the ritual controversy had shied away from government service and responded to royal invitations only intermittently, claiming that it was dishonorable to take office in a time of such shame and that they wished to devote their time to scholarship and the renewal of order. Their passionate participation in the ritual controversy indicates that they felt the issues under discussion were matters not just of bureaucratic procedure but of cultural and political significance. That perception was shared by the entire political and scholarly community, which extended from the court to the provinces and participated in the discourse. The positions of these four scholars on the ritual controversy represented articulate and distinctive points in a wide spectrum of views held by this community.
Jahyun Kim Haboush	Constructing the Center - The Ritual Controversy and the Search for a New Identity in 17th Century Korea 	Korea and the Construction of the New EpistemeDespite the pervasive sense that Korea had to construct a new episteme with which to view the world and the self, there was a deep cleavage over how this should be done. The fundamental divide among these scholars arose from their different conceptions of national self and of the boundaries between self and other. Those who conceived of the self as an integrated whole consisting of inseparable parts related to the other in the totality of its existence, whereas those who saw the self as a sum of separable parts could relate to a part of the other. These ideas had direct corollaries concerning conceptions of civilization and the state and the relationship between them, especially as these applied to the Korean monarchy. From the beginning, the most profound disagreement between Song Siyol and Song Chungil on the one hand and Yun Hyu and Ho Mok on the other concerned the Korean sense of identity and its relation to the other. The two Songs felt that a “national entity could be conceived of in terms of its separate parts, specifically separate cultural and political entities, and that as a cultural entity Korea was inextricably linked to a civilization that was defunct in its place of origin, and that Korea was even, perhaps, the sole remaining embodiment of that civilization. In other words, they could not conceive of Korea independently of the larger civilization.
Jahyun Kim Haboush	Constructing the Center - The Ritual Controversy and the Search for a New Identity in 17th Century Korea 	Song Siyols point of departure in considering human civilization was that Chu Hsis version of Neo-Confucianism was the pinnacle of human achievement. In Choson Korea, where Neo-Confucian scholarship developed largely in the shadow of Chu Hsi, admiration for the Sung philosopher was nothing new.¹⁰⁹ Sixteenth-century Korean scholars, however, allowed themselves enough space to conduct their own search for truth. Yi Yulgok (Yi I, 1536-84), one of the foremost philosophers of that time, openly disagreed with a certain point in Chu.¹¹⁰ This voice of an independent-minded scholar willing to differ from a towering figure revered by all underscores the confidence of the age in its mastery of the culture of which Chu was the central figure.
Jahyun Kim Haboush	Constructing the Center - The Ritual Controversy and the Search for a New Identity in 17th Century Korea 	Not so with Song Siyol. By his time, the very structure that had provided the security and freedom which made disagreement with its central figure a possibility was in disarray. In despair, he struck a fundamentally defensive posture. He attempted to reify Chu Hsis philosophy into an unchanging, everlasting system of values. Moreover, Song believed not only that an entity could be conceived in terms of separate cultural and political parts, but also that the cultural sphere was superior to the political and indeed that the *raison dêtre* of the political sphere was to embody the cultural precepts of its civilization. Thus, he valued the Ming state highly because he viewed it as embodying Confucian civilization. It was, in fact, its last complete manifestation. With the disappearance of the Ming, Korea was left incomplete and orphaned.¹¹¹ In order to remain culturally viable, Korea had to adhere faithfully to what Ming China had represented.¹¹² To Song, the Ming state and Chu Hsis philosophy represented the institutional and philosophical cornerstones upon which Korea should be valorized.
Jahyun Kim Haboush	Constructing the Center - The Ritual Controversy and the Search for a New Identity in 17th Century Korea 	Songs veneration for Chu Hsi went beyond the commonly held view of Chu as the great synthesizer of the doctrines of the Nature and Principle School (Sõngnihak) of Neo-Confucianism. To Song, Chu Hsi represented the culmination of truth in whom the way of Yao and Shun, Confucius and Mencius, is present.¹¹³ He seems to have believed that any deviation from Chu Hsi would constitute a blemish and checked all new ideas against those of Chu Hsi.¹¹⁴ He emulated and identified with Chu Hsi not only in scholarly matters but also in his personal life.¹¹⁵ Likewise, he saw any deviation from Ming practice as a departure from the cultural norm. In this sense, Song saw the Korean mission as one of perpetuating Chu Hsis scholarship and embodying Ming cultural norms.
Jahyun Kim Haboush	Constructing the Center - The Ritual Controversy and the Search for a New Identity in 17th Century Korea 	On the other hand, Yun and Hõ regarded Korea as a discrete body whose various parts could not be conceived separately. As such, it had its own autonomous and separate existence apart from its previous membership in the fallen civilization. Yun Hyu and Hõ Mok searched for a definition of civilization that would allow Korea a distinct and autonomous identity. Rather than remain confined by Sung Neo-Confucian interpretations, they sought inspiration directly from the ideal ages of antiquity, from the era of the sage kings to the Chou period.¹¹⁶ This allowed them flexibility in considering the Korean case. One idea was that since Korea was directly linked to the wellsprings of civilization, it had no need to be validated by Chu Hsi or Ming civilization. Another was that they could construct a conceptual framework to evaluate specific qualities of the civilizations of the successive historical states. They concluded that later Chinese states, from the Han to the Ming dynasties, fell far short of the ideals of antiquity.¹¹⁷ This was undertaken not so much to establish the distinct qualities of each historical state as to underscore the notion that civilization was constantly evolving and changing and that none of the historical states should be taken as an inviolate model.
Jahyun Kim Haboush	Constructing the Center - The Ritual Controversy and the Search for a New Identity in 17th Century Korea 	A corollary to this view was the relegation of Chu Hsi to a position of being but one of many scholars. Yun and Hõ paid homage to Chu Hsi as a great scholar, but they did not subscribe to the view that he was the supreme authority for validating later thought. In this matter, Yun was again more vocal. Ho was content to express a preference for the Six Classics (Yukkyong) over the Four Books by saying that the high level of writing that Confucius had reached has not truly been understood or equaled in later ages.¹¹⁸ Although it was expressed indirectly, this was a comparison unfavorable to Chu Hsi.
Jahyun Kim Haboush	Constructing the Center - The Ritual Controversy and the Search for a New Identity in 17th Century Korea 	Yun Hyu, on the other hand, took an iconoclastic approach. He explicitly challenged Chu Hsis exegetical authority. Using the empirical and philological methods available to him, Yun investigated a number of texts edited by Chu Hsi, then rearranged the *Ta-hsüeh* (Great Learning) and the *Chung-yung* (Doctrine of the Mean). As Martina Deuchler notes in her chapter in this volume, since the Four Books with commentaries by Chu Hsi not only were the cornerstones of Neo-Confucian orthodoxy but also were viewed as sacred by Choson scholars, this certainly was a daring act. Although Yun attempted to justify his rearranging of canonical texts by pointing out that Chu Hsi had done the same, this act earned him the eternal and unremitting enmity of Song Siyol. Earlier, Song had admired Yun for his refusal to enter government service,¹¹⁹ but now he became Yuns most vocal foe. Song termed Yun a traitor to our [Confucian] culture/way (*samun/sado chi nanjok*) and routinely referred to him as that enemy Hyu or that thief Hyu (*chok Hyu*).¹²⁰ Even Ho Mok thought that Yun had gone too far by tampering with the texts.¹²¹
Jahyun Kim Haboush	Constructing the Center - The Ritual Controversy and the Search for a New Identity in 17th Century Korea 	Yun Hyu stressed the inviolability of an individual scholars quest for truth unrestricted by the theories of previous scholars, however great they may have been.¹²² At the same time, he placed an individuals solitary search within the context of humanitys collective knowledge, which constantly evolved and whose benefit was shared by everyone. He maintained that no one person could attain a complete understanding of the universe and, based on what was already known, he wished to investigate further to illuminate the ways of the sage kings, with the sole purpose of sharing his discoveries with others.¹²³ The objects of his search were the concrete things, institutions, and laws of the classical era, which he held to be models for later ages. Thus although he valued the Classics, it was as sources for an understanding of the spirit and institutions of the age.¹²⁴ The extent to which Yuns views represent a historicist vision, a hermeneutical shift from the Classics to the classical era, from the *chefs-doeuvre* of mankind to the historical interconnection which supports them in Paul Ricoeurs phrase,¹²⁵ has to be further examined. According to John B. Henderson, this transition occurred in China and Europe in the eighteenth and nineteenth centuries.¹²⁶ Although a thorough analysis is needed to place Yun in proper perspective, he displayed a rather critical attitude toward tradition. Later, when he finally accepted an official post under King Sukchong, for instance, he suggested to the king that the taboo on using Confuciuss given name be dropped and that Chu Hsis commentaries be discarded.¹²⁷
Jahyun Kim Haboush	Constructing the Center - The Ritual Controversy and the Search for a New Identity in 17th Century Korea 	These scholars also subscribed to different visions of Koreas place in the world and prescribed different strategies for Korea to fulfill that role. Song Siyol suggested a defensive approach. Since he held to the view that Korea was inextricably linked to the larger world, he concluded that the restoration of Koreas internal order could not be accomplished without the restoration of order in the larger world. His belief that the function of the state was to serve as a conveyor of culture further convinced him that Korea was duty bound to restore order in the world at large by attacking the barbarian Ching. He invoked nothing less than human emotion and heavenly principle to stress the ethical inexorability of this action.¹²⁸
Jahyun Kim Haboush	Constructing the Center - The Ritual Controversy and the Search for a New Identity in 17th Century Korea 	Having lived through the Manchu invasions, however, Song was aware of their military strength and did not think it possible to conquer them in the near future. Thus, he needed to construct a conceptual framework that would enable Koreans to live with the undesirable reality of Manchu domination of what had been the center of the civilized world and yet still be able to uphold principle. He found his inspiration in the phrase Respect the Chou and reject/ drive out the barbarians (*chon Chu yangijõk*), which he believed to be Chu Hsis interpretation of the *Chun-chiu* (Spring and Autumn Annals). On this basis, he constructed an anti-Ching strategy with which Koreans, bearing unbearable pain in their hearts, were to reject the barbarians resolutely while patiently waiting until Heaven provided them with a suitable opportunity to drive out the barbarians.¹²⁹
Jahyun Kim Haboush	Constructing the Center - The Ritual Controversy and the Search for a New Identity in 17th Century Korea 	Song briefly entertained the possibility that the transformation from rejecting to driving out the barbarians might be within his grasp. This was when Songs vocal and unyielding anti-Manchu posture had led King Hyojong to believe that in Song he had found a ministerial partner for his resolute preparations for a northern expedition and to seek his advice. In the famous solitary audience with Hyojong, Song apparently promised to assist the king actively. When he heard the news of Hyojongs sudden death, he seems to have grieved it as a loss of an opportunity to fulfill his cherished dream of driving out the barbarians.¹³⁰ Afterward, Song reverted to the stance of reject the barbarians. He never again mentioned the northern expedition.¹³¹ In his view, Korea was in a state of suspended animation, forever at loggerheads with the hostile world; its role was mainly to defend and perpetuate the vision of Confucian culture perfected by Chu Hsi with as little change as possible.
Jahyun Kim Haboush	Constructing the Center - The Ritual Controversy and the Search for a New Identity in 17th Century Korea 	Ho Mok and Yun Hyu perceived Korea as operating on a much freer trajectory. Consonant with their conception of Korea as a separate and autonomous entity, they believed it capable of perfecting its internal order regardless of any disruption in the larger world. They proceeded from the premise that a nation was composed of inseparable constituents and that the political element was as important a constituent as the cultural element in determining Korean identity. As I discussed above, Yun sought inspiration for Korea in the social order and the system of antiquity. He examined such classical texts as the *Chou-li* (The rites of Chou) and *Li-chi* (The records of ritual) to find a suitable social model for Korea.
Jahyun Kim Haboush	Constructing the Center - The Ritual Controversy and the Search for a New Identity in 17th Century Korea 	Yun Hyus belief in Koreas intrinsic worth and ability was based on his vision of civilization and history. He stressed an intimate and direct relationship between Heaven and human societies, which possessed the full potential to embody Heavens will. He brought immediacy to this relationship by reactivating the ancient concept of Lord-on-High (Sangje; Ch. Shang-ti), a personified form of Heaven who responded with joy or anger to the affairs of human society. The quality of a society depended on the extent to which it responded to Heavens will and realized its potential.¹³² Thus, he held that just as he, as a thinking man, was obliged and able to seek and find truth as Chu Hsi had, Korea as an evolving civilization was responsible for examining the entire history of human civilization with a view to choosing which course to follow and was capable of realizing the order and harmony of the classical age. In fact, most of his scholarship was devoted to discovering the philosophical foundation for their realization by analyzing the political and social structures of different ages¹³³ and to drafting social and political reforms that would bring about this realization in Korea.¹³⁴ For example, he wrote a comprehensive plan to reform the government in which he recommended the restoration of many practices of the Chou era.¹³⁵
Jahyun Kim Haboush	Constructing the Center - The Ritual Controversy and the Search for a New Identity in 17th Century Korea 	In Yuns estimation, there was no reason why Korea could not realize the ideals of civilization within its own borders and then spread them to other states. When Yun Hyu finally accepted an official post in 1675, the Ching dynasty seemed threatened by Wu Sankueis rebellion.¹³⁶ He strongly urged the king to launch a northern expedition, but by this time no one thought it a practical idea.¹³⁷ Unlike Song Siyols view that the northern expedition was an unrealizable duty, Yuns proposal seems to have been based on an assessment that Korea was adequately equipped with troops and weapons and that disturbances within China offered an opportunity for Korea.¹³⁸
Jahyun Kim Haboush	Constructing the Center - The Ritual Controversy and the Search for a New Identity in 17th Century Korea 	Ho Mok also turned to the Classics for inspiration on the contemporary social order. His favorite text was the *Spring and Autumn Annals*. Ho paid a great deal of attention to the exterior structure of the social hierarchy. He believed that order depended on maintaining the distinctions among the different classes-the king at the top, then officials and scholars, followed by commoners.¹³⁹ This was to be accomplished by rectifying names (*chongmyong*), the famous recommendation of Confucius, and by observing proper ritual. Charting an independent course for Korea in the future, Ho opposed the northern expedition. He believed not only that Korea was unequipped to launch a successful attack but also that the high cost of military preparations and the establishment of a powerful military would invite disorder.¹⁴⁰
Jahyun Kim Haboush	Constructing the Center - The Ritual Controversy and the Search for a New Identity in 17th Century Korea 	Is there a framework that can accommodate the different visions of these scholars? A nation is often imagined, especially in its earlier stages, in contradistinction to the larger bloc, the civilization or community, in which it is situated. In her discussion of the history of nationalism in England, Liah Greenfeld locates its emergent national consciousness in the break with Rome. She claims that Henry VIIIs aim in the Act of Appeals was to imply that England was a sovereign polity separate from the rest of Christendom and that this was an important factor in the shaping of the national identity.¹⁴¹ Greenfeld also presents medieval Frances complicated relationships with the Holy Roman Empire and Rome as indicators of its evolving sense of national identity. The French kings sought to free themselves of external interference from the empire in temporal matters. By the close of the thirteenth century, the legal literature referred to the French king as the Emperor in his kingdom.¹⁴² The French desire for autonomy was no less strong in spiritual matters. Since France remained Catholic, however, this desire was channeled into becoming the most Christian community, superior even to Rome, rather than into rupture from it, and it led to the sacralization of the French king.¹⁴³
Jahyun Kim Haboush	Constructing the Center - The Ritual Controversy and the Search for a New Identity in 17th Century Korea 	The seventeenth-century Korean scholars notions of Korea also seem to have depended on their view of Korea in relation to the larger Confucian civilization. Although their constructions were quite complex, we may see the Namin as representing nationalist views and the Sõin a culturalist view, measured by their respective points of departure and their conceptual priorities and emphases. Ho Mok and Yun Hyu not only imagined a Korean polity independent of and separate from the larger civilization, but also began with the conviction of Koreas inherent uniqueness; other parts of their constructions were made to fit this central point. In contrast, for Song Siyol Koreas specialness lay in its role in the post-Ming world of being the conveyor of Confucian civilization. Consequently, its worth depended on the degree to which it preserved and embodied this civilization.
Jahyun Kim Haboush	Constructing the Center - The Ritual Controversy and the Search for a New Identity in 17th Century Korea 	The Concept of the SovereignThe differences in these scholars conceptions were perhaps most vividly displayed in their notions of the Korean king and his role. All of them placed the ruler at the center of the task of effecting order, but they differed in their views of how this was to be achieved. Song Siyol echoed the familiar Neo-Confucian view that the king was the moral foundation of the country, and the rectification of his mind was the origin of national order.¹⁴⁴ Since he felt that Korea was burdened with an urgent task, he regarded cultivation of the royal mind as even more critical. In the two long memorials to Hyojong in 1649 and 1657, he repeatedly stressed that Confucian civilization was in a precarious state in the post-Ming era, that Korea had a pivotal role in perpetuating this civilization, and that it was crucial for the king to cultivate his mind ceaselessly to carry out this awesome task.¹⁴⁵
Jahyun Kim Haboush	Constructing the Center - The Ritual Controversy and the Search for a New Identity in 17th Century Korea 	Ho Mok and Yun Hyu constructed a different notion of the sovereign and the political structures in which he was placed. Ho Mok went in the direction of royal absolutism. He equated the state with the person of the sovereign, thus turning the concept of the sovereign into an abstraction. In his view, the king embodied the prestige of the state. Hence, he sought to strengthen the Korean kingship by investing it with the mystical aura of Heaven and presented the Korean king as ruling on Heavens behalf. In this respect he echoed Yun Hyu, who stressed the intimate relationship between Heaven and human society, but Hõ elevated the ruler of Korea to the only one who could act on Heavens behalf. It was through the mediation of the ruler that Heaven and human beings were unified and brought into harmony.¹⁴⁶
Jahyun Kim Haboush	Constructing the Center - The Ritual Controversy and the Search for a New Identity in 17th Century Korea 	The central role of Heaven in the Confucian concept of kingship had long been established in the notion of the Mandate of Heaven. Ho Mok, however, constructed a closer symbolic relationship between Heaven and the ruler. The Korean king was not just ordained by Heaven; he was equated with Heaven: The ruler regulates [myriad] things in place of Heaven and causes them to find their appointed places.¹⁴⁷ One might describe Hos notion of kingship as a radical personalization of the political community and see a certain similarity to the concept of the Divine King of seventeenth-and early eighteenth-century France in which the king was the state and the visible image of God on earth.¹⁴⁸
Jahyun Kim Haboush	Constructing the Center - The Ritual Controversy and the Search for a New Identity in 17th Century Korea 	Ho placed the ruler at the top of a social hierarchy rigidly separated by rank. He maintained that the basic message of the *Spring and Autumn Annals* was nothing more than how to rectify order by elevating the king and debasing the officials (*chongun pisin*). This was to be done through ritual: The position of the ruler is truly lofty, and the ritual of the ruler is extremely solemn.... The ruler however cannot be lofty by himself but is made lofty through ritual.¹⁴⁹ In addition to ritual, he enumerated music, governance, and the application of law as necessary ingredients for maintaining order.¹⁵⁰ Not surprisingly, Ho was averse to any course of action that even remotely suggested a challenge to the authority of the royal house. He objected, for instance, to a proposal to posthumously restore Tanjong (1441-57, r. 1452-55), the boy king who had been deposed by his uncle King Sejo in the early Choson period, on the grounds that this would imply a negative judgment of King Sejo, a pivotal ancestor in the Yi royal line.¹⁵¹
Jahyun Kim Haboush	Constructing the Center - The Ritual Controversy and the Search for a New Identity in 17th Century Korea 	Yun Hyu, on the other hand, saw the king as the representative of the state, which was in turn seen as an abstract body consisting of the government and its people. As a way to stress that the two constituents were inseparably linked and interdependent, he evoked a metaphor from Hsün Tzu: The lord is the boat, his subjects the water. It is the water that sustains the boat, and it is the water that capsizes the boat.¹⁵² This was a well-known metaphor, although from the Sung period on the term found in Hsün Tzu, *sõin*, was replaced by *min*. *Sõin*, which is rendered as his subjects in John Knoblocks translation or the common people in Burton Watsons,¹⁵³ conjures up an image of a group of commoners, whereas *min*, often translated as the people, is an abstract image of infinite vastness. With *min*, this metaphor of the people as simultaneously a foundation of and a potential threat to the king seems to acquire a much more forceful image.
Jahyun Kim Haboush	Constructing the Center - The Ritual Controversy and the Search for a New Identity in 17th Century Korea 	Although this passage was quoted occasionally in the early Chosõn,¹⁵⁴ Yun Hyu seems to have been the first to make it the centerpiece of a political ideology. After Yun, this metaphor appeared frequently in political discourse. In the eighteenth century, for instance, monarchs appropriated it to construct an image of a concerned ruler.¹⁵⁵
Jahyun Kim Haboush	Constructing the Center - The Ritual Controversy and the Search for a New Identity in 17th Century Korea 	In contrast to Song Siyol, who emphasized the rectification of the royal mind as the foundation of good government, Yun stressed that statecraft, knowledge, and skills were as essential in governing as navigation was in sailing.¹⁵⁶ Yun proposed a number of revisions in governmental structure and practice. Many of these were quite drastic. He drafted a blueprint for a government in which the king oversaw a much simplified bureaucracy and was in direct contact with the people. Unlike Ho Mok, who equated order with maintaining rigid class differences, Yun promoted plans that would open opportunities for greater numbers of people and turn the king into the centripetal figure through whom everyone was connected. Yun recommended the abolition of institutions or procedures that obstructed opportunities for the advancement of commoners or direct contact between the king and the people. He offered two measures to effect this. One was the replacement of the civil service examination with a recommendation system, which he believed would open officialdom to all based on merit and virtue regardless of class or connections.¹⁵⁷ The second was the abolition of the Censorate. From the mid-Choson, the channels of speech (*õllo*) of speaking officials (*ongwan*) were a jealously guarded prerogative.¹⁵⁸ Yun believed that the existence of speaking officials had the effect of limiting channels of communication, and he proposed that, instead of having speaking officials, everyone be allowed to voice opinions.¹⁵⁹
Jahyun Kim Haboush	Constructing the Center - The Ritual Controversy and the Search for a New Identity in 17th Century Korea 	It would be anachronistic to say that Yun Hyu viewed the people as members of a civil society or as holders of sovereignty who dictated their will to the ruler. In his scheme of things, the king had the role of effecting the new order, both internal and external.¹⁶⁰ The king was not only a representative of the state, but also the activator of its ideals. Nonetheless, the people were conceptually transformed from the objects of an idealized benevolent rule into a visible and inseparable constituent of the state; they formed something akin to a partnership with their ruler. Yun did not postulate aristocratic bureaucrats as a separate class; he rejected the idea of their exclusive role. Rather, he saw them as part of the people, those from whom the governing staff should be chosen.
Jahyun Kim Haboush	Constructing the Center - The Ritual Controversy and the Search for a New Identity in 17th Century Korea 	The Legitimacy of the Korean ThroneUltimately, the controversy over Hyojongs mourning ritual became a site seething with scholarly passion and political volatility because it focused on the legitimacy of the Korean throne and the agency of its conferral. Song Siyols position, which denied Hyojong the status of being the right line, functioned as a catalyst in provoking the controversy. How do we explain Song Siyols seemingly contradictory position on the matter-a professed devotion to King Hyojong conflated with a refusal to grant him the right line and legitimate succession?
Jahyun Kim Haboush	Constructing the Center - The Ritual Controversy and the Search for a New Identity in 17th Century Korea 	Song Siyols position seems to have been embedded in his belief as a culturalist. He subscribed to the view that royal legitimacy was constituted by two elements, one defined by political expedience and one by cultural norms. What he was disputing was not the political element but the cultural one. The kings qualifications to rule were not at issue, but his status in terms of an unchanging normative standard was. Song does seem to have felt it imperative to establish that the demands of political expediency were distinct from normative legitimacy based on unchanging principle. He believed that these two had to be evaluated on different bases, that unchanging principle had a superior claim, at least in the realm of theory, and that this claim should be clearly stated. In terms of this binary, Hyojong was an able king, but not an eldest son. Political exigencies, however acute, could not be transformed into absolute norms.
Jahyun Kim Haboush	Constructing the Center - The Ritual Controversy and the Search for a New Identity in 17th Century Korea 	Song also acted on the premise that a scholar-official had a dual identity, as a political self and a cultural self. In the ritual controversy, Song seems to have felt called upon to act as a cultural self. He believed that with the disappearance of the Ming, the Korean throne had lost the agency of external legitimation. For instance, he expressed great anxiety that upon their deaths Choson kings could no longer receive honorary titles (*sijon*) from the Ming court.¹⁶¹ He seems to have concluded that the scholar-officials, the guardians of Chu Hsi orthodoxy, should fill the vacuum thus created and that this was a sacrosanct duty overriding other considerations. As far as he was concerned, there was no conflict between his loyalty to Hyojong as his ruler and his judgment that Hyojongs birth credentials fell short of the normative standard. In his devotion to Hyojong, he was acting in accordance with the demands of his political self, which valued loyalty to the ruler as a supreme virtue. In judging the kings credentials as an heir, he deferred to the responsibilities of his cultural self, which required scholarly impartiality. Not only did Song divide these selves, but he remained firm in his belief that the concerns of the cultural self should override those of the political self.
Jahyun Kim Haboush	Constructing the Center - The Ritual Controversy and the Search for a New Identity in 17th Century Korea 	At the heart of Song Siyols unyielding insistence lay his strategy for dealing with the larger external world, particularly the question of how one should handle the undesirable reality of Manchu domination of China. If one were to evaluate the legitimacy of the throne by the criteria of political expediency and to automatically acknowledge the legitimacy of its current occupant, then how could one avoid applying the same logic to the Ching dynasty? By this logic, one would have to recognize the legitimacy of the Ching. This was not a possibility for Song Siyol. He was ideologically vested in establishing the difference between functional and normative legitimacy and asserting the superior claim of the latter. This was his way of affirming that the Ching dynasty was not legitimate despite its conquest of China and that the world as it was was not the world as it should be.
Jahyun Kim Haboush	Constructing the Center - The Ritual Controversy and the Search for a New Identity in 17th Century Korea 	Conversely, one may describe Ho Moks and Yun Hyus responses as consistent with their nationalist outlook. They found Songs challenge to Hyojongs legitimacy deeply disturbing. Both heartily agreed that the external world was in a state of chaos and corruption, but that was all the more reason for Korea to guard its internal order ever more vigilantly. Since they held to the notion that a country was a single entity in which various elements were parts of a whole, to demean a part was to debase the whole. Ho and Yun stressed different points to refute the notion of Hyojongs illegitimacy. Ho Mok viewed casting doubt on Hyojongs legitimacy as nothing less than diminishing Koreas prestige and its unique role. He was unwilling to agree that Hyojongs credentials were remiss by any criterion. For him, it was imperative that Hyojongs legitimacy be established by both cultural and political criteria. Yun Hyu, on the other hand, stressed the unacceptability of judging the rulers legitimacy by one or another set of single criteria, be they cultural or political. Since the state was a supreme body, the legitimacy of its representative should not be discussed in any way that limited the primary and public nature of its position. That was why Yun even parted ways with Ho, who insisted that Hyojong had the right credentials as an eldest son. As far as he was concerned, judging Hyojongs legitimacy by the cultural norms of the ordinary family was in itself ill-considered and disaster-provoking.
Jahyun Kim Haboush	Constructing the Center - The Ritual Controversy and the Search for a New Identity in 17th Century Korea 	The way Ho Mok and Yun Hyu defined their relationship to the sovereign was also determined by their conceptions of self. Neither Hõ nor Yun denied a Confucian belief in the ministerial duty to assist and admonish the ruler. Having vested the Korean king with the task of creating the new order, they had a much greater stake in his effective performance and virtue. Indeed, Ho and Yun were second to none in exhorting their ruler.¹⁶² But they did not believe that their cultural selves could function independently of their political selves. Thus they did not think that scholar-officials had a right to reject or find deficiencies in their rulers (birth) legitimacy by a cultural norm based on Chu Hsi. This was beyond the bounds of ministerial duty. This was expressed in its most extreme form in Yun Hyus position that the ruler, once enthroned, should be treated as the head of state by everyone, including the members of his family. Both Ho and Yun repeatedly warned against the destructive effects of eroding national prestige by diminishing the ruler.
Jahyun Kim Haboush	Constructing the Center - The Ritual Controversy and the Search for a New Identity in 17th Century Korea 	Although these scholars used the same vocabulary drawn from a shared repository of cultural resources, they used it in different ways. When Song Siyol discussed order or legitimacy, he was discussing a cosmic and universal condition and not the condition of any particular state, person, place, or time. For him, legitimacy, that is normative legitimacy, meant a certain cosmic rectitude, a certain propriety in the state of the Confucian cosmos. For Ho Mok and Yun Hyu, legitimacy meant the dynastic legitimacy of the Korean ruler, and as a concept it existed independently of the larger cosmos. Thus, whereas Ho focused his efforts on structures internal to Korea, Song viewed this effort as secondary to the larger task of establishing universal rectitude. Yun, on the other hand, posited that the internal strength of Korea should be able to rectify the larger world as well.
Jahyun Kim Haboush	Constructing the Center - The Ritual Controversy and the Search for a New Identity in 17th Century Korea 	ConclusionThe ritual controversy represented a site on which different epistemes of the world and self constructed by seventeenth-century Korean intellectuals clashed. These constructions were prompted by changes in world order and realignments of power in East Asia. The Japanese invasions of the 1590s and the Manchu attacks of 1627 and 1636 left profound scars on the national psyche. The Manchu conquest of China in 1644 represented nothing less than barbarian domination of the center of the civilized world, the end of the world as Koreans knew it. Since Koreans could neither accept the new world order, despite the fact that Korea had to maintain a tributary relationship to the Ching, nor change it, they felt compelled to construct a new episteme that would allow them to maintain their identity as a civilized people.
Jahyun Kim Haboush	Constructing the Center - The Ritual Controversy and the Search for a New Identity in 17th Century Korea 	These new epistemes were attempts to redraw a conceptual map between self and other. There were two conspicuous features in this process. One was a Korean consciousness of a unique identity - in the face of the barbarian domination of the center of the civilized world, Koreans were the only remaining civilized people-and this consciousness emerged as a prominent element in their sense of identity. It appears that this consciousness of a unique identity was shared by the entire scholarly and political community. This was related to another noticeable feature, the domestication of the structures of authority. They no longer looked outside the country to confirm the status of the Korean polity or its culture. Although scholars reassigned the locus of authority-Song Siyol, to Korean scholars; Ho Mok, to the person of the Korean king; Yun Hyu, to the Korean state-they constructed self-contained structures and domesticated the sources of authority.
Jahyun Kim Haboush	Constructing the Center - The Ritual Controversy and the Search for a New Identity in 17th Century Korea 	The constitutive elements of the epistemes that these scholars constructed, however, differed greatly, based on their different conceptions of self. Song Siyol proceeded from the notion of a divided self in his conception of the nation and the individual. Thus, he conceived of Korean identity as consisting of separate cultural and political entities and, consistent with his culturalist view, made the political entity subservient to the cultural entity. Similarly, he attributed dual selves to scholar-officials, a political self and a cultural self; a scholar-official could act as one or the other depending on the demands placed on him at a given moment. Yun Hyu and Hõ Mok, on the other hand, conceived of a state or an individual as an indivisible and discrete body in which separate parts formed an integrated whole. This notion of an indivisible self also determined their conceptions of the relationship between individual scholars and their ruler.
Jahyun Kim Haboush	Constructing the Center - The Ritual Controversy and the Search for a New Identity in 17th Century Korea 	These scholars redefined the spatial concept of the world as well. The previous assumption that the civilized world consisted of the center, occupied by China, and peripheries was no longer adequate. Song seems to have distinguished the geographical center from the cultural center. He retained the framework of a center and peripheries, but he used it to construct a self-contained world in which Korea functioned as the center of Confucian civilization even though the Manchus dominated the geographical center. Yun Hyu seems to have subscribed to a more complex conception of a world with multiple centers, in which each country constructed its own center. This was, however, employed not to undermine but to support Koreas unique role.
Jahyun Kim Haboush	Constructing the Center - The Ritual Controversy and the Search for a New Identity in 17th Century Korea 	In its subject matter, rhetorical tropes, and scope of participation, the ritual controversy represented a new discursive practice in the intellectual and political community. Its most conspicuous aspect was the new role that scholars assumed as arbiters of the throne. True, historical circumstances warranted a Korean search for a new identity. Nonetheless, it is remarkable that scholars were the ones evaluating and redefining the role and the legitimacy of the monarchy. This was in part due to the fact that the scholar community was becoming increasingly powerful as a social and political force, but in part it seems to have been triggered by a deeply felt sense of national crisis. However one sees it, the incident had grave implications for the redrawing of boundaries between the scholar community and the state. In the intense politicization that followed, both leading scholars in the ritual controversy were executed. Yun Hyu was killed in 1680 for espousing heterodoxy,¹⁶³ and Song Siyol in 1689 for opposing a royal wish to appoint an infant prince as heir-apparent.¹⁶⁴
Jahyun Kim Haboush	Constructing the Center - The Ritual Controversy and the Search for a New Identity in 17th Century Korea 	Another aspect that commands attention is the existence of a nationwide political-intellectual community in seventeenth-century Korea. Scholars and officials had channels of communication to express and exchange views among themselves. These included private networks as well as institutional exchanges among academies.¹⁶⁵ This community, something like a reasoning public,¹⁶⁶ was bound by a shared commitment to Confucian civilization grounded in veneration for Confucian texts. The members of this community were able to make their views public by sending memorials to the throne, and this mode of communication was utilized with increasing frequency. Hitherto public debate had been confined to sectarian matters. The participation of private scholars and students in the ritual controversy marked the first time that this community engaged *en masse* in national discourse. This shows not only that this community regarded the ritual controversy as having national import, but also that their perception of their own role in the national discourse was changing.
Jahyun Kim Haboush	Constructing the Center - The Ritual Controversy and the Search for a New Identity in 17th Century Korea 	Can we see the ritual controversy as a discourse of national identity? In the past, because of the dominance of the nation-state both as an eventual destination of polities and as an extensive area of scholarly inquiry, any discussion concerning a nation tends to have been evaluated by the criteria of the nation-state-whether and how an element or an incident could be viewed as a development toward the nation-state. This has been equally true of histories of non-Western nations, which wish to assert their own historical progress toward the nation-state. Not surprisingly, there has been a reaction against this approach. Prasenjit Duara, for instance, cautions against a linear, evolutionary historical vision in which national history is seen as a march toward the nation-state.¹⁶⁷ Both the prevalence of and the resistance against the history of the nation-state seem to have produced among historians of premodern Asia a certain reticence concerning nations predating the modern era. In my view, refraining from discussing the national elements of an event distorts history just as much as perpetually evaluating events in terms of the nation does. With certain events, one can do justice to history only by discussing national elements, but this should be done without constantly measuring them against the nation-state of the enlightenment model.
Jahyun Kim Haboush	Constructing the Center - The Ritual Controversy and the Search for a New Identity in 17th Century Korea 	As soon as one discusses the issue of the national identity of premodern East Asian states, however, one faces a theoretical quagmire. There is no adequate theory available with which to discuss the question. Of the two opposing views, primordialist and modernist,¹⁶⁸ the modernist views have been far more prevalent. The theories of such influential modernists such as Benedict Anderson and Ernest Gellner are premised on an enlightenment Eurocentric concept of nation.¹⁶⁹ In proposing that the concept of a nation predates modernity and that each country has its own path to nationhood in which sovereignty rests with the people, Liah Greenfeld offers a perspective rather different from the universalist views of Anderson and Gellner, but, of the five nations that she discusses, four are European and the last is the United States of America.¹⁷⁰ E. J. Hobsbawn also criticizes the top-down approach taken by Anderson and Gellner, and proposes that in the case of such historic states with largely homogeneous populations as China, Japan, and Korea, an evolutionary relationship may be established between proto-nationalism and modern nationalism.¹⁷¹ Although this acknowledges that states have their own historical trajectories and hence require different criteria for evaluation, his use of “proto-nationalism confuses rather than clarifies. Does it lead to a better understanding of the issue to say that Korea was a proto-nation before the modern era? What exactly is a proto-nation? It is obvious that we need alternative approaches to the question.
Jahyun Kim Haboush	Constructing the Center - The Ritual Controversy and the Search for a New Identity in 17th Century Korea 	In our context, this leaves us with the problem of how to discuss whether the ritual controversy was a discourse of national identity. The participants, who eventually included the entire intellectual community, seem to have defined the issue as one involving national identity. Thus, the consciousness of a unique identity among seventeenth-century Korean intellectuals was a consciousness of national identity, but in this form, it was not shared by the people. The ritual controversy, which was a debate over the particular ways in which Korea should enact universal Confucian norms, however, was only part of the manifestation of this consciousness, which also seems to have expressed itself in ethnic nationalism.¹⁷² Koreans paid increasing attention to native myth, history, and territoriality,¹⁷³ those elements that Anthony Smith identifies as constituents of ethnic nationalism.¹⁷⁴ The evolving consciousness of Korean national identity is a topic for further inquiry, but it is worth noting the mutual interaction between those elements rooted in universalism and those rooted in nativism.
Hu Jing	Cultural Networks of the Chungin 	This paper illuminates the cultural performance of Chosŏn (1392–1910) interpreters in the nineteenth century, with a particular focus on interpreters participation in poetry societies (sisa 詩社). The study aims to explore the cultural status of interpreters by examining the networks they built within poetry societies and to investigate whether engagement in cultural activities contributed to their social mobility in the late nineteenth century. Existing scholarship on the social mobility of the chungin (中人, “middle people”) heavily relies on the influence of demographic expansion and position monopoly, at the expense of other indicators reflecting the chungins social position such as economic, cultural, and political standing. To bridge this research gap, this research uses the cultural life of Chosŏn interpreters as a lens to examine how the chungin interacted with other groups. I use Kang Wis (姜瑋 1820–1884) Kohwandang such’o (古歡堂收艸, “Collected Works of Kang Wi”) as the primary source to extract social connections between the Poetry Society of the Sixth Bridge (Yukkyo sisa 六橋詩社), of which most members were official interpreters and medical doctors living in Hanyang, and the South Poetry Society, which was a poetry community organized by the yangban. Through analyzing clusters and patterns based on the concurrence of the participants, this study concludes that the cultural status of the chungin did not fully align with their categorization in the social hierarchy, and the social gap between the yangban and the chungin did not cease because of cultural exchanges.
Hu Jing	Cultural Networks of the Chungin 	Research Background: The Social Status of the ChunginDespite the delineation of legal statuses within the Great Code of National Governance (Kyŏngguk Taejŏn 經國大典), which distinguished only between the good (yang 良) and the base (chŏn 賤), the social structure of the Chosŏn Dynasty (1392–1910) was notably more diverse. The social landscape of Chosŏn consisted of various social strata that extended beyond the simplified binary classification proposed by the official code. When considering the complexity of these social distinctions, Korean social historians typically divide the social stations into four categories – the yangban (兩班), the chungin (中人), the commoners (sangmin 常民; pyŏngmin 平民) and the lowborn (chŏnmin 賤民). Unlike other social categories, the chungin began to gain recognition only around the middle of the seventeenth century.
Hu Jing	Cultural Networks of the Chungin 	As an analytical category, the scope of the chungin has been interpreted differently. In its broadest sense, the chungin refers to all ambiguous stations positioned between the yangban and commoners. Social groups occupying hereditary, endogamous tiers of government and society between the aristocracy and commoners, such as the technical specialists, clerks, local administrative functionaries, secondary sons of yangban fathers, local elites from the northern provinces, and petty military officers, are referred to as the chungin. In a narrow sense, the term chungin refers to technical specialists encompassing interpreters, medical doctors, lawyers, astrologers and accountants. Existing scholarship in the field of chungin studies provides much insight into the origin of the chungin. For instance, by tracing the family background of successful candidates who attended translation and accountancy subjects through the Record of Surname Origins (Sŏngwŏllok, 姓源錄), Kim Doohun argues that the prominent chungin families originated from secondary sons who branched out from yangban families. Through investigating the qualification and social status of candidates for miscellaneous exams, Lee Nam Hee points out that persons with lower social status can realize a higher hierarchy through taking miscellaneous examinations. In the same vein, Baek Okyeongs suggests that petty officials (hyangni 鄕吏), who served as local clerks at the bottom of the bureaucratic system, realized upward mobility by attending exams for interpreters. However, compared to the intense debate on chungins origins, little attention has been given to the development of the group in the late Chosŏn dynasty. Consequently, our comprehension of the chungins social status largely remains rooted in the mid-17th context, a period during which the chungin emerged and developed, leaving us with an unclear picture of their subsequent evolution and influence.
Hu Jing	Cultural Networks of the Chungin 	On the other hand, the late Chosŏn dynasty was a period of radical social transformation accompanied by institutional, political, economic and cultural changes. Scholars have offered in-depth insights into the reasons explaining those social changes. For instance, Hiroshi Shikata concludes that the decline in privileges of the yangban in the late Chosŏn dynasty enabled individuals to find a “middle ground to amplify or eliminate the influence brought by social status, implying that the social status system in the late Chosŏn dynasty had become less stagnant. In a similar vein, Javier Cha claims that the intensifying downward mobility in the nineteenth century was a consequence of the increasing dominance of capital oligarchs. From the perspective of economic development, Yi Yungap demonstrates that the social hierarchy was weakened under the rapid development of the commodity economy among peasants in the eighteenth and nineteenth centuries. Eugene Park indicates that the expansion of handcraft productions in the nineteenth century created a conducive environment for upward socioeconomic mobility, and therefore influenced the development of the chungin. In light of changes in the bureaucratical system, Kim Changsu points out that the implementation of kongmyŏngchŏp (空名帖, “blank office warrant) and napsok (納粟, “grain contribution), which are policies of selling official titles and ranks to overcome financial difficulties of the state, greatly shook the social hierarchies of the late Chosŏn. Martina Deuchler focuses on the impact from foreign countries and states that the changing political climate under the impact of foreign encroachment and with the advent of “enlightened reformist thought shocked the status system in the late Chosŏn.
Hu Jing	Cultural Networks of the Chungin 	Scholars discussions confirm the fact that the rigid Chosŏn society became softened in the nineteenth century. Nonetheless, questions such as to what extent the social system was shaken, whether there had been increased opportunities for mobility between different social strata at all levels, and the direction of social mobility deserve further investigation. To be more germane to our focus—official interpreters, how should their status be understood when social changes shadowed the status system? When commoners and slaves were seizing on various opportunities for upward mobility, what kind of endeavor did interpreters make in order to break through the social barrier? Did the social boundary between the yangban and the chungin become blurred at that time?
Hu Jing	Cultural Networks of the Chungin 	In order to answer the aforementioned questions, we need to establish a framework for measuring social status within Chosŏn society. This undertaking often involves identifying and defining specific criteria that determine an individuals social status. For example, Han Ugŭn suggests that in Chosŏn, an individuals social standing depended on the distinguishment of lineage, occupation, region, and land property. Chi Sŭngchong asserts that a persons social status was a composite result of legal status, social esteem, heredity of positions or status, and lifestyle. Han Yongwoo claims that the social status of the Chosŏn dynasty was established on both a persons birth and vocation. This approach, however, must remain grounded in a specific historical context, since determinants of social status can change over time with shifting circumstances. In addition to seeking determinants that influence ones social status, sociologists have also attempted to clarify connections between status and social networks in which the individual is placed. In Bourdieus account of social positions, he uses the concept of “field” as a metaphor for how individuals are arranged in society, where fields are essentially networks in which people compete for resources. In his study of how social structures are formed from the turbulence of social life, Harrison White argues that identity can only emerge through efforts to control, namely the attempt to find a position that entails a stance in social interactions. By examining how Florentines sought upward mobility through patronage, Paul D. McLean also emphasizes that networking is a strategic activity that is self-consciously constitutive of identities. In order words, networks convey identities. Recent scholarship in Korean social history also highlights the connections between networks and identities. For instance, Javier Cha indicates that the yangban was a social group that existed in networks: yangbans qualification was determined by membership in prestigious organizations, association with respected intellectual figures.” Concentrating on the identity of local Confucian scholars, Hwisang Cho proposes that the development of sŏwŏn (書院, “nonstate local academies”) networks invoked local Confucian scholars to perceive themselves as members of a new community. And by demonstrating how clerks and military officers functioned in administrative networks, John Lee groups clerks and local military officers as administrative brokers between the central government and the provinces.
Hu Jing	Cultural Networks of the Chungin 	Researchers examination of the communities and associations behind a particular social group reinforces the concept that individuals social identities are embedded within the networks in which they are positioned. Therefore, networks can serve as an indicator of their status in a sphere. Compared to identifying criteria for social status at a microscopic level, analyzing an individuals position within social networks is less dependent on precise and exhaustive determinants, as it focuses on the relative position among individuals. Furthermore, visualized networks provides a macro-level perspective on social structures—visualizing network connections is not only a powerful tool for analyzing social networks, but also a valuable perspective facilitating our understanding of societies as a whole. As pointed out by Timothy Tangherlini, network graphs have proven to be not only visually engaging but also to be powerful conceptual tools for understanding the structure of data at very large scales.
Hu Jing	Cultural Networks of the Chungin 	In this study, my approach aims to produce a parameter that measures the social status of Chosŏn interpreters by exanimating their positions within networks. Upon investigating participants of poetry societies organized by the chungin in the eighteenth and nineteenth centuries, I use the network analysis tool Gephi to visualize and investigate cultural networks formed by poetry society participants. When creating the network data, I pay particular attention to the interaction between participants of the Poetry Society of the Sixth Bridge (Yukkyo sisa 六橋詩社, hereinafter referred as the Sixth Bridge), which was primarily comprised of official interpreters and medical doctors (ŭiyŏk chungin 醫譯中人) living in Hanyang, and participants of the South Society (Namsa 南社), which was one of the most active poetry communities by the yangban in the late nineteenth century. I use Kohwandang sucho (古歡堂收艸, “Collected Works of Kang Wi) to extract information about interactions between participants of the two poetry societies and examine the positions of interpreters within the networks. To avoid a single perspective based on Kang Wis cultural life, who was the chief organizer of the Poetry Society of the Sixth Bridge, I also expand the data by adding relational data provided by the DB of Korean Classics (https://db.itkc.or.kr/people/). This additional data provides insight into relations based on family, school, and cultural interactions of sisa participants. The final dataset utilized in this research includes 426 nodes and 1096 relations. By visualizing networks formed by cultural interactions among participants of the poetry societies, this study provides a parameter for measuring the social status of the chungin, as well as mapping the social boundary between the yangban and the chungin. By examining clusters and patterns based on the concurrence of the poetry participants, my research aims to answer the following questions: what was the cultural status of interpreters was in the late nineteenth century? How were the relationships between interpreters and other groups? How did the cultural status of the chungin differ from their social status? And did interpreters achieve upward mobility within the cultural realm in the late nineteenth century?
Hu Jing	Cultural Networks of the Chungin 	The Rationale: Chosŏn Interpreters and their Cultural NetworksThis study investigates the cultural performance of Chosŏn interpreters as the lens to observe the chungins social status. Sociologists have demonstrated that cultural practices are associated with an individuals position in the social structure. In Max Webers notion of status, cultural practices may be considered as a style of life (De: Lebensstil), which are rooted in specific class relations that shape a way of life and form the bases of status judgments. In Bourdieus view, cultural practices are habitus shaped by interactions within social networks of homogeneous status groups. Contrary to the traditional view that culture is a passive process determined by social class or status, Ann Swidler suggests that culture is also a “tool kit” of symbols, stories, rituals, and world views, which actors can use to develop chains of action in order to reach life goals.
Hu Jing	Cultural Networks of the Chungin 	On the basis of these theories, we can conclude that cultural engagement, such as chungins participation in poetry societies, is indicative of an individuals status, as cultural exchanges ultimately form social networks. I chose interpreters as the object group for the investigation into chungins social status through cultural participation. This selection is not only because of the fact that interpreters made up the largest share in the population of technical officials in the Chosŏn dynasty, but also because their profession placed them advantageously in terms of access to economic and cultural capital.
Hu Jing	Cultural Networks of the Chungin 	In accordance with Bourdieu, capital is the driver of social mobility. Ascension to a new social position often results from the accumulation of economic, cultural, and social capital. Individuals endowed with the highest levels of these forms of capital are often the first to ascend to new positions. Compared to other social groups, Chosŏn interpreters held an advanced position in earning economic capital. Many interpreters amassed significant wealth due to their roles as official traders on tribute missions, which provided lucrative trading opportunities. Chosŏn scholar Kim Kan (金榦 1646–1732) witnessed that interpreters were so rich that they all wore clothes made in splendid fabrics.” When the scholar-official Song Sanggi (宋相琦 1657–1723) served as the document officer (Sŏjanggwan 書狀官) in the mission of presenting memorials (Chu-chŏngsa 奏請使) in 1697, he noticed that “most interpreters [in the delegation] are wearing jade hairpins.” Also, the tycoon Mr. Pyŏn in “the Tale of Master Hŏ” (Hŏsaeng Chŏn 許生傳) by Pak Chiwŏns(朴趾源 1737-1805) was modeled after the wealthy interpreter Pyŏn Sŭngŏp (卞承業 1623–1709), which was an epitome of Chosŏn interpreters. All these observations affirm that Chosŏn interpreters amassed significant wealth, thus possessing a substantial amount of economic capital. In light of that economic capital is the condition for all the forms of accumulation of all the other possible species of capital, Chosŏn interpreters actually acquired a privileged status in terms of their upward social mobility. Meanwhile, Chosŏn interpreters possessed relatively rich cultural capital, a term that refers to resources in ones cultural life, either in tangible forms like books, instruments, libraries, etc. or intangible forms like knowledge, skills, ideas, tastes, and preferences. In the Chosŏn dynasty, ones cultural sophistication was embodied by literary ability, in particular, a comprehensive understanding of Chinese classics and cultivating writing skills in classical Chinese (hanmun 漢文). Through the training for foreign languages, interpreters were equipped with practical literacy in reading and writing classical Chinese. Chinese interpreters, for example, were required to study Chinese classics like Four Books (Ch. sishu 四書), Elementary Learning (Ch. xiaoxue 小學), Vernacular Explication of the Complete Five Morals (Ch. wulun quanbei 伍倫全備), etc. Apart from training in government sections for professional skills, some interpreters studied under famed literati and made great achievements in literature. For instance, Yi Sangjŏk (李尙迪, 1804–1865), the student of the celebrated scholar Kim Chŏnghŭi (金正喜, 1804–1865) in the nineteenth century, published his anthology Collection from the Studio of Oratory for Favors (Ŭnsongdangjip 恩誦堂集) in Qing China. Their competence in classical Chinese allowed interpreters to build networks with the yangban through various cultural interactions such as collecting writings for anthologies, collaborating on printing and publication projects, as well as participating in social gatherings for composing poems.
Hu Jing	Cultural Networks of the Chungin 	Given that the combination of financial assets and cultural sophistication already positioned interpreters in an advantageous place in their social movement to the upper society, it is also worthy of questioning whether the social capital interpreters accumulated stimulated their social mobility further. Gaining social capital is the way in which people use to “get ahead,” and “networking” is a common strategy for accumulating social capital. Interpreters social capital, however, has received less exploration thus far. Our understanding of the social capital of Chosŏn interpreters remains stagnant in the dimension of their lineage and marriage networks. Many scholars believe that the aristocracy-dominated social order in late Chosŏn reached its limit in terms of ability to contain the pressures of upwardly mobile nonelites. Or, to put it another way, due to the exclusivity of the yangban society, the chungin group were unable to achieve social mobility by building networks through marriage. Meanwhile, scholars sharing insights into chungins cultural activities, such as Chŏng Okcha, Cha Yŏngju, and Chŏng Husu, concentrate only on their contributions to the development of hanmun (漢文) literature, without taking into account the social networks embedded in their cultural exchanges. The chungin, including interpreters, also sought social capital by engaging in cultural activities and built networks with various status groups—in theory, these networks all offered potential opportunities for upward mobility to the chungin. Thus, investigating interpreters position in cultural networks also provides us with a measure of their social capital outside of their family sphere.
Hu Jing	Cultural Networks of the Chungin 	An Overview of the Development of Chungins Poetry SocietiesThe practice of organizing social gatherings for composing poems has a rich history in Korea, dating back to the late twelfth century. A number of literary communities, such as the Noble Gathering of the Bamboo Grove (Chungnim gohoe 竹林高會), the Society of Elderly Men in East of the Sea (Haedong kiro hoe 海東耆老會) and the Society of Elderly Talents (Kiyŏng hoe 耆英會), are documented in the History of Koryŏ. The famed Koryŏ literatus Yi Illo (李仁老 1152–1220) was an enthusiastic participant in these gatherings. At the age of 29 when Illo achieved the first place in the imperial examination, he joined the Society of the Dragon Head (Yongdu hoe 龍頭會), a cultural community comprised of principal graduates (changwŏn 狀元); while he was serving at the court as an official, Illo organized the Noble Gathering of the Bamboo Grove; upon his retirement, Illo became a member of the Society of Elderly People in East of the Sea and enjoyed exchanging poems with other retired bureaucrats. In the early Chosŏn dynasty, gatherings for exchanging poems continued to be popular among the yangban. A heptasyllabic poem by Kwŏn Chae (權採 1399–1438), the rector of the National Confucian Academy in the early Chosŏn dynasty, depicts the scene that scholars and literati composed poems under the Green Pine Pavilion (Pyŏksong chŏng 碧松亭) on the Third Day of the Third Lunar Month (Samjinnal 짇날). Poetry gatherings were even used by some political figures to plot coups. Grand Prince Anpyŏng (Anpyŏng taegun 安平大君) Yi Yong (李瑢 1418–1453), for example, ganged up bureaucrats and literati by organizing a poetry society, in which he was cracked up to be the chief under a new hierarchy created by himself.
Hu Jing	Cultural Networks of the Chungin 	Starting from the late seventeenth century, participating in poetry societies became a cultural norm for Chosŏn literati. Poetry societies like the Poetry Society of the Chamber of Repetitive Chanting (Naksongnu sisa 洛誦樓詩社) led by the scholar Kim Changhŭp (金昌翕 1653–1722), the Society of Far South (Chungnam sa 終南社) organized by the scholar and politician Chae Chegong (蔡濟恭 1720–1799) and the Poetry Society of Bamboo and Orchid (Chongnam sa 竹蘭詩社) headed by the philosopher Chŏng Yagyong (丁若鏞 1762–1836) were influential poetry societies in the seventeenth and eighteenth centuries. For Chosŏn yangban, organizing or participating in poetry societies was not only a means to derive pleasure from literary communication, but also an act of strengthening cohesion of the social group by sharing cultural values and ideas. Membership in poetry societies was a noble lifestyle, where literary sophistication was a standard to distinguish elites from nonelites.
Hu Jing	Cultural Networks of the Chungin 	The yangbans cultural norms associated with poetry societies permeated the cultural life of other social groups. Educated non-yangban individuals, particularly those whose professions required knowledge of classical Chinese like official interpreters, medical doctors, and functionaries, also showcased their poetic abilities by taking part in poetry societies. The interpreter Hong Setae (洪世泰 1653–1725), for example, was a member in the Poetry Society of the Chamber of Repetitive Chanting. In accordance with Chŏng Husu, the emergence of poetry societies among the non-yangban (wihang sisa 委巷詩社) were attributed to three factors, including professional characteristics of technical officials, the increasing wealth of members in the secondary group, as well as the waning perception of social status in cultural exchange in the eighteenth century. In addition, Chŏn Pyŏngsik indicates that self-consciousness about the social status of the non-yangban individuals also played a crucial role in their participation in poetry societies—having been restricted from pursuing a career in the bureaucratic sphere, the non-yangban people often resorted to poetry as a means of expressing their frustrations and depression.
Hu Jing	Cultural Networks of the Chungin 	Alongside the rapid development of the chungin in the middle of the seventeenth century, the organization of poetry societies within this group began to thrive. Chŏn Pyŏngsik argues that the appearance of poetry societies among the chungin was accompanied by the groups consciousness of identity, while Chŏng Husu emphasizes that organizing poetry societies was a means for chungin to emulate the yangbans lifestyle, thereby enabling them to achieve upward mobility. One of the earliest poetry societies in the seventeenth century was the Samchŏng Poetry Society (三清詩社), comprised of the functionary Choe Kinam (崔奇男 1586–?), the medical doctor Chŏng Namsu (鄭柏壽 d.u.), the medical doctor Nam Ŭngchim (南應琛 1596–?), the medical doctor Chŏng Yenam (鄭禮男 d.u.), the clepsydra warden (kŭmnugwan 禁漏官) Kim Hyoil (金孝一 d.u.), and the interpreter Choe Taerip (崔大立 d.u.). Under the aegis of the yangban Yi Kyŏngsŏk (李景奭 1595–1671), their poetry anthology Miscellaneous Chants by Six Masters (Yukka chabyŏng 六家雜詠) was published in 1668, which collects 261 poems by the six members. The development of the chungins poetry societies reached its heyday in the eighteenth and nineteenth centuries. Some of the most renowned poetry societies by the chungin were the Society of Jade Stream (Okkye sa 玉溪社), the Society of Splendid West (Kŭmsŏ sa 錦西社), the Poetry Society of Brilliance (Piyŏn sisa 斐然詩社), the Poetry Society of West Garden (Sŏwŏn sisa 西園詩社), the Poetry Society of Shrine Quarter (Chikha sisa 稷下詩社), the Poetry Society of Seven Pines Pavilion (Chilsongjŏng sisa 七松亭詩社), and the Poetry Society of the Sixth Bridge.
Hu Jing	Cultural Networks of the Chungin 	It is worth noting that the above-mentioned poetry societies by the chungin were connected to each other, with the Society of Jade Stream serving as the point of departure. The Society of Jade Stream approximately existed between 1786 and 1810, of which the host was Chang Hon (張混 1759–1828), a collator serving at the Bureau of Publication (Kyosŏgwan 校書館). After Chang Hon died, his descendants, students and key members of the poetry club continued their tradition and established other poetry societies. Therein, Chang Hons son Chang Uk (張旭 1778–?) was the leader of the Society of Splendid West; Chang Hons grandson Chang Hyomu (張孝懋 1807–1842) and Chang Hons student Chang Chiwan (張之琬 1806–?) were organizers of the Poetry Society of Brilliance; Kim Ŭiryong (金義齡 d.u.), the son of the member at the Society of Jade Stream Kim Naksŏ (金洛瑞 d.u.), hosted the Poetry Society of West Garden. In accordance with relations among members at the above-mentioned poetry societies, the networks of poetry societies organized by the chungin in the eighteenth and nineteenth centuries are demonstrated as Figure 1.
Hu Jing	Cultural Networks of the Chungin 	Fig. 1. Networks of poetry societies organized by the chungin in the eighteenth and nineteenth centuries. The size of the node reflects the betweenness centrality (a value reflecting the impact of a node as a bridge) of each node. A pink edge between two nodes indicates a cultural relationship between two nodes, such as fellows in the same poetry society, the teacher and the student, collaborators in publishing, etc.; a green edge indicates a kinship relationship between two nodes. The layout of the networks uses the Yifan Hu Multilevel layout algorithm.
Hu Jing	Cultural Networks of the Chungin 	Cultural Interactions between the Yangban and the ChunginPoetry societies in the eighteenth and nineteenth century were also characterized by the interaction between the chungin and the yangban. As previously indicated, some yangban scholars, such as Yi Kyŏngsŏk, sponsored poetry anthology publications. When Yu Chaegŏn (劉在建 1793–1880) and Choe Kyŏnghŭm (崔景欽 d.u.), leading members of the Poetry Society of Shrine Quarter, compiled the Pungyo samsŏn (風謠三選, the Third Selection of Poems of the People), they invited three official-scholars to write the preface. In the meantime, Pak Hyogwan (朴孝寛 1803–?) and An Minyŏng (安玟英 1816–?), two members of the Poetry Society of Seven Pines Pavilion, were favored by Grand Internal Prince Hŭngsŏn (Hŭngsŏn Taewŏngun 興宣大院君; 1821–1898) because of their musical talent.
Hu Jing	Cultural Networks of the Chungin 	Aside from private connections with the yangban, chungin societies also had direct poetry exchanges with the yangban, as exemplified by the interactions between members of the Sixth Bridge and the South Society (Namsa 南社). The Sixth Bridge was organized by Kang Wi (姜瑋 1820–1884). Born into a declining military family, Kang Wi grew up in Kongju where his father served as a garrison commander. At fifteen, he relocated to Hanyang to study literacy under scholar Min Nohaeng (閔魯行 1777-ca. 1845). During his stay in Hanyang, Kang Wi resided at the residence of the Chief State Councilor Chŏng Wŏnyong (鄭元容 1783–1873). There, he developed a close friendship with Wŏnyongs grandson Chŏng Kŏnjo (鄭健朝 1823–1882), as well as other scholars from the Tongnae Chŏng Clan (東萊鄭氏). After his teacher Min Nohaeng died, Kang Wi followed Kim Chŏnghŭi, who was exiled to Jeju island at the time, to study Confucianism. Despite abandoning his bureaucratic career at an early age, Kang Wi, through his teachers connections, met numerous yangban scholars including Yi Kŏnchang (李建昌 1852–1898), Hwang Hyŏn (黃玹 1855–1910), and Kim Taegyŏng (金澤榮 1850–1927). Therein, Yi Kŏnchang and Chŏng Wŏnyongs son Chŏng Kiu (鄭基雨 d.u.) were founders of the South Society, which was mainly composed of yangban scholars. Kang Wi was introduced to their poetry club and exchanged poems with other members.
Hu Jing	Cultural Networks of the Chungin 	Kang Wi served as a literacy teacher in Hanyang, and in late 1870s, he was hired by an interpreter Pyŏn Chinhwan (邊晉桓 1832–?) to tutor his nephew Pyŏn Wi (邊煒 1857–?). On the winter solstice of 1877, Pyŏn Chinhwan invited his neighbors, most of whom were interpreters and medical doctors, to his residence the Chamber of Begonia (Haedangnu 海棠樓) for a poetry composition session. As Pyŏn Wis teacher, Kang Wi also joined the gathering and got acquainted with those technical officials. Their gathering on the winter solstice marked the beginning of their poetry community, ultimately leading to the establishment of the Sixth Bridge. Figure 2 illustrates the cultural interaction between the yangban and the chungin on the basis of activities within poetry societies. As shown in the figure, the cultural interaction between the yangban and the chungin was primarily carried out between the Sixth Bridge and the South Society, with Kang Wi serving as the core broker. While a small number of yangban had connections with the chungin in other poetry societies, these connections were very limited.
Hu Jing	Cultural Networks of the Chungin 	Fig. 2. Interactions between the yangban and the chungin based on relations of members in poetry societies. The color of the node reflects the social status of the individual (node): orange indicates the status of the individual was the chungin; green indicates the status of the individual was the yangban; light yellow implies the status of the individual is known. The color of the edge is the same as the source node. The layout of the networks uses the Fruchterman-Reingold algorithm.
Hu Jing	Cultural Networks of the Chungin 	Closer Observations: Interpreters Cultural StatusExternal RelationsExamining the social status of Chosŏn interpreters centers around the relationships they formed with other status groups through poetry exchanges. At the heart of this approach is observing interpreters positions in networks of poetry societies. My first investigation focuses on the relationship between interpreters and yangban scholars, particularly highlighting their role as intermediaries between the Sixth Bridge and the South Society.
Hu Jing	Cultural Networks of the Chungin 	As the Sixth Bridge grew in influence, other students of Kang Wi and younger scholars in Hanyang joined their poetry society. Occasionally, yangban scholars also participated in their gatherings. I zoomed in on the scope of the Sixth Bridge and the South Society and examined how participants built connections across the boundary of social status. The networks shown in Figure 3 represent the interactions between members of the two poetry societies. The plot is based on the social status of each individual: orange indicates chungin status; green indicates yangban status; and yellow implies the status of the individual is unknown. I used the ForceAtlas2 algorithm, a force-directed graph drawing algorithm based on the relative position of the nodes, to layout the networks. In this way, ForceAtlas2 enabled me to examine the relative relation between two nodes and thereby identify key brokers between the poetry societies.
Hu Jing	Cultural Networks of the Chungin 	Fig. 3. Interactions between members of the Sixth Bridge and the South Society. The color of the node reflects the social status of the individual and the size of the node reflects the degree of each node. The nodes above the orange line are members of the Sixth Bridge and the nodes under the line are members of the South Society.
Hu Jing	Cultural Networks of the Chungin 	In conjunction with the betweenness centrality shown in Table 1, it suggests that the four nodes positioned between the Sixth Bridge and the South Society, namely Kang Wi, Sŏng Hyeyŏng (成蕙永 1844–1911), Yi Ki (李琦 1857–1935), and Paek Ch’unbae (白春培 1857–1935), played significant roles in mediating between the two communities. Based on the positions of their nodes in the networks, Yi Ki had closer ties with the South Society; Paek Chunbae was connected to the Sixth Bridge more closely; Sŏng hyeyŏng and Kang Wi had relatively equal connections with both poetry societies.
Hu Jing	Cultural Networks of the Chungin 	Sŏng Hyeyŏng, Yi Ki, and Paek Ch’unbaes were all students of Kang Wi. As mentioned above, Kang Wi introduced his students to poetry gatherings. In accordance with Bae Ki-pyos calculation of Kang Wis Collections of Joint Chant by the Sixth Bridge (Yukkyoyŏnŭmjip 六橋聯吟集), Sŏng Hyeyŏng attended the poetry gathering organized by the Sixth Bridge twenty-one times, Yi Ki eleven times, and Paek Ch’unbae ten times. As a consequence of their frequent participation, Sŏng Hyeyŏng, Yi Ki, and Paek Chunbae had more opportunities to meet yangban scholars from the South Society thanks to Kang Wis introduction. On the other hand, other active members such as Kim Chaeok (金在玉 1859–?), Yi Yongbae (李容白 1859–?) and Pak Sŭngyŏk (朴承赫 1861–?), who also attended poetry activities frequently, did not have much contacts with the South Society. In other words, regular participation in the Sixth Bridge did not necessarily ensure connections with the yangban society. Why were members like Sŏng Hyeyŏng, Yi Ki, and Paek Chunbae particularly attractive to yangban scholars? What was the yangbans preference underneath their poetry exchanges?
Hu Jing	Cultural Networks of the Chungin 	Limited writings on Sŏng Hyeyŏng leave us with scant information about his background, beyond that he descended from a local yangban family (hyangban 鄕班) in South Kyŏngsang province. In light of his close communication with Kang Wi and other chungin members in the Sixth Bridge, it is likely that his family had declined in status. Another noteworthy fact is that both Yi Ki and Paek Ch’unbae were official interpreters. Yi Ki was born into a typical interpreter family, with his father, grandfather, maternal grandfather and father-in-law all serving as interpreters. After passing the imperial examinations in 1880, Yi Ki became an official interpreter of Chinese responsible for delivering tributes. The poem Farewell before Yi Nanta Leave for Beijing (Song Yi nanta puyŏn 送李蘭坨赴燕) in Kang Wis Collections of Joint Chant by the Sixth Bridge provides a clue that Yi Ki was dispatched to Qing China at least once between 1880 and 1884. In 1897, to celebrate Queen Victorias (1819~1901) sixtieth birthday, Yi Ki accompanied the ambassador extraordinary and plenipotentiary Min Yŏnghwan (閔泳煥 1861–1905) to Britain as the document officer (sŏjanggwan 書狀官), where he assisted the envoy in documenting their experiences and observations on the journey. Yi Ki was also the editor of the Collected Poems of Court and Country (Choyasisŏn 朝野詩選, 1922), which contains 1130 poems written by 233 poets ranged from middle eighteenth century to early twentieth century. The Collected Poems of Court and Country represents the last poetry collection from the non-yangban group of the Chosŏn dynasty, with a significant portion contributed by poets who were interpreters and medical doctors from the Sixth Bridge.
Hu Jing	Cultural Networks of the Chungin 	Paek Chunbae also hailed from a family of technical officials. His ancestors served in various technical roles, including interpreters, physicians, and painters. Paek Chunbaes eldest brother Yŏngbae (英培 1824–1879) was a painter and his second eldest brother Yongbae (容培 1837–1860) was an interpreter of Chinese. In the absence of Paek Chunbaes name appearing on any roster of imperial examinations, it seems that he did not attend examinations. Paek Chunbae was among Kang Wis closest students; in fact, Kang Wi even referred to Chunbae as a friend. Meanwhile, Paek Chunbae studied under Yu Honggi (劉鴻基 1831–1884). This connection provided him access to Yu Honggis networks, acquainting him with several politicians of the Enlightenment School (Kaehwapa 開化派), including Kim Okkyun (金玉均 1851–1894). In 1882, in order to ascertain whether Russia would invade Chosŏn, Paek Chunbae was assigned as the investigator (Chaetamsa 採探使) and dispatched to Vladivostok. In 1883, as Kim Okkyun served as the inspector of the exploitation of sea islands in the Southeast (Namdong Chedo Kaechŏksa 南東諸道開拓使), Paek Chunbae, appointed as the administrative officer, joined Kim Okkyun on a trip to Japan to negotiate funding issues.
Hu Jing	Cultural Networks of the Chungin 	The investigation of the two interpreters biographies reveals that Yi Ki and Paek Chunbae both had extensive experience abroad. In the aftermath of the first and the second Opium Wars, the Qing government was forced to open ports to Western countries, resulting in significant changes in the political, economic and social climate in East Asia. Scholars in Chosŏn were keenly interested in the tensions between the Qing dynasty and other nations, the evolution of domestic rebellions, and the Qings defensive policies. Under these circumstances, interpreters became a valuable source of information and social gatherings, such as poetry exchanges, became ideal locations for Chosŏn yangban to seek relevant information from interpreters. As a consequence, the Chosŏn yangbans perception of interpreters gradually evolved, as indicated in their poems written to the interpreters. In the poem Farewell before Yi Nanta Leave for Beijing, the fellow members praised Yi Ki that Talking about poems in Korea is merely an insignificant skill [for Mr. Yi]; indifferent to his reputation, he uses his excellent talent for current affairs (海內譚詩真小技,高才當務笑浮名).” Following this, the fellow members pointed out: [Mr. Yi] has always been concerned about the affairs of the state; this time, he will be the pioneer in collecting information from other countries (時憂總屬諸公事,此去先通萬國情).” The yangbans preference for establishing connections with individuals who had international travel experience is also clear in their relationships with Kang Wi. Kang Wi visited Beijing in 1873 and 1874, Tokyo in 1880 and 1882, and Shanghai in 1882. Yangban scholars greatly appreciated Kang Wis poetry talent as well as his insights into the external world. As expressed in Hwang Hyŏns memorial poem to Kang Wi, he possessed extensive knowledge about foreign countries, and his ability to comprehend books enabled him to engage in vigorous debates with learned individuals (局外雙瞳通萬國,書中寸舌戰群儒).”
Hu Jing	Cultural Networks of the Chungin 	Internal RelationsAs shown in Figure 3, three clusters can be identified at varying distances from the core of the Sixth Bridge networks. This suggests that some members of the Sixth Bridge had a tendency to engage within a limited circle of associates. Several reasons may account for this, including the fact that some members participation in the poetry gathering was ad hoc, and that some members only made appearances at gatherings organized by their acquittances. As per Hŏ Kyŏngjins analysis, these poetry gatherings were hosted by different individuals each time, who potentially invited new participants through their personal networks. How was the internal structure of the Sixth Bridge? What role did interpreters perform within the chungin society? To answer these questions, my second investigation sheds light on the internal relations between interpreters and other members.
Hu Jing	Cultural Networks of the Chungin 	As shown in Figure 4, I divided the occupations of the members into five categories and represent them with different colors: green refers to the yangban who served as a bureaucrat at the court; blue refers to the yangban who only obtained a degree from examinations but did not obtain a position at the court; a pink node is a member who served as a lower-ranking official, such as medical doctors, accountants and palace eunuchs; yellow nodes represent ordinary literati without degrees or official positions, similar to Kang Wi; red nodes underscore the interpreters in the networks; and purple nodes denote artists. The networks indicates that all degree holders (the green and blue nodes) were not core members in the Sixth Bridge; rather, interpreters and ordinary literati were pivots of the poetry society. If we combine the green nodes potted in Figure 3, we find that most yangban participants in the Six Bridge either did not secure an official position or served merely as lower-ranking officials at the court.
Hu Jing	Cultural Networks of the Chungin 	As suggested by the degree centrality of each node (Table 2), the number of connections an individual built within the poetry society, we are able to identify core members of the Sixth Bridge. Several interpreters, such as Yi Ki, Paek Chunbae, Pyŏn Wi, and Ko Yŏngchŏl, were the most core members of the Sixth Bridge. There are no obvious patterns in the distribution of interpreters positions within the networks—the connections of interpreters were diverse since they were able to establish networks with a wide variety of participants. For instance, as indicated on the right of the networks, the small circle was formed among interpreters including Ko Yŏngju (高永周 1839–?), Kim Sŏkchun (金奭準 1831–1915), and Yi Yŏnggyu (李容奎 1825–?), in addition to two lower officials, a yangban scholar without a court position, and an artist. The harmony among various professionals within these networks suggests a comparable cultural status between interpreters and other participants. These participants range from literacy teachers, descendants from declined yangban families, students, petty officials, unsuccessful scholars, palace eunuchs, and artists.
Hu Jing	Cultural Networks of the Chungin 	Fig. 4. The networks of members in the Sixth Bridge, colored by professions. Members who only have one connection with Kang Wi and whose occupation is unknown are omitted from the networks. The layout of the networks uses the Yifan Hu algorithm.
Hu Jing	Cultural Networks of the Chungin 	On the other hand, interpreters connections with bureaucrats were notably limited. Within the Sixth Bridge networks, bureaucrats and other members interacted in the following ways: the Andong Kim clan (安東金氏) officials, including Kim Pyŏnggil (金炳吉 1859–?), Kim Pyŏngwan (金炳宛 1858–?), Kim Sŭnggyu (金昇圭 1861–?), and Kim Chŏnggyu (金貞圭 d.u.), established a small cohort around the physician Pak Yŏngsŏn (朴永善 d.u.), who was recognized for first introducing the variolation method from Japan to Chosŏn; the scholar-official Yŏ Kyuhyŏng (呂圭亨 1848–1921), also a member of the South Poetry, exclusively established connections with members who were also part of the South Poetry, including Kang Wi, Sŏng Hyeyŏng, Paek Ch’unbae and Chŏng Pyŏngjo (鄭丙朝 1863–1945; Chŏng Kŏnjos brother). This discovery reinforces the idea that yangbans participation in the Sixth Bridge was motivated by a profound purpose. The social gap between the yangban and the chungin did not diminish despite their shared participation in the same cultural activity. It is fair to conclude that these yangban members sought to glean information about foreign countries from chungins poetry gatherings, especially since they mainly formed connections with individuals with overseas experience. This echoes Cho Hwisangs observation that yangban elites partnership with the chungin dissolved under the circumstance that the yangban were no longer depended on the chungin for the technological aid for printing and publishing. In the same vein, the cultural ties established in poetry societies could cease to exist as soon as the yangban no longer relied on the chungin for foreign information.
Hu Jing	Cultural Networks of the Chungin 	ConclusionThis study investigated the social status of Chosŏn interpreters through cultural performance, with a particular focus on their involvement in poetry societies. At the heart of this studys approach lies the utilization of networks to assess interpreters status. By employing methods for network visualization and analysis, I probed into issues like how the status of Chosŏn interpreters was in the cultural realm, how relations were between interpreters and other groups within poetry societies, and whether interpreters achieved upward mobility through participating in cultural activities.
Hu Jing	Cultural Networks of the Chungin 	Overall, the networks of the poetry societies in the eighteenth and nineteenth centuries exhibit limited interaction between the yangban and the chungin, indicating a clear social divide between the two groups. The cultural exchanges between the yangban and the chungin in the nineteenth century was concentrated on the interaction between the Sixth Bridge and the South Society, with Kang Wi acting as the principal intermediary. By studying interpreters external relations with the South Society, I found that Kang Wi, Sŏng Hyeyŏng, Yi Ki, and Paek Ch’unbae played a crucial role as cultural brokers between the poetry societies. Therein, Kang Wi and Sŏng Hyeyŏng were members from declined yangban, and Yi Ki and Paek Chunbae were interpreters, who were both characterized by having extensive experience of traveling abroad. By examining the internal structure of the Sixth Bridge, I discovered interpreters had connections with a wide range of professionals, indicating a similar cultural status between interpreters and other participants. However, the yangban members in the Sixth Bridge tended to interact within a tight-knit group and with individuals having experience in overseas travel. This suggests that, in the late nineteenth century, the cultural interaction between the yangban and the chungin was motived by the yangbans curiosity about the external world was a primary motivator for cultural interactions with the chungin, and cultural activities like poetry gatherings offered ideal platforms for the yangban to forge connections with the chungin. The external and internal perspectives of interpreters cultural status suggest that in the nineteenth century, the cultural status of the chungin was not fully the same as how they were categorized in the social hierarchy. In the cultural realm of the nineteenth century, the chungin” include a broader group of people—rather than technical officials, secondary sons, petty officials, etc., unsuccessful scholars, lower officials, students and artists were all intertwined in the same networks. Meanwhile, the fact that some chungin conducted cultural exchange with the yangban does not necessarily indicate their upward social mobility. As we investigated, the yangbans participation in the Sixth Bridge was rather limited, and the social gap between the yangban and the chungin did not cease because of cultural exchanges.
Hu Jing	Cultural Networks of the Chungin 	Furthermore, this study also incorporated Bourdieus theory of social capital and social mobility to the context of Chosŏn Korea. By focusing on the cultural performance of Chosŏn interpreters, the result of this study reveals interpreters limitations in the transformation of forms of capital: although Chosŏn interpreters had acquired a privileged status in accumulating economic capital and cultural capital, they failed to improve their social status through participating in poetry societies. The chungin were unable to overcome the social gap between themselves and the yangban by enhancing economic conditions or cultural sophistication. This substantiates the notion that, in Chosŏn society, upward mobility was restricted to the strata beneath the yangban; the yangban experienced only downward mobility and could not accommodate new members rising from lower-status groups.
Remco Breuker	Establishing a Pluralist Society in Medieval Korea 918–1170 History Ideology and Identity in the Koryŏ Dynasty 	What do we talk about when we talk about Koryŏ? Do we refer to the Korean peninsula during the period from 935 to 1392 or to the Koryŏ state itself? What was known under the name Koryŏ and who were known under the name Koryŏ paeksŏng 高麗百姓? Where do the borders of the Koryŏ state run? Is Koryŏ only identifiable as Koryŏ or is it also known under other names? These questions are essential to my inquiry into identity formation in Koryŏ, the theme around which this part revolves. I will also touch upon related subjects, such as the narrative of descent of the people of Koryŏ: where did they come from? Another important issue is how the people of Koryŏ viewed themselves. Is it sufficient to refer to them as people from Koryŏ or are there perhaps different, maybe even Koryŏ-transcending identities that we should pay attention to?
Remco Breuker	Establishing a Pluralist Society in Medieval Korea 918–1170 History Ideology and Identity in the Koryŏ Dynasty 	It is not only Koryŏ as a peninsular reality that must be looked into; as important is Koryŏ as a community among other communities. Here we touch upon Koryŏ’s legitimate place in the world order. Before it is possible to examine how Koryŏ functioned in the international world, how it viewed itself and how it was regarded by others, however, it is necessary to ask a question to which the answer seems so self-evident that the question is seldom asked: was Koryŏ a kingdom or was it something else, an empire for instance? The rulers of Koryŏ have been recorded for posterity as kings and the land they ruled over as a kingdom. Traditional accounts firmly situate Koryŏ in the conventional tributary system, fulfilling its duties as a subservient country towards suzerain Chinese dynasties with exemplary conscientiousness, and towards suzerain non-Chinese dynasties with noticeable reluctance. But significant amounts of source material tell another story, which radically changes previously held convictions about Koryŏ’s status, both internally and externally. This is the question at the very heart of Koryŏ identity which needs resolving.
Remco Breuker	Establishing a Pluralist Society in Medieval Korea 918–1170 History Ideology and Identity in the Koryŏ Dynasty 	These issues have preoccupied those among the Koryŏ population that possessed the talents, the leisure and the means to occupy themselves with such investigations. If we are to arrive at any kind of answer, we should take stock of the particular ways of thinking and expression that both articulated and shaped the ideas of descent and belonging in Koryŏ. In particular, we should look at the geomantic tradition that traced Koryŏ’s descent through its mountain ranges, appreciating the geographical boundedness of Koryŏ, as has been done by generations of geomancers. According to this view, Koryŏ could only be Koryŏ by virtue of the qualities of the land, the curves of the mountain ranges and the coils and twists of its rivers. This ideology, while often incompletely articulated, drew its arguments and strength from the very land that had created the state of Koryŏ itself; it constituted a particularly powerful ideology.
Remco Breuker	Establishing a Pluralist Society in Medieval Korea 918–1170 History Ideology and Identity in the Koryŏ Dynasty 	In this part, I will deal with Koryŏ identity in its broadest definition and in various relational perspectives. Identity will be considered in both of its meanings: uniqueness and sameness. For Koryŏ not only distinguished itself from other states, countries and cultures; it also tried to identify itself with states or places that held special meaning for political, literary or religious reasons. The pursuit of Chinese poetic composition by Koryŏ literati is characterized by the frequent identification of Chinese places with Koryŏ places. Another widespread phenomenon was the association of Indian Buddhist place names with places on the peninsula. Such identification and association of foreign cultural and religious places with peninsular locations was embedded in a complex structure of cultural and religious borrowing and recreation, which had far-reaching implications for the processes of identity formation during Koryŏ. The issues I touch upon may appear to be isolated, but they become united through their convergence in the processes of identity formation and the creation of communities in Koryŏ.
Remco Breuker	Establishing a Pluralist Society in Medieval Korea 918–1170 History Ideology and Identity in the Koryŏ Dynasty 	CHAPTER ONECOLLECTIVE NAMES AND DESIGNATIONS¹An obvious starting point for an inquiry into communal identity is a study of the collective names a community bears. Naming is an essential part of identity; it not only determines who belongs, but it also establishes who does not. It has been convincingly shown that names for communities—in whichever concrete form—derive from a desire to name and exclude those who are different from one’s own community. Ironically, in origin a name first and foremost conveyed what it was not.² The act of naming thus works both ways; it establishes both who belongs and who does not. Names signify belonging or exclusion, but are not impermeable: they can be adopted, rejected, adapted and redefined. In particular when names are applied by groups to other groups, confusion, erroneous use and conflation of names may arise and affect how these names are perceived, even by the named community itself.
Remco Breuker	Establishing a Pluralist Society in Medieval Korea 918–1170 History Ideology and Identity in the Koryŏ Dynasty 	The examination of collective names and designations is thus an evident starting point for identity analyses. It should be kept in mind, however, that names and designations can—and often do—change considerably over sufficiently long periods of time. Those who were once excluded from a certain group may be included a century later. Conversely, a once collectively shared name may come to be used for only one part of the original name-bearing community. A case in point is the designation ‘Samhan’ 三韓 (Three Han), a collective designation for the Korean peninsula and its inhabitants. Its steady occurrence in, for instance, titles recorded in epitaphs throughout the Shilla 新羅 and Koryŏ period perhaps creates the impression that its connotations remained the same, but this was not the case. I will start my investigation of the collective names and designations with regard to Koryŏ with the above example of ‘Samhan’ and then move on to other alternative, competing or complementary designations.
Remco Breuker	Establishing a Pluralist Society in Medieval Korea 918–1170 History Ideology and Identity in the Koryŏ Dynasty 	SamhanThe Koryŏ period offers many examples of the different uses of ‘Samhan,’ but the concept itself clearly antedates this period. Its earliest occurrences can be traced to Chinese histories that incorporated information about the peninsula and its inhabitants.³ The designation ‘Samhan’ is a good example of a name that was supposed to convey what the name-giver was not, that is, of ‘Samhan’ ancestry. Its later popularity as a general appellation for the Korean peninsula, its states and its inhabitants comes from a consistent use of the term in titles, edicts, inscriptions, epitaphs and popular folk songs during the Koryŏ period, as well as from a sense of historical unity. Roughly speaking, ‘Samhan’ appeared in three different meanings or senses: the historical Three Han, the historical Three Kingdoms along with its derivative use referring to the Later Three Kingdoms, and the Korean peninsula and its inhabitants. What, then, is the provenance of the name ‘Samhan’ and are the uses associated with it connected to the communities it described?
Remco Breuker	Establishing a Pluralist Society in Medieval Korea 918–1170 History Ideology and Identity in the Koryŏ Dynasty 	The designation ‘Samhan’ is in origin a Chinese name for the states and peoples of the Korean peninsula. Despite the deceptively simple meaning of ‘Samhan,’ namely the Three Han, Chinese sources attest to a persistent confusion about the precise denotation of the word. In some sources there is a clear conflation of ‘Samhan’ with ‘Chosŏn’ 朝鮮, for example, and at times ‘Samhan’ is used as an equivalent for ‘Koguryŏ’ 高句麗.⁴ The original meaning of ‘Samhan’ is difficult to comprehend, since extant sources remain silent on the genesis of the Three Han; it cannot be clearly established when the Han—as some peoples on the peninsula were known—became the Three Han.⁵ The sources do, however, state that the territory of the Three Han was located in the southern and central parts of the Korean peninsula.⁶ They also distinguish—for the most part—between the ‘Samhan’ and other entities on or near to the peninsula, most notably the Ye 濊, the Maek 貊 and the Okchŏ 沃沮. It remains problematic, though, to exactly determine the identity and location of the Three Han. The identity of the constituent parts of the Three Han caused historiographical debates well into the Chosŏn dynasty. Traditionally, they have been identified with Mahan 馬韓, Chinhan 辰韓 and Pyŏnhan 下韓. The widespread association among pre-modern historians of the Three Han with Shilla, Paekche and Koguryŏ sprang forth from Ch’oe Ch’iwŏn’s 崔致遠 (857–?) idea that Shilla developed from Chinhan, Mahan from Koguryŏ, and Paekche 百濟 from Pyŏnhan.⁷ For our purposes here, the exact historical identification of the Three Han is less interesting than the way the name has been used in relation to the peninsula. The precise origins of the name ‘Samhan’ may be obscure, but what is beyond dispute is that it is of Chinese coinage. The fact that this designation has been used rather indiscriminately to name every state and people on or strongly associated with the Korean peninsula (including Kogurŏ’s most northern parts) in the course of several centuries caused the gradual acceptance of the name ‘Samhan,’ not necessarily as pertaining to the three historical Han-states, but as pertaining to the peninsula and its peoples as a whole.⁸ Textual evidence from this period points at the formation on the Korean peninsula of an identity that assumed the common provenance and destiny of the different peoples that made up the ‘Samhan.’⁹ The actual disintegration of Unified Shilla into three competing states, the Later Three Kingdoms, each of which had fallen back on its pre-unification predecessor for legitimative purposes, was another historical contingency that advanced the sense of identification with the historical ‘Samhan.’ References during the early Koryŏ period all point to the Three Han in the sense of the Later Three Kingdoms; most representative of this use is perhaps the ritualized expression “T’aejo 太祖 unified [pacified] the Three Han” that is found in scores of royal edicts and all sorts of inscriptions. Clearly, the references are to the historical unification of the peninsula under the rule of the founder of the Koryŏ state, T’aejo Wang Kŏn 太祖王建 or T’aejo (877–943) (referred to as Wang Kŏn before his ascendancy to the throne in 918).¹⁰ This usage continues until the end of the dynasty.¹¹ Nonetheless, other usages of ‘Samhan’ can also be found during this period, although with less frequency. In a letter that T’aejo sent to his great rival Kyŏn Hwŏn 甄萱 in 928, ‘Samhan’ can be interpreted in two complementary ways: as pertaining to the contemporary political situation on the peninsula, and as a comprehensive designation of the peninsula. T’aejo’s use of ‘Samhan’ prefigured its use during the Koryŏ dynasty. In his letter to Kyŏn Hwŏn, Wang Kŏn utilized the historically produced semantic range of ‘Samhan’ to the fullest extent; the same notion at once described the current situation on the peninsula and appealed to the past when it had been unified. These two usages are most frequent during the early years of the Koryŏ dynasty. One usage we have seen above; the other, as a comprehensive and necessarily vague name for the peninsula and its people, is less common at the beginning of the dynasty, but increases in popularity until it became the common way of use at the middle of the dynasty. Koryŏ rulers possessed the right “to rule over [the territory of] the Samhan.”¹² This idea is enforced by the occasional letter of investment from Chinese dynasties, in which Koryŏ is identified with ‘Samhan.’¹³ The transition from the former usage to the latter is in itself a perfectly understandable phenomenon. The availability of the term ‘Samhan,’ already enriched by centuries of rather loose use by Chinese chroniclers, combined with the political circumstances on the peninsula during the late ninth and early tenth centuries, made it possible for this term to gradually become a comprehensive designation for the peninsula and its peoples. This transition is complete when in 1136 Koryŏ sends a diplomatic letter to the Song 宋, mentioning among other things that “our Samhan have served the Chinese court generation after generation since the Han 漢 and the Tang 唐.” The Three Han had significantly aged since the beginning of the dynasty, when ‘Samhan’ was predominantly a synonym for the Later Three Kingdoms 後三國. Incidentally, Injong’s 仁宗 (1109–1122–146) diplomatic letter came some thirty years after Sukchong 肅宗 (1054–1095–1105) had issued bronze coins of two different denominations, bearing the inscriptions ‘Samhan t’ongbo 三韓通寶’ and ‘Samhan chungbo 三韓重寶.’¹⁴
Remco Breuker	Establishing a Pluralist Society in Medieval Korea 918–1170 History Ideology and Identity in the Koryŏ Dynasty 	The designation ‘Samhan’ that contained the partly converging and partly diverging senses of the Three Later Kingdoms and of the peninsula and inhabitants in the early Koryŏ dynasty changed into another ambiguous concept of ‘Samhan’ during middle Koryŏ. Its meaning as a general designation of the peninsula became more significant, while as a result of this process the identification of ‘Samhan’ with the Three Later Kingdoms decreased. Instead, a tendency to identify ‘Samhan’ with the three historical Han states of Mahan, Chinhan and Pyŏnhan became prominent.¹⁵ These different usages of ‘Samhan’ were sometimes used simultaneously; in a thirteenth-century memorial to the throne, for instance, ‘Samhan’ is used as an equivalent for the Three Later Kingdoms and as a general designation for the peninsula.¹⁶ Despite the obvious ambiguity of the name ‘Samhan,’ a tendency can be distinguished towards the separation of the term ‘Samhan’ from the historical actuality of the peninsula. That is to say, while the sometimes indiscriminate use of the term ‘Samhan’ and its different meanings continues, from the middle of the Koryŏ dynasty there is a clear shift in emphasis towards the term signalizing a supradynastical entity that does not entirely correspond with Koryŏ. In a memorial from 1220 it was hoped that the ‘Samhan’ would know one million years of peace and tranquillity.¹⁷ An edict issued in 1385 mentioned that the Koryŏ kings have protected the ‘Samhan’ for generations, a notion that had been recurring from middle Koryŏ on.¹⁸ Extant documents from the Koryŏ period testify to the enormous importance of the notion of ‘Samhan’ as the community of people on the peninsula; there is not one extant document that contains the name Koryŏ. Instead, we find the designation ‘Samhan’ used for both the people and the peninsula.¹⁹ The idea of a supradynastical entity called the ‘Samhan’ crystallizes during the late Koryŏ period, but it was present in some form or other much earlier, as is testified by the epitaph for Ch’oe Sajŏn 崔思全 (1067–1139) of 1140. According to this epitaph, Ch’oe remonstrated Injong for giving free reign to his family-in-law, something a ruler was not supposed to do, especially since
Remco Breuker	Establishing a Pluralist Society in Medieval Korea 918–1170 History Ideology and Identity in the Koryŏ Dynasty 	the Three Han are the Three Han of the Three Han. They do not stop at being Your Majesty’s Three Han. Our former lord T’aejo has worked hard to achieve this and I beg Your Majesty not to be negligent [in taking care of it].²⁰
Remco Breuker	Establishing a Pluralist Society in Medieval Korea 918–1170 History Ideology and Identity in the Koryŏ Dynasty 	According to the same epitaph, Injong agreed and declared that he would “put the Three Han in order again.”²¹ Curiously, at the same time that the designation ‘Samhan’ obtained a supradynastical connotation, it was also grounded in history more firmly than ever before. A Koryŏ folk song recorded in the Standard Koryŏ history describes an ideal era of peace and prosperity on the peninsula enjoyed by the “venerable old men” of the Three Han.²² Another source, however, confirms, the historicity of the ‘Samhan,’ when it appears in the context of the “dynastic undertaking of the Samhan.”²³ The Geography Section 地理志 of the Standard Koryŏ history treats ‘Samhan’ as a historical entity that existed before the Three Kingdoms, as does the Costume Section 依服志.²⁴ Perhaps the most convincing testimony to this growing historical perception of the Three Han is a poem on the epitaph of Cho Yŏnsu 趙延壽 of 1325 that alludes to Tan’gun 檀君:
Remco Breuker	Establishing a Pluralist Society in Medieval Korea 918–1170 History Ideology and Identity in the Koryŏ Dynasty 	Our ancestor from P’yŏngyang 平壤is the holy hermit Wang Kŏm 王儉His people are still with usWhat a wonderful commander he is!He lived for thousands of yearsbefore the ‘Samhan’ came into being.²⁵
Remco Breuker	Establishing a Pluralist Society in Medieval Korea 918–1170 History Ideology and Identity in the Koryŏ Dynasty 	A conflation of these two senses is distinguishable in statements that claim that Koryŏ succeeded to and ‘possessed’ the Three Han, while simultaneously it is apparent that ‘Samhan’ was more than the historical reality that Koryŏ offered. ‘Samhan’ is described as incorporated in Koryŏ territory, yet the two entities are not conflated, but kept separate.²⁶ ‘Samhan’ represented Koryŏ’s past in its historical quality; its present through an identification of ‘Samhan’ with the people of Koryŏ;²⁷ and its future through dissociation with Koryŏ when Koryŏ was declining.²⁸ Note, incidentally, that the separation of the notions of ‘Samhan’ and ‘Koryŏ’ enables the identification of ‘Samhan’ with Koryŏ’s past, present and future.
Remco Breuker	Establishing a Pluralist Society in Medieval Korea 918–1170 History Ideology and Identity in the Koryŏ Dynasty 	The designation ‘Samhan’ was of Chinese origin, but established itself as the common designation used by inhabitants of the Korean peninsula to refer to themselves and their peninsula. It was adopted by literati on the peninsula during the period of the Three Kingdoms. Entering the Koryŏ dynasty, ‘Samhan’ was used in a number of distinctive ways: it surfaced as a synonym for the Later Three Kingdoms (which was a logical extension of its use as a synonym for ‘Samguk,’ the Three Kingdoms); it was used as an alternative designation for Koryŏ; it retrieved its original meaning as a name for the historical Three Han states on the peninsula; and finally, and for our purposes most significantly, it acquired a supradynastical connotation that separated it from the historical actuality on the peninsula. In this sense, ‘Samhan’ came to be used as distinct from Koryŏ in a sense that represented both the country and its people. The Three Han functioned as a charter polity for the Koryŏ state, in particular with reference to the location and composition of state and society.
Remco Breuker	Establishing a Pluralist Society in Medieval Korea 918–1170 History Ideology and Identity in the Koryŏ Dynasty 	Haedong, Tongbang, Tongguk and Ch’ŏngguOriginally a Chinese term for the states on the Korean peninsula, the designation ‘Samhan’ developed into an appellation for the peninsula and its people that was predominantly used internally.²⁹ The ‘Samhan’ coinage of the late eleventh and early twelfth centuries, too, was essentially produced for domestic circulation. Around the same time two other coins, each in two denominations, were produced. As an alternative to ‘Samhan,’ one coinage had the designation of the peninsula ‘Haedong’ 海東 (‘east of the sea’) inscribed on one side of the coins. The other coinage bore a similar alternative name, ‘Tongguk’ 東國 (‘eastern country’).³⁰ Inscribed into the bronze coins of eleventh- and twelfth-century Koryŏ, ‘Samhan,’ ‘Haedong’ and ‘Tongguk’ are synonymous: they all refer to Koryŏ or the Korean peninsula. In different contexts, however, these three alternatives acquired quite different connotations. As we have seen above, ‘Samhan’ came to be used as a general appellation for the Korean peninsula and its inhabitants with reference to the domestic situation. ‘Haedong’ and ‘Tongguk,’ as well as ‘Tongbang’ 東方/東邦 (‘eastern country’) and ‘Ch’ŏnggu’ 青丘 (‘azure hills’), though, are mainly found in explicit references to or comparisons with China. ‘Haedong,’ a name that is still in use, occurs in roughly two senses: in one guise it appears as an alternative for ‘Samhan’ in the sense of the historical community on the peninsula, but without the connotations that associate ‘Samhan’ with the people of the peninsula. Contrary to ‘Samhan,’ the sources do not reveal instances where ‘Haedong’ is positively identified with the people; ‘Haedong’ does not “wail,” it is not “pleased,” it does not “gather from afar,” as the people represented by ‘Samhan’ do.³¹ In contrast, the epithet ‘Haedong’ is mainly used in association with the elite or with elite undertakings.³² The other sense in which ‘Haedong’ is found in the sources, is, as mentioned above, in contrast with China. An epitaph from 1119 mentioned that Yu Chae 劉載, originally from Chinese territory, moved to ‘Haedong.’³³ Another epitaph contrasts ‘Haedong’ with the place of (domestic) banishment of the subject of the epitaph.³⁴ A further representative example can be found on the stele of Yi Chehyŏn 李齊賢, who is praised with the words that “his fame was known throughout the world, but his body resided in Haedong.”³⁵ Inscriptions frequently mention that so-and-so has returned from China to ‘Haedong,’ in most cases from a study-related stay.³⁶ The high frequency of ‘Haedong’ in this context—in inscriptions, poems, historical and religious works—reveals that in these instances ‘Haedong’ was preferred to ‘Koryŏ,’ ‘Samhan’ or other geonyms. Other occurrences of ‘Haedong’ appear in connection with the three Koryŏ scholars that lay claim to the title Confucius of Korea: Ch’oe Ch’ung 崔沖, Yun Ŏni 尹彦頤 and Yi Kyubo 李奎報.³⁷ The epithet ‘Haedong’ was also used in book titles, such as in the no longer surviving Haedong mungam 海東文鑑 (Literary mirror of Haedong)³⁸ and the Haedong pirok 海東秘錄 (Secret records of Haedong).³⁹ These examples also illustrate the elite usage of the term and its comparison regarding Chinese or Sinitic culture.
Remco Breuker	Establishing a Pluralist Society in Medieval Korea 918–1170 History Ideology and Identity in the Koryŏ Dynasty 	The appellation ‘Samhan’ referred to a certain historical situation: ‘Samhan’ makes direct reference to the historical Three Han. The designations ‘Haedong,’ ‘Tongbang,’ ‘Tongguk’ and ‘Ch’ŏnggu’ fundamentally differ from ‘Samhan’ in this respect. All four terms are explicitly (Haedong, Tongbang, Tongguk) or implicitly (Ch’ŏnggu) connected to the east. ‘Haedong’ means ‘[the country] east of the sea’ and both ‘Tongbang’ and ‘Tongguk’ can be translated as ‘eastern country.’⁴⁰ ‘Ch’ŏnggu’ is the name of one of the traditional Chinese constellations; its name literally means ‘azure hills,’ but since the constellation can be observed in the eastern parts of the heaven above East Asia it came to be associated with the Korean peninsula. The obvious geographical or directional qualities of these four terms facilitated their association with the Korean peninsula and its neighbouring regions in a way that was historically vaguer, but geographically more accurate. The manner in which these four terms have been used bear out this connection with their respective etymologies: early occurrences of ‘Haedong,’ ‘Tongguk,’ ‘Tongbang’ and ‘Ch’ŏnggu’ refer to the geographical unity of the Korean peninsula. The initial indiscriminate use of these terms regarding the state they refer to—which is highly context-dependent; the same term can refer to quite different states—confirms the strong geographical subtext of these terms.⁴¹ The consolidation of states on the peninsula and the concomitant increase in regular communication with Chinese dynasties drastically decreased the fluidity of these designations.
Remco Breuker	Establishing a Pluralist Society in Medieval Korea 918–1170 History Ideology and Identity in the Koryŏ Dynasty 	The earliest Chinese sources use ‘Haedong’ in its geographical sense. States that are now commonly identified as belonging to the historic Korean peninsula are said to be located in ‘Haedong.’⁴² In most of the references ‘Haedong’ approximately corresponds to the historic Korean peninsula, but it should be noted that there is also a not insignificant amount of references that include the Liaodong 遼東 area as belonging to ‘Haedong.’⁴³ The frequent use of the expression ‘the states of Haedong’ (Haedong cheguk 海東諸國) underlines this early meaning of the term. ‘Haedong’ was used as a geographical designation; in Haedong several states existed and when envoys from Haedong came to pay tribute to the Chinese court, we are told they consisted of envoys from Koguryŏ and Paekche.⁴⁴ The geographical connotations of ‘Haedong’ are strong, then, but even in this early stage of its usage, geopolitical associations are not absent: ‘Haedong’ is also identified as the place where the Eastern Barbarians live.⁴⁵ Acting as an umbrella term for states on the historic Korean peninsula as well as the Liaodong area, a definite sense of unity is associated with ‘Haedong.’
Remco Breuker	Establishing a Pluralist Society in Medieval Korea 918–1170 History Ideology and Identity in the Koryŏ Dynasty 	The rise of the Three Kingdoms on the peninsula ushered in a new usage of ‘Haedong.’ Describing the contemporary and the near-contemporary situation on the Korean peninsula sources, such as the Jiu Tangshu 舊唐書 (hereafter: Old standard Tang history) came to use ‘Haedong’ in conjunction with ‘Samguk’ 三國, reflecting the recently stabilizing circumstances.⁴⁶ Simultaneously, sections dealing with each of these kingdoms were from then on included in the Section of Eastern Barbarians 東夷傳, where information on the states and peoples of the Korean peninsula was usually given a place in Chinese histories. In 623, the sixth year of his reign, Tang emperor Gaozong 高宗 asked an envoy from Shilla why the Three Kingdoms on the peninsula were engaged in such vengeful warfare, when these states had such a long history in common.⁴⁷ The Tang emperor’s question alludes to his awareness of the peninsula sharing some form of historical unity. This is indicated firstly by his reference to the Three Kingdoms of Haedong and secondly by his consideration of the incessant warfare between these three states to be somehow wrong. By this time, the long-standing association of the Eastern Barbarians with ‘Haedong’, and of ‘Haedong’ with the Three Kingdoms had given rise to a consciousness that connected the states on the peninsula together in one historical set: the term ‘Haedong’ had come to represent the Three Kingdoms. After Shilla’s unification of the peninsula, Parhae was swiftly excluded from it. The Xin Tangshu 新唐書 (hereafter: New standard Tang history) shows some ambiguity on this subject, however, by including Parhae 渤海 in the section for Northern Barbarians 北狄 on account of its majority Malgal 靺鞨 population, while simultaneously, and in the very same entry, referring to Parhae as a “prospering state in Haedong.” It probably did so on account of the ancestry of its ruling class, as well as the ambiguity of the term ‘Haedong.’ ‘Haedong’ started to become exclusively associated with the historic Korean peninsula; in its geographical sense, though, it could still include the region that Parhae occupied.⁴⁸ The ambiguity surrounding Parhae’s status also surfaces in a text by Ch’oe Hae 崔瀣 (1287–1340), in which the achievements of Korean students (Tongin 東人) who entered the Chinese state examinations are discussed. In this text, the author mentions students from Parhae, but only to immediately exclude them from peninsular history.⁴⁹ Detaching Parhae from ‘Haedong,’ as was effectively done, despite the ambiguity of the New standard Tang history, meant that the expression ‘Haedong samguk’ 海東三國 came to be representative for the Korean peninsula and its states.
Remco Breuker	Establishing a Pluralist Society in Medieval Korea 918–1170 History Ideology and Identity in the Koryŏ Dynasty 	The designation ‘Haedong’ frequently occurs in both Chinese and Korean sources, while both ‘Tongguk’ and ‘Tongbang’ are significantly less frequently found in Chinese sources. ‘Tongguk’ only became the most frequently used designation of the peninsula and its people during the Chosŏn dynasty.⁵⁰ The relatively low frequency of these terms may be due to the fact that both occur in different meanings in Chinese sources: Tongguk may refer to (any) ‘eastern country,’ while tongbang signifies ‘eastern direction’ or ‘eastern country,’ depending on the character used for ‘pang’ 方/邦. When these terms appear in a context that refers to the Korean peninsula, though, they are used as synonymous with ‘Haedong’ in its geographical sense. The designation ‘Ch’ŏnggu,’ appears more frequently than both ‘Tongguk’ and ‘Tongbang,’ but not to the same extent as ‘Haedong.’⁵¹ ‘Ch’ŏnggu’ appears for example in the Tang title Ch’ŏnggu-to haenggun taech’onggwan 靑丘道行軍大摠管 (Great Marshal of the army for the province of Korea), which was given to the general responsible for the subjugation of Koguryŏ.⁵²
Remco Breuker	Establishing a Pluralist Society in Medieval Korea 918–1170 History Ideology and Identity in the Koryŏ Dynasty 	In Korean sources, ‘Tongguk,’ ‘Tongbang’ and ‘Ch’ŏnggu’ appear alongside ‘Haedong’ as general designations for the Korean peninsula and its people. These three terms appear both in official and in private sources and in most cases in a usage that contrasts them with China.⁵³ As we have seen above, ‘Haedong’ was also used in a supradynastical sense in which it referred to the peninsula and its people, but not to a historically specific time or place. Again, as can also be surmised from the coins from the eleventh and twelfth centuries, the usages of ‘Tongbang,’ ‘Tongguk’ and ‘Ch’ŏnggu’ mirror that of ‘Haedong.’⁵⁴ In his biography, Ch’oe Ch’ung was praised as the ‘Confucius of Korea’; the sentence before said that he represented “the flowering of education in Korea.” In the first case, ‘Haedong’ was used, in the second instance ‘Tongbang.’ Examples such as this one, where ‘Tongbang,’ ‘Tongguk,’ ‘Ch’ŏnggu’ and ‘Haedong’ all refer to the supradynastical qualities of the Korean peninsula and its people, and are in fact interchangeable, abound.⁵⁵
Remco Breuker	Establishing a Pluralist Society in Medieval Korea 918–1170 History Ideology and Identity in the Koryŏ Dynasty 	Concurrent with the development of the term ‘Samhan,’ four terms that took China as their point of reference developed into virtually coterminous designations for the Korean peninsula and its people. These four terms were distinguished by the two senses in which they are found. In Chinese sources, the geographical connotation of these names is strong, even when during the period of the Three Kingdoms and afterwards, some sense of historical unity on the Korean peninsula is apparent in these sources. Korean sources obviously had less use for the purely geographical meaning of the above terms, but two different usages can be distinguished. One usage reflects the etymology of the terms. After all, these phrases were all coined in China and with China as point of reference: Korea is located in the east if one is looking from China. This usage, then, positions the peninsula in contrast with China, both geographically and culturally.⁵⁶ Interestingly, this process of cultural and geographical defining was not a one-way street. As I mentioned above, ‘Tongbang,’ ‘Tongguk,’ ‘Ch’ŏnggu’ and ‘Haedong’ often appear in contrast with China or Sinitic civilization. The simultaneous appearance of the epithet ‘western’ in many of these inscriptions and texts draws our attention to the reciprocity of this process. Just as China had defined the geographical, cultural and historical status of the peninsula with reverence to Sinitic civilization, peninsular literati did likewise and redefined China and its culture by reference to their own culture. Hence the otherwise inexplicable “journeys to the west” or “western learning” with regard to Ch’oe Ch’iwŏn’s study and stay in China, Wŏn’gwang’s 圓光 journey to China and Yi Kok’s 李穀 juxtaposition of Koryŏ and western learning.⁵⁷ The ambiguity involved—the Korean peninsula is only located in the east seen from China, which makes it rather paradoxical to redefine China from a point of view that itself had been defined by China—serves to underline the fact that despite this attempt at redefinition and re-orientation, Sinitic civilization was thought to hold the upper hand. In this way, the peninsula and its people came to be defined in reference to China and its culture and China and Sinitic culture came to be defined with reference to the peninsula. The sources reveal that this usage had its roots in the period of the Three Kingdoms and continued into the Koryŏ dynasty. On the other hand, ‘Tongbang,’ ‘Tongguk,’ ‘Ch’ŏnggu’ and ‘Haedong’ acquired a meaning similar to the semantic development of ‘Samhan.’ They came to be used during the Koryŏ dynasty as general designations referring to a supradynastical entity as comprised by the Korean peninsula and its inhabitants. In this sense the contrasting semantics of the terms virtually disappear in favour of the appearance of a sense of implied historical unity. It is noteworthy that a similar though less clear tendency can be discerned in the usage of these terms in Chinese histories.
Remco Breuker	Establishing a Pluralist Society in Medieval Korea 918–1170 History Ideology and Identity in the Koryŏ Dynasty 	In both cases, originally foreign (read: Chinese) terms were adapted and developed in distinct ways, but via parallel processes. ‘Samhan’ initially described the contemporary political situation on the Korean peninsula as seen through Chinese eyes, presumably when the three Han states flourished in its central and southern parts. Adapted by literati during the period of the Three Kingdoms, the word came to signify the successive states and their peoples on the peninsula. Simultaneous use of the different senses in which ‘Samhan’ could appear eventually led to the coming into existence of ‘Samhan’ as a designation for a perceived supradynastical entity. The four (originally geographical) designations examined above show a similar pattern in development; the semantic values differ, but the processes of adaptation are analogous. In this instance, the departing point for the semantic route derived its meaning from its point of reference: China. The development of these four terms as reflected in Korean source materials revealed a strong and consistent association with China. Analogous to the semantic development of ‘Samhan,’ these four designations also acquired a meaning that was the result of centuries of association with the historic peninsula: they came to signify the whole peninsula and its inhabitants.
Remco Breuker	Establishing a Pluralist Society in Medieval Korea 918–1170 History Ideology and Identity in the Koryŏ Dynasty 	An important characteristic of these four terms is the coming into being of a juxtaposed notion of China or, rather, of Sinitic culture. The application of the epithet ‘west/western’ in this context both underscores a peninsular desire to engage on equal terms and a realization and acceptance of the important presence of Sinitic culture on the peninsula. To be sure, there are some instances where ‘Samhan’ is contrasted with China and where cultural equality is implied.⁵⁸ Mostly, though, ‘Samhan’ was used with domestic reference, while ‘Tongbang,’ ‘Tongguk,’ ‘Ch’ŏnggu’ and ‘Haedong’ were positioned in contrast with China. The occurrence of this kind of juxtaposition reinforced the function of naming for the designated population. Naming created a clear dividing line between different groups; juxtaposition with China, both geographically and culturally, strengthened their claims of individuality and their equality with China.
Remco Breuker	Establishing a Pluralist Society in Medieval Korea 918–1170 History Ideology and Identity in the Koryŏ Dynasty 	KoryŏAbove I have reviewed the different designations with regard to the Korean peninsula as a whole. An exhaustive review would have included all general designations that were used until the end of the Koryŏ dynasty, but the frequency of those terms that have been omitted is low enough to justify their exclusion.⁵⁹ Besides, my aim is not to review exhaustively all names for the peninsula until the end of the Koryŏ period, but rather to inquire whether there were any general designations in use that covered the peninsula and its people through various historical periods. The outcome of this analysis is that several designations existed that named the peninsula and its population; these designations have ancient roots, although an analysis of the way in which they have been used suggests that it was only around the twelfth century that the terms discussed above were accepted as encompassing the peninsula and its people as a (supra)historical whole. The fact that these terms existed and were widely used, is of great significance for the conception of the notion of Koryŏ. Against a cultural and historical background that includes one or more supradynastical notions of the peninsula and its people, the notion of Koryŏ is bound to differ significantly from a situation in which there is no such background.
Remco Breuker	Establishing a Pluralist Society in Medieval Korea 918–1170 History Ideology and Identity in the Koryŏ Dynasty 	Let us start at the beginning of Koryŏ, not with Wang Kŏn, but with Kungye 弓裔. At different places in the Standard Koryŏ history Koryŏ’s founder Wang Kŏn, refers to Kungye as “the previous king.” The continuity between Kungye’s T’aebong 泰封 and Wang Kŏn’s Koryŏ—regarding its institutions, its organization, its human resources and its territory—is too strong to detach T’aebong from the early years of the Koryŏ state.⁶⁰ In fact, there is compelling evidence to regard Wang Kŏn as the successor of Kungye and the second ruler of Kungye’s T’aebong.⁶¹ The founding of a new dynasty only came much later and was probably achieved in retrospect. At the time when Kungye was ousted from power, it appears that Wang Kŏn concentrated on seizing and consolidating power in T’aebong in an effort to hold his own in the bitter struggle with Kyŏn Hwŏn, rather than on immediately founding Koryŏ, as later accounts have characterized Wang Kŏn’s ascent to power.
Remco Breuker	Establishing a Pluralist Society in Medieval Korea 918–1170 History Ideology and Identity in the Koryŏ Dynasty 	According to the Samguk yusa 三國遺事 (hereafter: Memorabilia of the Three Kingdoms), in 901 Kungye called his newly established state ‘Koryŏ,’ although the Histories of the Three Kingdoms does not specify the name of the state Kungye established.⁶² In view of contemporary circumstances, in which regional loyalties were mobilized under the banners of Kyŏn Hwŏn in the former territories of Paekche and Kungye in parts of old Koguryŏ, it is very likely that Kungye named his state Koryŏ.⁶³ The use of ‘Koguryŏ,’ often abbreviated as ‘Koryŏ’, was well attested by the tenth century. Centuries of use in Chinese and Korean sources had firmly entrenched Koguryŏ in the historical consciousness of East Asia. Kungye was thus invoking a history of more than one thousand years when he so ostentatiously appealed to the Koguryŏ sentiments among the local population. Moreover, there was little confusion over the precise meaning of the term ‘Koguryŏ’: it referred to the state that had existed for almost eight centuries in the northern part of the Korean peninsula and, depending on the period, different parts of Manchuria and the Maritime Provinces. The term ‘Koguryŏ’ in Chinese sources is used in a consistent manner and with few departures from its principal meaning.⁶⁴ So what was the historic legacy of the term ‘Ko(gu)ryŏ’? What kind of associations did it inspire and what kind of legitimation did this designation carry?
Remco Breuker	Establishing a Pluralist Society in Medieval Korea 918–1170 History Ideology and Identity in the Koryŏ Dynasty 	By the time Shilla disintegrated and the kingdoms of Kyŏn Hwŏn and Kungye came into being, it had been more than two hundred years since Koguryŏ had fallen. Two centuries of Shilla rule had influenced and changed local society to a significant extent. Nonetheless, when Kungye rose to power, he clearly chose to adopt an ideology based on Koguryŏ, despite his own origins.⁶⁵ The attraction that identification with Koguryŏ held for Kungye and later for Wang Kŏn is usually explained by the majority presence of Koguryŏ descendants in the territory encompassed by Later Koguryŏ.⁶⁶ The presence of political identifications with Koguryŏ by ruling families of Shilla origin, even before the rise of Kungye, supports this view.⁶⁷ Accordingly, it has often been argued that the political identification with Koguryŏ of both Later Koguryŏ and Koryŏ was necessarily complete and thus entailed the ambition to conquer Koguryŏ’s old territory.⁶⁸ This line of arguing overlooks the fact that the unification of the Korean peninsula was only achieved towards the end of T’aejo Wang Kŏn’s reign, which puts Koguryŏ successionism in a different perspective entirely. The identification with Koguryŏ was aimed primarily and predominantly towards Shilla and Later Paekche, and not towards the mainland Chinese dynasties.⁶⁹ Moreover, there was not much to choose from for both Kungye and Wang Kŏn, since the Shilla state still existed and the state of Later Paekche 後百濟 had already been established in 892.⁷⁰ A nominal return to the period of the Three Kingdoms was, then, historically and socially the most suitable and expected option, even more so when the geographical location of the strongholds of Kungye and Wang Kŏn is taken into consideration.
Remco Breuker	Establishing a Pluralist Society in Medieval Korea 918–1170 History Ideology and Identity in the Koryŏ Dynasty 	The identification with Koguryŏ and the adoption of the name ‘Koryŏ’ was, if not inevitable, then at least obvious. There was little to choose from and an appeal to Koguryŏ splendours could count on more positive reactions from the local population than any other appeal. Kungye’s apparent tinkering with names for his state shows the strenuousness of a complete identification with Koguryŏ. Both ‘Majin’ 摩震 and ‘T’aebong’ 泰封 distance themselves from ‘Koryŏ,’ both conceptually and with regard to the associations evoked.⁷¹ Wang Kŏn restored the name of ‘Koryŏ,’ which has led several scholars to suppose that he might have had more or less private reasons to do so.⁷² Mainly based upon the legends recorded in the Koryŏ segye 高麗世系 (hereafter: Dynastic genealogy of Koryŏ), it is argued that Wang Kŏn’s ancestors came down from the surroundings of Paektu-san 白頭山 and settled near present day Kaesŏng 開城. The family myths were supposed to both explain the Wang family’s provenance and its settlement in Kaesŏng and to legitimate its position as the ruling family of Koryŏ. This interpretation is at bottom not implausible. It is very well possible that Chakche Kŏn 作帝建⁷³ was of Koguryŏ descent, which would perhaps also explain Wang Kŏn’s warm reception of the Parhae heir apparent and his people. On the other hand, the evidence is flimsy at best and purely circumstantial. Each of Wang Kŏn’s decisions—naming his state ‘Koryŏ,’ welcoming Parhae refugees in staggering numbers—can be explained from ideological and political motives as well. Wang Kŏn’s actions in general speak of a very practical person, who was able to cut his coat according to his cloth, instead of the other way round, as is argued by some historians that take Koguryŏ successionism as the defining element of Koryŏ.⁷⁴ But, as has been shown by for example Kungye and the ruling Shilla families of the northern provinces before him, descent can be legitimately changed, if that is necessary to acquire or maintain a leading position. Taking the above into account, it must be concluded that firstly, the availability of a political identification with Koguryŏ and secondly, the geographical location of Kungye’s and later Wang Kŏn’s backing were decisive in choosing the name ‘Koryŏ.’ Before unification in 938—and even then—it was simply not feasible to pursue his own personal ambitions with regard to succeeding Koguryŏ that perhaps never existed, while the two attempts at overthrowing Wang Kŏn showed the precariousness of his position as new king of Koryŏ.⁷⁵
Remco Breuker	Establishing a Pluralist Society in Medieval Korea 918–1170 History Ideology and Identity in the Koryŏ Dynasty 	The subsequent use of the official state designation ‘Koryŏ’ supports the assumption that is was adopted out of predominantly politically opportune motives. Inscriptions dating from the early years of Koryŏ (that is, around the time of the unification of the peninsula) without exception mention ‘Koryŏ’ at the very beginning of the stele. As is a rule with most extant stelae, the contemporary Chinese dynasty is mentioned, followed by ‘Koryŏ’ or ‘Koryŏ-guk’ 高麗國, which is then followed by more detailed information about the contents of the inscription, the place of erection, the date, and so forth. Koryŏ epitaphs from this period are similar. The remarkable thing is that the word ‘Koryŏ’ is not mentioned in the contents of any of the stelae or epitaphs from this period, except in titles and the like. It is not merely substituted by the common abang 我邦/我方 (‘our country’), ajo 我朝 (‘our court’), agukka 我國家 (‘our state’), ponbang 本邦 (‘this country’), ponjo 本朝 (‘this court’) or similar self-referring designations; the designation ‘Koryŏ’ is even completely absent, except when explicitly referring to the state of Koryŏ. Instead, designations such as ‘Haedong,’ ‘Tongguk,’ ‘Tongbang’ and ‘Samhan’ are used, according to their differing semantic values discussed above. Examples from early Koryŏ are abundant.⁷⁶ Epitaphs from about a century later show exactly the same phenomenon: the designations ‘Koryŏ’ or ‘Koryŏguk’ only appear at the head of the epitaph, in order to situate them in their national and international surroundings. To this end, the reigning Chinese dynasty, the state on the peninsula and further necessary concrete information about the epitaph are also mentioned here.⁷⁷ The absence of ‘Koryŏ’ as a self-referring designation, except in explicit relation to the state, is mirrored in the literary and ritual writings of the period. The P’ahanjip 破閑集 (hereafter: Jottings to break up idleness), for instance, does not include the word ‘Koryŏ’ even once; instead, the terms ‘Haedong,’ ‘Tongguk’ and ‘Samhan’ are used. The diverse samples of Koryŏ poetry, prose, memorials, ritual texts and edicts collected in the Tong munsŏn 東文選 (hereafter: Anthology of Korean literature), again, confirm the absence of ‘Koryŏ’ in favour of the above-mentioned designations. It was only when important source materials such as the Standard Koryŏ history and the Koryŏsa chŏryo 高麗史節要 (hereafter: Essentials of Koryŏ history) were compiled, that Koryŏ came to be referred to as Koryŏ. Of course, this practice was begun with the compilers of the Chosŏn dynasty; it had not been a contemporary practice of Koryŏ scholars. The presence of many instances of ‘Haedong,’ ‘Tongguk,’ ‘Tongbang’ and ‘Samhan’ in the Standard Koryŏ history and the Essentials of Koryŏ history, due to the inclusion of pieces of original texts, points to the Koryŏ preference of referring to itself by avoiding the name of the state. All extant documents of the Koryŏ period exhibit this preference. Although it is beyond dispute that these documents were issued by the state or by its local representatives, ‘Koryŏ’ is not mentioned. Instead, and predictably, we predominantly find ‘Samhan.’
Remco Breuker	Establishing a Pluralist Society in Medieval Korea 918–1170 History Ideology and Identity in the Koryŏ Dynasty 	The sources on Koryŏ are limited and, accustomed as contemporary historians of Koryŏ are to make extensive use of secondary sources such as the Standard Koryŏ history and the Essentials of Koryŏ history, it is quite natural to think of Koryŏ as ‘Koryŏ.’ The above review, however, suggests that ‘Koryŏ’ was mainly used to refer to the state of Koryŏ and conspicuously less frequently to refer to Koryŏ as a country with a history, or this country’s people. Whereas ‘Samhan’ came to be used as a supradynastical designation for the peninsula and its people, the designation ‘Koryŏ’ was firmly wedded to the state and underwent the same vicissitudes the state went through. Just as had happened with official state names as ‘Shilla’ and ‘Paekche,’ the designation ‘Koryŏ’ disappeared after the fall of the dynasty.⁷⁸
Remco Breuker	Establishing a Pluralist Society in Medieval Korea 918–1170 History Ideology and Identity in the Koryŏ Dynasty 	The fact that several designations for the peninsula existed and developed into general designations, each with slightly differing connotations and semantically covering the peninsula, its inhabitants and its history, offers a starting point for an inquiry into the communal identity of Koryŏ. Naming a community entails determining who belongs to it and, perhaps more importantly, who does not. Geonyms for the peninsula such as ‘Haedong,’ ‘Tongguk,’ ‘Tongbang’ and ‘Samhan’ signify belonging or exclusion. Nonetheless, the semantic development of these geonyms has shown that they are by no means impermeable. Sometimes erroneous use of collective epithets resulted in the acceptance of a name or in the change of semantic value of another name. ‘Samhan,’ for instance, was an originally Chinese name that came to be used to refer to the people of the peninsula in a domestic context. ‘Koryŏ’ has changed into a designation for the state that was used much less than is presumed.
Remco Breuker	Establishing a Pluralist Society in Medieval Korea 918–1170 History Ideology and Identity in the Koryŏ Dynasty 	Collective names and designations current on the peninsula under the Koryŏ state are necessary elements of a communal identity. The geonym ‘Samhan’ in particular has turned out to be of defining significance in the naming of the Koryŏ polity. Before exploring the historical territory associated with Koryŏ, it is necessary to go back briefly to the term ‘Samhan’ and review its historical significances.
Remco Breuker	Establishing a Pluralist Society in Medieval Korea 918–1170 History Ideology and Identity in the Koryŏ Dynasty 	The Three Han in a historical and a supradynastical perspectiveA historical analysis of the different designations that were used to refer to what we know as Koryŏ has revealed the ideological prevalence of the charter polity of the Three Han on the peninsula. Despite its prevalence, other designations with distinct associated pasts and contexts were also available to be used in circumstances that demanded alternative identifications. The plurality inherent in this, and even inherent in the notion of the Three Han itself, was revealed by the different myths, legends and notions of descent. Koryŏ possessed a rich repository of references to the pasts of Shilla, Paekche and Koguryŏ and drew freely on all material available.
Remco Breuker	Establishing a Pluralist Society in Medieval Korea 918–1170 History Ideology and Identity in the Koryŏ Dynasty 	The term ‘Samhan’ acted as an umbrella term for several, distinctly differing meanings. Judging from the extant inscriptions, somewhere during the twelfth century this resulted in a supradynastical notion of ‘Samhan,’ which separated it from the historical actuality on the peninsula. This separation from the contemporary state of Koryŏ did not cancel out Samhan’s fundamental embodiment of Koryŏ as a historical entity. As a result, the plurality of the concept of Samhan was extended even more. In its historical quality, it represented the pasts of Koryŏ. The consistent identification of ‘Samhan’ with the people of Koryŏ and its use as a synonym for the state of Koryŏ made it embody Koryŏ’s present. Finally, through dissociation with the state of Koryŏ when Koryŏ was declining, it also came to exemplify its future. The Three Han were thus both convergent with and different from Koryŏ, depending on the temporal modes of past, present or future.
Remco Breuker	Establishing a Pluralist Society in Medieval Korea 918–1170 History Ideology and Identity in the Koryŏ Dynasty 	Further analysis of the geonym ‘Samhan’ allows me to delve deeper into the historical significance of this term. In addition to possessing distinctly different temporal senses, ‘Samhan’ was well defined in a historical sense. It was clearly identified with a long tradition of excellence and distinction, even, or perhaps especially, in comparison with China:
Remco Breuker	Establishing a Pluralist Society in Medieval Korea 918–1170 History Ideology and Identity in the Koryŏ Dynasty 	A map of the world takes up a few sheets of paper,The Three Han are just a little heap somewhere in a corner.But, oh people, do not look down upon it because of this!In my eyes it looks bigger still,For it has produced a string of talented and wise men from ancient times until now,And has nothing to be ashamed of, not even when compared to China.If you say that it is no country, you might as well have none.The territory of the barbarians is large, but it is like a mustard plant.Have you not seen how the Chinese call us Little China?Those words are truly worth taking to heart.⁷⁹
Remco Breuker	Establishing a Pluralist Society in Medieval Korea 918–1170 History Ideology and Identity in the Koryŏ Dynasty 	This poem by Yi Kyubo 李奎報 (1168–1248) not only reveals Yi’s sense of pride in what he considered his country, but also situates that country in the larger community of the world, represented by a multi-page map on which Samhan only takes up a small corner. Size does not matter, Yi claims; it is the Three Han’s continuous production of wise men on which strength it can claim to be a country that measures up to China. But, he warns, one must take pride in it, or else it might as well not exist. According to Yi Kyubo, the Chinese admired Samhan for its cultural achievements to the extent that they called it ‘Little China.’ The congratulatory text that Ŭich’ŏn 義天 (1055–1101) wrote for his brother Sukchong when he ascended the throne clearly situates the Three Han as the next great dynasty after the Shang 商 and the Han. Ŭich’ŏn starts with mentioning that Sukchong received the Mandate of Heaven and then proceeds to state that “the two dynasties [i.e. Shang and Han] reigned in antiquity. The Three Han succeeded them in the present.”⁸⁰ This sentiment was echoed in another poem by Yi Kyubo, which describes the duty Koryŏ was perceived to have in the civilization of barbarians:
Remco Breuker	Establishing a Pluralist Society in Medieval Korea 918–1170 History Ideology and Identity in the Koryŏ Dynasty 	Moving the capital has from ancient times on been as difficult as touching Heaven,But we moved it in one morning, as easy as rolling a ball.If the water of the Yellow River had not turned clear so hastily,⁸¹The Three Han would already have civilized the barbarians in a moment.Walls of thirty meters or being surrounded by a single river,If you compare merits, which one is better?⁸²
Remco Breuker	Establishing a Pluralist Society in Medieval Korea 918–1170 History Ideology and Identity in the Koryŏ Dynasty 	One hundred million barbarian horsemen may fly like birds,But they just could not cross the blue waves of the sea even over the shortest distance.Between the river and the mountains lie tens of thousands of houses,How much better this is than the beauty of our old capital.If you know that a river is better than solid walls,Know also, then, that virtue is better than a river.⁸³
Remco Breuker	Establishing a Pluralist Society in Medieval Korea 918–1170 History Ideology and Identity in the Koryŏ Dynasty 	The explicit association of Koryŏ’s mission civilisatrice and the Samhan is a recurring theme in the writings of Koryŏ literati that further solidifies Koryŏ’s identification with the Samhan identity. Political writings are similar in this respect: the testaments of Sukchong, Yejong and Injong, for instance, also refer to the Samhan.⁸⁴ The appearance of the Three Han in these texts, which possessed supreme legitimative and political significance, underlines the status of Samhan as the embodiment of Koryŏ’s past, present and future in more than one sense. These testaments encompassed more than one ideological aspect of the ruler’s legacy and, as such, Samhan is presented as an historical and contemporary entity, which did more than compete with China.
Remco Breuker	Establishing a Pluralist Society in Medieval Korea 918–1170 History Ideology and Identity in the Koryŏ Dynasty 	Yet another poem by Yi Kyubo reveals that there is more to the Samhan than achievements based upon the shared body of cultural Sinitic resources and the idea that it should cultivate the barbarians. Singing the praises of rituals honouring the Tripitaka and averting catastrophes, Yi represents the Koryŏ ruler as the ontological link between the Buddha and the Samhan, borrowing the imperial designation irin 一人 (‘one man’ or ‘the only man’) and connecting the destiny of the Three Han with the propagation of Buddhism:
Remco Breuker	Establishing a Pluralist Society in Medieval Korea 918–1170 History Ideology and Identity in the Koryŏ Dynasty 	The one that rules the country bows his headAnd every one of the thousand Buddhas who fill the void shine their light upon him.Transmitting the Dharma across the four borders and settling the worldly dust,He makes the Three Han as everlasting as the sun and the moon.As soon as the ritual space is prepared, monks come flying along,The Dharma thunders among these assembled eminent monks.From today on the waves of the Dharma Sea roll unimpeded,The flowers of the meditation forest are more beautiful than last year’s.As the wheel of Bodhisattva’s vow turns alongside Heaven,Why should the mirror of enlightenment fear that the moon will not return?If you plant the root of good in the morning, you can harvest in the evening,And who could count the blessings of the Three Han?⁸⁵
Remco Breuker	Establishing a Pluralist Society in Medieval Korea 918–1170 History Ideology and Identity in the Koryŏ Dynasty 	Here, as elsewhere, the destiny of the Three Han is explicitly associated with that of Buddhism. There exists a symbiotic relationship between the two: the power of the Buddha protects the Three Han, but Buddhism is also spread through the mediation of the Koryŏ ruler. This of course had been codified in the eleventh century in the Ten injunctions and was adhered to until the demise of Koryŏ. The idea that Buddhist monks protected the realm is frequently found, especially in times of trouble.⁸⁶ The Ten injunctions, which revealed Samhan to be a place protected by the Buddha, also stress the importance of its geomantic qualities:
Remco Breuker	Establishing a Pluralist Society in Medieval Korea 918–1170 History Ideology and Identity in the Koryŏ Dynasty 	Fifth Injunction: I relied on the mysterious help of the mountains and streams of the Three Han to bring the great enterprise to completion.⁸⁷
Remco Breuker	Establishing a Pluralist Society in Medieval Korea 918–1170 History Ideology and Identity in the Koryŏ Dynasty 	The influence of the geographical and topographical characteristics of the Three Han was far-reaching. Steles and epitaphs frequently mention its importance, and not merely concerning the choosing of an auspicious burial site. Rivers and mountains exercised a decisive influence upon the men who lived in or near them. The concept of the Three Han was inextricably bound up with its geographical attributes.⁸⁸
Remco Breuker	Establishing a Pluralist Society in Medieval Korea 918–1170 History Ideology and Identity in the Koryŏ Dynasty 	The concept prevalent in Koryŏ, then, during several different periods and across different ideological boundaries, was that of the Samhan as its charter polity. The Samhan were considered as such with respect to Koryŏ’s history and the various ideas that existed with regard to a shared destiny. Next, the status of Koryŏ as a spatially and temporally limited realm should be looked into. I have established the existence of several general designations for Koryŏ, both supra-historical and historical. Before investigating the people who where supposed to inhabit the territory called ‘Koryŏ,’ ‘Haedong,’ ‘Tongguk,’ ‘Tongbang’ or ‘Samhan,’ this territory should first be charted.
Javier Cha	Introduction - Theme Issue - Bridging Korea Old and New 	This special issue of the *Seoul Journal of Korean Studies* invites readers to rethink the ways we divide the history of Korea from the formation of the earliest states through to the twentieth century. The established periodization scheme, based on dynastic units such as Old Chosŏn 古朝鮮 (–108 BCE), Silla 新羅 (–935 CE), Koryŏ 高麗 (918–1392), Chosŏn 朝鮮 (1392–1910), and modern and contemporary Korea (1910–the present), may be convenient, but is problematic for numerous reasons. To begin, setting regime change as the line of demarcation places the explanatory burden of epochal transformation on individual political events. A war may be interpreted as an exogenous shock, but a coup does not necessarily drive the restructuring of society and culture. In fact, social, intellectual, and cultural historians of Korea already employ trans-dynastic intervals such as the late Silla–early Koryŏ period (Namal Yŏch’o 羅末 麗初) or Koryŏ-Chosŏn transition.
Javier Cha	Introduction - Theme Issue - Bridging Korea Old and New 	“Bridging Korea, Old and New” was conceived in 2012 when Javier Cha, John S. Lee, and Holly Stephens realized that our doctoral research did not agree with the established periodization models in the field of Korean history. To what began as an exercise of collecting our respective observations in a shared Google document, we invited the contribution of Mark E. Byington and eventually organized a panel for the Association for Asian Studies annual meeting held in Philadelphia in 2014. The positive feedback we received from our discussants and audience members encouraged us to organize a follow-up conference at the University of Hong Kong on January 29, 2016. This event was made possible by the Academy of Korean Studies Conference and Research Support scheme (AKS-2015-C15) and a matching grant from the School of Modern Languages and Cultures at the University of Hong Kong.
Javier Cha	Introduction - Theme Issue - Bridging Korea Old and New 	The guest editor wishes to acknowledge Donald L. Baker, Remco E. Breuker, Jean Hyun, Kendall Johnson, Andrew Miles Logie, Ian M. Miller, Eugene Y. Park, Sem Vermeersch, Sixiang Wang, and Yun Sang Hyun for their help, comments, and suggestions.
Javier Cha	Introduction - Theme Issue - Bridging Korea Old and New 	Some portions of this essay were based on notes and contributions from John S. Lee and Holly Stephens. Special thanks to Holly Stephens and Sixiang Wang for polishing the prose.
Javier Cha	Introduction - Theme Issue - Bridging Korea Old and New 	Second, dynastic periodization presupposes the a priori existence of “Korea” before the emergence of first-generation states in the Korean peninsula and southern Manchuria. Whether one accepts the modern, early modern, or medieval origins of a “Korean” collectivity and political charter, the idea of “Korea” in all its multiplicities should be taken as a product of both historical and historiographical developments. The shifting boundaries and scope of what “Korea” is at different moments needs to be taken into consideration.
Javier Cha	Introduction - Theme Issue - Bridging Korea Old and New 	Third, dynastic periodization carries the baggage of South Korea’s grand narrative of “internal development” (naejaejŏk palchŏllon 內在的發展論), which has framed the national history of Korea as consisting of dynasty-level stages of growth. Whether one espouses or challenges notions such as the sprouts of capitalism or revolutions led by small and medium landowners, there is more to the preindustrial history of Korea than the resolution of these debates; we contend that looking beyond the categorization of dynastic stages presents an opportunity to deepen our understanding of the processes of social and economic change.
Javier Cha	Introduction - Theme Issue - Bridging Korea Old and New 	Fourth, the longevity of Korean dynasties reduces their utility as temporal segments. The beginning and end of the Koryŏ and Chosŏn dynasties, each of which lasted for about five hundred years, are drastically different. Early Chosŏn, for example, experienced state centralization and the maturation of the yangban 兩班 aristocracy, whereas later Chosŏn was characterized by localization and elite substratification. It is also often unclear whether “late Chosŏn” refers to the seventeenth, eighteenth, or nineteenth centuries, each of which can be interpreted as a distinct time of its own.
Javier Cha	Introduction - Theme Issue - Bridging Korea Old and New 	Fifth, as indistinct labels do not provide a description of the era, dynastic periodization makes it difficult to situate Korea in world historical contexts. Our definition of early modern Korea, from circa 1500 to 1800, for example, is based on our recognition that the Chosŏn state’s expansion of local institutions and governance by brokerage shows remarkable parallels to similar practices found elsewhere in the early modern world.
Javier Cha	Introduction - Theme Issue - Bridging Korea Old and New 	For these reasons, the contributors to this volume propose reperiodizing the history of Korea in a manner that is consistent with our critical review of the empirical scholarship and our own observations, rather than fit Korean history into a preconceived mold. Our aim is to visualize Korea’s past as a collection of social processes which deal with the legacies of both the near and distant past, and that inform the shaping of later times. We reframe conventions such as early, medieval, early modern, and modern to stress the need to foreground Korea’s parallels with broad patterns in world history. Our approach seeks to challenge the widespread use of dynastic divisions, that outworn legacy of Confucian historiography, and, more importantly, the temporal myopia that comes with the ongoing segregation of the so-called “premodern” and “modern” eras. Instead, we value question-driven historical inquiries that tease out connections across multiple periods, not necessarily in a linear fashion. It is our hope that our exercise will generate insights into Korea’s institution building, center/local dynamics, and culture of patronage and brokerage from long-term perspectives. In each article, we do not aim at comprehensive coverage, as our goal is not to come up with an all-encompassing model. Nor do we claim that our take is the only valid one. Rather, we present an analysis of specific issues close to our individual subfields—namely early state formation, medieval patron/client ties, early modern resource management, and the fiscal institutions of the long nineteenth century—as a lens through which to elucidate the broader features of our respective time periods.
Javier Cha	Introduction - Theme Issue - Bridging Korea Old and New 	“Bridging Korea, Old and New” does not assume that the idea of “Korea” preceded the formation of early states. Mark Byington’s overview of Korea’s distant past lays bare the dynamics of ancient settlements and communities that made cultural contributions to the polities that came to be identified as “Korean.” The ethnic and linguistic makeup of the early Korea-Manchuria region was complex, and the spatio-temporal extent of what is now identified as Korea is, as he puts it, “an artifice of historiography.” Though archaeologists have accumulated a substantial amount of data over the years, some significant gaps still exist. Byington cautions that it is best for us to recognize this limitation and wait until enough reliable excavations and classifications are conducted. For instance, early Koreanists are still not yet able to reliably subdivide the lithic periods and account for regional variations in the spread of pottery types and metallurgy. As for first-generation states, the emergence of complex societies can be found at around 300 BCE, which is around the time when the Old Chosŏn state probably came into existence. Despite the desire of some South Korean historians to identify the existence of Old Chosŏn in the eighth century BCE, there is no way to support this claim using archaeological evidence.
Javier Cha	Introduction - Theme Issue - Bridging Korea Old and New 	With respect to early Korea, one of our largest questions was the extent to which we should mention the politics of the past. Our conclusion was to illustrate to our readers how the received historiography and historical research based on documentary and material sources are entwined. Consider the Three Kingdoms period (Samguk sidae 三國時代). The deceptive simplicity of national historiography and dynastic periodization obscures the contingent nature of community formation and disintegration across different parts of the Korean peninsula and southern Manchuria. Medieval historians grouped together Paekche 百濟 (–660 CE), Koguryŏ 高句麗 (–668 CE), and Silla as the Three Kingdoms with the intention of establishing a Korean parallel to China’s famous Three Kingdoms (San guo 三國): Wei 魏 (220–266), Shu Han 蜀漢 (221–263), and Wu 吳 (222–280). Citing foundation myths, historians assigned a clear beginning to each of the three kingdoms—18 BCE, 37 BCE, and 57 BCE, respectively—in order to implicitly heighten the legitimacy of Silla during a period of irregular dynastic succession. This framing masks the coexistence of other polities in early Korea-Manchuria and the processes by which the first-generation states conquered their neighbors and consolidated heterogeneous elements to form larger wholes. Koguryŏ acquired the Lelang Commandery 樂浪郡 in 313 CE, for example, and eventually moved its seat of power there. Silla absorbed the last of the Kaya polities 伽倻國 in 562 CE. After the vanquishing of Paekche and Koguryŏ in the 660s, the situation continued to be unstable. The increasingly Tungusic-dominated story of southern Manchuria was dropped from mainstream Korean historiography. “Unified Silla” (T’ongil Silla 統一新羅, 676–892), the most common designation for post-668 Silla in South Korea, kept only a sliver of Koguryŏ’s peninsular territory and failed to incorporate a considerable portion of Koguryŏ’s population, which ended up in Tang 唐 (618–907) and Parhae 渤海 (698–926).
Javier Cha	Introduction - Theme Issue - Bridging Korea Old and New 	The idea of “Korea” as a peninsular imaginary has medieval roots. Initially, post-Silla residents of the Korean Peninsula held plural views of the land variably referred to as Samhan 三韓, Haedong 海東, Tongguk 東國, Tongbang 東方, or Ch’ŏnggu 靑丘.¹ Inconsistency was the norm, and legitimacy was drawn from heterogeneous sources, as shown in the simultaneous claiming of “the legacies of Chosŏn, Kaya, Chinhan, Pyŏnhan, Mahan, the Three Kingdoms, and the Later Three Kingdoms.”² Yet over time, hard boundaries were drawn and ideological coherence came to be preferred over ambiguity. The land of Haedong had its northern reaches delimited symbolically by the Amnok River 鴨綠江, and Koryŏ eventually built a fortified wall in the north to separate its domain from the world of outlanders. Meanwhile, Confucian historiography, which gained influence starting in the twelfth century, introduced dynastic periodization and the tripartite division of history into ancient, middle, and modern times. The standardized lore of the demigod Tan’gun 檀君, the Chinese nobleman Kija or Jizi 箕子, and the founders of Koguryŏ, Paekche, and Silla retrospectively projected the neat chronology of dynastic succession onto the tangle of the pre-Koryŏ past.³
Javier Cha	Introduction - Theme Issue - Bridging Korea Old and New 	Alongside such epistemic changes and territorial demarcation, medieval Koreans built a centralizing regime previously unseen in the Korean peninsula. Javier Cha examines the workings of this socio-political process through changing webs of patrimonial domination and conjugal bonds. This story begins where Byington’s coverage of early Korea ends: the tenth-century collapse of Silla’s bone-rank order (kolp’um che 骨品制). As one among several systems of aristocratic distinction found in the first-generation Korean-Manchurian states, bone-rank was based on belief in the founding ruler’s divine origins and the sanctity of his offspring. This rigid system of social organization enforced the strict separation of the administrative centers and the provinces, while a set of sumptuary and sartorial laws sanctioned garments, footwear, residence, utensils, and transportation according to one’s ascriptive rank. In contrast, Koryŏ was founded by an alliance of provincial strongmen who were unable to claim hallowed ancestry. After an arduous search for a suitable replacement for bone-rank, the ensuing yangban aristocracy demanded that every eligible candidate earn an appointment in the central bureaucracy. No matter how prestigious his house, a yangban had to demonstrate his ability via an examination procedure, relocate his family to the capital, and hope that his descendants would continue to replicate his success.
Javier Cha	Introduction - Theme Issue - Bridging Korea Old and New 	The medieval yangban patriarchs sought to establish their base in a fiercely competitive environment without legal protection of their status. Kings, regents, and heads of factions sought to recruit talented provincials as their henchmen, and local strongmen found ample opportunities to enter the capital and change their fortunes. Some individuals of humble origin successfully climbed the social ladder at a remarkable pace, and a few even managed to reach the upper echelons of the court bureaucracy within their lifetime. However, this patron/ client arrangement proved too dynamic, to the point of being better described as unstable. Those at the top of the political hierarchy had a precarious existence, and those who fell out of power lost their status spectacularly. Many eminent yangban houses of the early and middle Koryŏ days failed to retain their standing into late Koryŏ and Chosŏn.
Javier Cha	Introduction - Theme Issue - Bridging Korea Old and New 	The medieval patrimonial regime followed a centripetal arrangement whereby provincials entered the administrative center in search of opportunities provided by a political leader’s patronage or vacancies left open by perished predecessors. Over time, yangban newcomers learned how to achieve permanent residence in the capital and consistently produce bureaucrats over multiple generations. In other words, the yangban aristocracy effectively crystallized into an ascriptive system, while the zenith of the centralizing process simultaneously initiated the localization of society. By the end of the sixteenth century, the yangban establishment by and large ceased the active recruitment of outsiders and fought against the forces of substratification.
Javier Cha	Introduction - Theme Issue - Bridging Korea Old and New 	Early modern Korean society thus bifurcated into two worlds. At the court, a small number of yangban houses transformed into oligarchs. About half of all civil examination degrees went to candidates whose reported address was the capital region; the remainder was shared among those from the rest of the country. Not that an examination degree functioned as a gateway to social advancement any longer; by the middle of the eighteenth century, oligarchs received about seventy-five percent of appointments at senior third rank and above and produced ninety percent of queens.⁴ Due to limited access to service in the central bureaucracy, local yangban families devised alternative strategies to assert their political relevance. Over time, clerks, wardens, monks, and mutual aid organizations also joined the local yangban in playing administrative roles on behalf of the central state in the context of their regional communities.
Javier Cha	Introduction - Theme Issue - Bridging Korea Old and New 	John S. Lee’s study of brokerage shows how this new form of governance proved effective in holding together the administrative center and the peripheral regions. The Chosŏn dynasty survived the early sixteenth-century fiscal crisis, two wars with Japan, the Manchu incursions, and devastating famine outbreaks caused by the Little Ice Age; all the while, except for a few isolated incidents, the local elite generally remained loyal to the Chosŏn state. The spread of Neo-Confucianism in the early modern period contributed to this remarkable political and social stability. Factional strife and intellectual rivalries notwithstanding, Neo-Confucianism promoted investment in local academies, shrines, charities, associations, and compacts by a spirit of voluntarism.⁵ In this environment where Neo-Confucianism fostered cooperation, the brokered state retained its function as an arbiter of status and allowed the muddled use of resources for official or private purposes. Local yangban facilitated the operation of official matters in their community while protecting their interests.
Javier Cha	Introduction - Theme Issue - Bridging Korea Old and New 	In turn, the central state utilized administrative agents such as clerks and the military to guarantee its expected supply of revenue, tribute, and corvée. The Chosŏn state thus expanded through an array of brokers from various status groups sharing few objectives beyond the processual integration of central and local interests.
Javier Cha	Introduction - Theme Issue - Bridging Korea Old and New 	In the nineteenth century, however, the early modern brokered administration no longer maintained its robustness. The rise of wage labor introduced impersonal market transactions and complicated local institutions and economies, while the dominance of capital oligarchs increased to even more extreme levels. By the early nineteenth-century, a staggering eighty-six percent of high-level central bureaucratic positions were given to oligarchs, up from seventy-five percent in the previous century.⁶ State expenditure increased to the point where brokers could no longer supply the balancing income. Downward mobility intensified and local communities expressed their resentment toward the central state in nationwide and trans-regional rebellions in 1811, 1862, 1894, 1907, and 1919. The advent of Western imperialism, commercialization in the open ports, and Japan’s increasing claims upon Korean sovereignty only added to the sources of conflict. By this time, solutions to domestic challenges were to be drawn from not only the Confucian tradition but from the body of Western knowledge that Koreans had been in touch with since at least the seventeenth century. In addition, early experiments with modern technologies, such as electric power, industrial agriculture, and transportation infrastructure, fueled the concentration of pecuniary and energy resources at the administrative center. All of these political and fiscal demands necessitated bureaucratic innovation and more effective means of tax collection.
Javier Cha	Introduction - Theme Issue - Bridging Korea Old and New 	Holly Stephens probes how three regimes from the early 1800s to the 1940s—the Chosŏn dynasty, the Korean Empire (1897–1910), and the Japanese colonial government (1910–1945)—responded to this new situation. The long nineteenth century was a time of increased government spending: the regency of the Taewŏn’gun (1863–1873) committed to costly ventures involving the royal palace, grain loans, and foreign incursions; the Korean Empire’s investment in technology, infrastructure, diplomatic missions, and education further depleted the treasury; and, perhaps surprisingly, the Japanese colonial government continued this trend as expenses incurred in programs to improve agricultural productivity, cultural activities, and railroads were larger than increased tax receipts. In order to increase revenues, each of the three regimes sought to modify the existing tax system through a combination of both ad hoc and systemic reforms. In tandem, local associations and cooperatives underwent reorganization and restructuring to accommodate the demands of the state as new local partners emerged in line with the shifting priorities of the central government. Yet, to view these changes as governed by a distinct, emerging, modern rationality overlooks the parallels to, and continued reliance upon, earlier forms of brokerage, political conflict at the center, and the negotiation between local interests. What is more, the significance of modern methods is also frequently overstated; for all its bureaucratic innovation, even the Japanese colonial government struggled with financial self-sufficiency as did earlier Korean governments.
Javier Cha	Introduction - Theme Issue - Bridging Korea Old and New 	Questions of “centralization” and “localization,” or center-local dynamics, recur throughout the articles in our discussions of the ways in which the Korean state interacted with the population at different times. Korean history is remarkable for the dominance of a centralized socio-political order from 1000 CE onward relatively unmarked by the outbreaks of warlordism that recur in Chinese history to the twentieth century and dominate imaginations of pre-industrial Japan. Thus, developments from all angles, be they social, cultural, economic, or environmental, necessarily invite discussion of how the state and its administrative institutions took on meaning within the lives of Koreans across the peninsula. In this way, we think of centralization as a multivarious process: not simply a stage in a simple progression or a singular phenomenon, but as a process integrated in relations among individual actors, families and lineage organizations, and central and local institutions across regional boundaries. Not all aspects of centralization proceeded evenly—while the modern regimes discussed by Stephens arguably had success in centralizing the management of state finances, other aspects of tax collection and state funding remained outside of state control. The formation of a centralized aristocracy in the Koryŏ era as described by Cha established patrimonial networks crucial to state formation but with limited institutional means to administer localities directly. Nonetheless, centralization is a compelling object of historical analysis. The rise of the early states on the Korean peninsula in the first millennia CE and the expansion of the brokered state in the early modern era, as discussed by Byington and Lee respectively, were more than mere administrative feats. The very concept of “Korea” as a peninsular imaginary and object of historical and cultural production was contingent upon processes of centralization and center-local interaction as laid out in these four articles.
Javier Cha	Introduction - Theme Issue - Bridging Korea Old and New 	Readers of this special issue may read the articles in sequence or in any order. The contributors were asked to allow their study to stand on its own while drawing connections to the preceding and succeeding periods in their introduction and conclusion. We expect some readers to readily identify with our problématique and others to approach it with caution. This is welcomed, for we do not claim our reperiodization as a panacea. Merely, we hope our readers will notice our efforts to challenge the assumptions of modernization theory and modernist studies in Korean history. Our work is not simply an exercise in finding the exact points of demarcation for each time period. Rather than reducing Korea to the politics of the past, our respective studies examine how Korea became Korea. Instead of assuming that every civilization naturally undergoes centralization, we ask what initiated this process at different times and through different methods. Rather than highlighting the presence or absence of a single bureaucratic rationality, we ask how the early modern regime was held together. And, instead of framing modern Korea as a radical departure from the pre-industrial era, we look for lessons and comparisons for the modern in what came before.
Javier Cha	Introduction - Theme Issue - Bridging Korea Old and New 	Overall, we aim to paint a dynamic picture of overarching patterns so that readers may develop some sense of Korean society’s inner workings as well as its possible areas of failure. That is because our analysis recognizes that institutions and social practices, no matter how well-designed and well-intended, have unintended consequences. The civil examination system was meant to be impartial but was historically subjected to patronage culture. The early modern Korean state’s creation of restricted forests did not keep those vital resources out of reach of the local population.
Javier Cha	Introduction - Theme Issue - Bridging Korea Old and New 	Our study is candid about its limitations. There are many worthy topics of discussion yet to be explored in our paradigm. In just four articles, we do not claim to be capable of covering all issues equally, but we do think that our approach—in challenging conventional modes of periodization—promises to shed better light on additional topics beyond the narrow scope of the papers presented here. If these directions are taken together, we hope that it would only further refine the long-term and multifaceted historiography explored in this collection.
Sun Joo Kim	Negotiating Cultural Identities in Conflict - A Reading of the Writings of Paek Kyonghae 1765-1842 	This article examines the life of Paek Kyŏnghae (1765–1842), a late Chosŏn scholar-official from Pyŏngan Province, a region popularly conceived as lacking a yang-ban pedigree and scholarly tradition, so that its inhabitants were subject to ongoing social contempt and political discrimination. Situating Paek within this regional cultural context and also within the dynastic institutional practices of his time reveals the development of subjective expressions of regional belonging by insiders, as well as equally subjective expressions of regional stereotyping by outsiders. Tracing northern regional identities, as constructed and negotiated in reaction to outsiders views, and then locating such regional identities and politics in relation to the central court sheds new light on the personal ordeals that Paek was forced to undergo throughout his career. The compromises and choices that he made at every turn were driven by contradictions between Confucian ideals that honored the principle of meritocracy and dynastic practices that hinged upon long-standing aristocratic tradition. This article exposes the integrative power of dynastic ideology and systems (as well as complex institutional processes) that demanded a high level of conformity from individual participants, thus imposing lifelong agony on a gifted man because of his demeaned place of origin and less-than-desirable pedigree. In methodology, this study provides a critique of nation-centered historiography by highlighting views from the periphery.
Sun Joo Kim	Negotiating Cultural Identities in Conflict - A Reading of the Writings of Paek Kyonghae 1765-1842 	Only recently have scholars begun to invest a substantial effort in researching the place of the forgotten region of Pyŏngan Province in Korean historiography. Their works, which focus mostly on the period before the Hong Kyŏngnae Rebellion of 1812, mainly investigate particular historical experiences of this region that culminated in the cross-class rebellion. These works are extremely valuable for a number of reasons. They represent the first comprehensive historical research on the northwestern region of the Korean peninsula, currently a part of the Peoples Democratic Republic of Korea (North Korea). Realizing that the geopolitical conditions and particular historical experiences of each individual region within Korea shaped different culture, customs, and history, these studies give due attention to regional variations in Korean social and economic history. The most recent research by Kyung Moon Hwang, in particular, focuses on the norths distinctive pre-modern historical development to understand why and how the people of the north, who never gained acceptance into the traditional ruling structure of the country, came to make indispensable contributions to the development of a collective national identity in the early twentieth century.
Sun Joo Kim	Negotiating Cultural Identities in Conflict - A Reading of the Writings of Paek Kyonghae 1765-1842 	Most of these studies have shown the nature of institutionalized political discrimination against northerners in the late Chosŏn period from the perspectives of the central ruling class and the court, relying on court records. One of the main goals of this article is to illuminate the perceptions and responses to regional discrimination and cultural identities through a close reading of the writings of Paek Kyŏnghae (1765–1842), a literatus from Pyŏngan Province, a politically and socially despised region. Paeks writings reveal both the depth of his Pyŏngan regional identity and his dissatisfaction with the discriminatory treatment that the people of Pyŏngan had long endured in court politics. By the late eighteenth century, political discrimination against people from Pyŏngan was solidly entrenched in Chosŏn political culture, and contempt toward the people of Pyŏngan had become widespread even among people of low social status. It is particularly interesting to examine Paeks life because Paek lived as a yangban official through the major social and political disruption of the Hong Kyŏngnae Rebellion—for which regional discrimination against the people of Pyŏngan Province, in terms of political advancement by the central court, provided an ideological justification. The language and expressions that Paek uses are very close to those used by the rebel leadership at the time of the rebellion, despite the fact that Paek stood with the court during the rebellion itself. Investigation of his views and personal choices discloses the ideological contradictions embedded in his own thinking and practices, as well as in the sociopolitical system of the Chosŏn dynasty. This discussion of the negotiations and compromises that Paek had to make throughout his life—processes that made him a loyal subject of the Chosŏn court, though an invisible figure in Korean history up until now—offers a microscopic examination of the bilateral relations between the center and the periphery that ran through Paeks life experiences.
Sun Joo Kim	Negotiating Cultural Identities in Conflict - A Reading of the Writings of Paek Kyonghae 1765-1842 	The collected literary works (munjip 文集) by people from Pyŏngan Province have not yet received proper scholarly attention. Very few literary works by Pyŏngan people have been identified and made available to researchers, not because they did not write them but because the majority of their writings were destroyed during the Korean War or have become inaccessible due to the division of Korea. My interest in Pyŏngan literati has led me to identify a number of their literary works. Among these, Paek Kyŏnghaes collected works (a printed version of 1884) and diary (a handwritten copy of 1933), which have been preserved by the Kuksa pyŏnchan wiwŏnhoe (National History Compilation Committee) in Korea, are the main sources examined in this article.
Sun Joo Kim	Negotiating Cultural Identities in Conflict - A Reading of the Writings of Paek Kyonghae 1765-1842 	The diary begins in 1765, the year of Paeks birth, although the entries before 1786 are a simple recounting of major events in his early life. More detailed records with specific date designations begin in 1786, when he passed the higher civil service examination (munkwa 文科) at the age of twenty-one. This diary mainly contains important events in Paeks personal life, along with records tracking the new appointment of magistrates of Chŏngju, his home district, and year-end observations of harvest conditions for Pyŏngan Province and other parts of the country. His diary is most comprehensive during the period when the Hong Kyŏngnae Rebellion broke out, and this portion of it was included in his munjip under the title Changsang ilgi” 滄桑日記 (Diary in the vortex of chaos). In fact, many parts of the diary—such as his letters, memorials, travelogues, and commemorative essays—were edited and compiled as a significant portion of the munjip. The munjip is made up of eight volumes (kwŏn 券) of Paeks own writings: poems, memorials, letters, funeral orations, tomb inscriptions, discussions of Confucian classics, and miscellaneous essays. The eighth volume, as well as two supplemental volumes, is dedicated to Paeks life history, such as his biography, career history, and tomb inscriptions.
Sun Joo Kim	Negotiating Cultural Identities in Conflict - A Reading of the Writings of Paek Kyonghae 1765-1842 	EXASPERATION: PERSONAL BACKGROUND AND EARLY CAREER
Sun Joo Kim	Negotiating Cultural Identities in Conflict - A Reading of the Writings of Paek Kyonghae 1765-1842 	Paek Kyŏnghae was born in 1765 into the Suwŏn Paek family, which had resided in Chŏngju, Pyŏngan Province, for many generations, ever since his ancestor Paek Yŏk had moved to the area in the dynastic transition period from Koryŏ (918–1392) to Chosŏn. The Suwŏn Paek family of Chŏngju had formed one of the most prominent lineages in Chŏngju, producing 25 of Chŏngjus 282 higher civil service examination (munkwa) passers and building tight marriage ties with regionally renowned lineages. For example, Paeks mother was a descendant of No Yŏlchi (born in 1633, passed munkwa in 1663, Hamjong magistrate, Jr.3) of the Haeju No of Chŏngju, a lineage that produced eighteen successful munkwa candidates. Paek Kyŏnghae himself married a Papyŏng Yun of Kasan, a member of a powerful lineage that produced nine munkwa passers. His two sons married a Yŏnan Kim and a Paechŏn Cho, respectively, members of the two most successful descent groups of Chŏngju in terms of producing munkwa passers. Like other yangban families throughout the Chosŏn period, the illustrious lineages of Chŏngju and nearby districts secured their prestigious positions as ruling elites in local society by negotiating close marriage alliances among themselves.
Sun Joo Kim	Negotiating Cultural Identities in Conflict - A Reading of the Writings of Paek Kyonghae 1765-1842 	Paek Kyŏnghae began his studies in 1770, at the age of five, when his father, Paek Sŏnyang, opened a village school on the sunny slopes of Mt. Kadŏk and invited a teacher, Hwagok, to instruct his sons. It was Hwagok, along with Songdam—Paeks remote relative but the leading figure of his lineage because of his success in the 1756 munkwa and subsequent official career—who became the most esteemed role models in Paeks life. Paeks own talent was recognized early, for it is known that he was able to discuss the Analects (論語) at fourteen. When Paek took the munkwa in 1786, at the age of twenty-one, the examiners assumed that he must be a man of Yŏngnam and a disciple of Toegye or Hoejae, the two most prominent Neo-Confucian scholars of the Chosŏn, because his scholarly performance at the examination was excellent. The examiners were greatly disturbed after learning of Paeks regional background—a reaction that proved to be an unfortunate prelude to the ups and downs of Paeks subsequent career.
Sun Joo Kim	Negotiating Cultural Identities in Conflict - A Reading of the Writings of Paek Kyonghae 1765-1842 	Indeed, despite such an outstanding performance at the examination, Paek was assigned to the Royal Academy (Sŏnggyungwan 成均館) as a trainee, like other successful candidates from the northern provinces, because the court discriminated against northern residents from the moment they passed the examination. As noted by Chŏng Yagyong (1762–1836), a distinguished scholar of the late Chosŏn period, the successful candidates from prestigious lineages (chŏngjok 淸族) were given apprenticeships in the Office of Diplomatic Correspondence (Sŭngmunwŏn 承文院), whereas northern residents were assigned to train at the Royal Academy, and secondary sons of yangban at the Office of Editorial Review (Kyosŏgwan 校書館). Military examination passers were also treated differently, in that their first jobs were assigned in accordance with their social backgrounds. Only those who were from notable yangban lineages were given prestigious positions at the Office of Transmission (Sŏnjŏngwanchŏng 宣傳官廳), via which they could be promoted to higher offices. Those with less prestigious family backgrounds were given positions at the Office of Patrol (Pujangchŏng 部將廳) or the Gatekeepers Office (Sumunjangchŏng 守門將廳). This differential treatment of successful exam candidates according to their family backgrounds did not emerge until some time in the mid-Chosŏn. According to Yi Ik (1681–1763), another prominent scholar, in the early Chosŏn period successful examination candidates were divided into a few groups according to age and talent, and then placed in different offices (pungwan 分館). By Yi Iks time, however, this initial assignment system had been transformed into a very hierarchical one that gave preferential treatment to prestigious yangban families (pŏryŏl 閥閱).
Sun Joo Kim	Negotiating Cultural Identities in Conflict - A Reading of the Writings of Paek Kyonghae 1765-1842 	In 1788, two years after Paek earned the munkwa degree, he received his first position, as Third Proctor at the Royal Academy (Sŏnggyungwan Hagyu 學諭, Jr.9), and he concurrently served as Administrator of the Bureau of Superannuation (Kiroso Sujik 耆老所守直). As table 1 shows, his career looked quite promising in his early years at court, for he was appointed Temporary Recorder of the Royal Secretariat (Sŭngjŏngwŏn Ka-chusŏ 承政院假注書), a senior seventh-rank position, almost immediately after he began his official career. A little more than one year later, he was promoted to Assistant Section Chief of the Ministry of Rites (Yejo Chwarang 禮曹佐郞, Sr.6) and concurrently held the position of Recorder (Chusŏ), both reputable senior sixth-rank positions in the Chosŏn court hierarchy.
Sun Joo Kim	Negotiating Cultural Identities in Conflict - A Reading of the Writings of Paek Kyonghae 1765-1842 	During the Chosŏn period, some positions, such as the chŏngjik 淸職 (prestigious offices) or chŏnghwan 淸宦 in the central government, were regarded as more prestigious than others because they involved serving the king in physical proximity to him, required great scholarship, and involved matters of personnel and remonstrance. Examples of these offices were mid- to low-level positions in the censorate offices and the offices in charge of recording and writing documents, including the Office of the Censor-General (Saganwŏn 司諫院), the Office of the Inspector-General (Sahŏnbu 司憲府), the Office of the Special Counselors (Hongmungwan 弘文館), and the Office of Royal Decrees (Yemungwan 藝文館). The Director of the Office of Transmission (Sŏnjŏngwan) in the military ranks also belonged to this category. The yojik 要職 (reputable posts) was another category of prestigious positions in the court hierarchy. Section Chief (Chŏngnang 正郎) and Assistant Section Chief (Chwarang) in the six ministries belonged to this class.
Sun Joo Kim	Negotiating Cultural Identities in Conflict - A Reading of the Writings of Paek Kyonghae 1765-1842 	One way to preserve the integrity of these prestigious offices was to control the process of selecting officials. For most offices, either the Ministry of Personnel or Ministry of War submitted a list of three candidates to the king, who then made the final choice by placing a dot by the appropriate name. In contrast, current officials in the Office of Special Counselors selected the candidates for positions in that office, by marking a circle (kwŏnjŏm 圈點) by the candidates name. After the censorial offices reviewed this roster of successful candidates (Hongmunrok 弘文錄), state councilors with second rank or higher, the Director of the Office of Special Counselors, and officials with senior third rank and above (tangsanggwan 堂上官, Sr.1–Sr.3) at the Ministry of Personnel met to examine the qualifications (hoegwŏn 會圈) of each candidate. The final roster (Todangnok 都堂錄) was then presented to the king, who appointed officials according to the grade that each candidate earned. Similar steps were taken to select officials for the Office of Royal Decrees.
Sun Joo Kim	Negotiating Cultural Identities in Conflict - A Reading of the Writings of Paek Kyonghae 1765-1842 	These measures were originally designed to ensure that only talented and qualified people held prestigious positions in the government. However, they soon became a useful way to screen family and factional backgrounds when selecting candidates for these prominent positions that, once secured, guaranteed further advancement up the ladder of bureaucratic success. Two social groups—secondary sons of yangban and residents of the northern provinces—continuously lodged complaints against this discriminatory and exclusive appointment system. Unrelenting efforts to unlock this system by secondary sons of yangban resulted in a series of reforms that gradually allowed them to take the civil service examinations, to hold yojik (reputable posts), and, finally, to hold chŏngjik (prestigious positions) as well (beginning in 1772). Northerners and their sympathizers also appealed to the court on numerous occasions to rectify the unfair appointment and promotion systems. These appeals often resulted in orders from the king to resolve the issue in their favor. For both secondary sons and northerners, however, the reality of discriminatory practices continued until the end of the dynasty, despite legal revisions and royal efforts to undo the injustices of the appointment system.
Sun Joo Kim	Negotiating Cultural Identities in Conflict - A Reading of the Writings of Paek Kyonghae 1765-1842 	It is not surprising, therefore, that Paek underwent many ordeals during his official career since he was from one of the northern provinces. An incident of 1789, when he was a Recorder, is illuminating. On the twenty-second day of the second lunar month, there was much business to take care of, but Paek brilliantly carried out his job of recording court sessions and reading memorials aloud, which involved simultaneous translation and interpretation from Korean into literary Chinese and from literary Chinese into Korean. Thus King Chŏngjo (r. 1776–1800) asked which lineage the Recorder came from. Not knowing the answer, Second State Councilor Yi Sŏngwŏn asked Paek. Paek answered, I belong to the lineage of Previous Third Inspector of the Office of Inspector-General (Sahŏnbu Changnyŏng) Paek Inhwan. After hearing this, the king said, Then you are not a descendant of Hyuam Paek Ingŏl. (Paek Ingŏl was also a member of the Suwŏn Paek lineage but belonged to a different branch that flourished in the south.) Third State Councilor Chae Chegong then commented, How could a person from a remote place know about Hyuam? The king asked, Who is this Paek Inhwan? The Minister of Taxes, Sŏ Yurin, answered, He is the one who served in offices of prestigious positions years ago. The king said, This Recorder passed the exam and his literary talent is really prominent. Then Chae replied sarcastically, That is not the real nature of a person from a remote place (hato-chi-in 遐土之人).” The king, however, not only repeatedly praised Paeks talent, but also promoted him to Assistant Section Chief of the Ministry of Rites, ignoring these pointed comments from high ministers.
Sun Joo Kim	Negotiating Cultural Identities in Conflict - A Reading of the Writings of Paek Kyonghae 1765-1842 	This promotion was a coup for Paek, both because this position was one of the chŏngyojik (prestigious and reputable positions) and one rarely bestowed upon a person from Pyŏngan Province, and because it meant that he had been promoted to the chamsanggwan 參上官 (positions of rank six and above), a major hurdle for all members of the Chosŏn court as they advanced toward higher positions in the bureaucratic hierarchy. Yet he also had to face a censorate organs rebuff of his promotion on grounds of the rarity of a rustic person (hyanggok-chi-in 鄉曲之人) holding such a prestigious position. Probably under special protection provided by the king, Paek managed to assume the position of Assistant Section Chief.
Sun Joo Kim	Negotiating Cultural Identities in Conflict - A Reading of the Writings of Paek Kyonghae 1765-1842 	Nonetheless, the kings favor was not consistent. At the year-end evaluation of bureaucratic performances in 1789, although Paek received a high grade for his job performance, King Chŏngjo personally marked him low grade because he had been disobedient a few months before, and thereby dismissed him. In the ninth lunar month of 1789, the king had secretly invited Yi In (1755–1801), his half-brother, who had been accused of plotting treason and banished to Kanghwa Island, to the capital. The queen mother and many officials had disapproved of this and requested that the criminal be escorted back to Kanghwa Island. The kings response had been somewhat excessive, and Nam Hangmun, the Royal Secretary (Sŭngji 承旨), had refused to write it down. The king had then ordered Paek to announce his instructions, and Paek too disobeyed.
Sun Joo Kim	Negotiating Cultural Identities in Conflict - A Reading of the Writings of Paek Kyonghae 1765-1842 	Despite his disobedience, Paek was appointed Section Chief of the Ministry of Works (Kongjo 工曹 Chŏngnang, Sr.5), with a concurrent position of Historian (Kyŏmsa 兼史). This promotion was, however, followed by the demeaning royal admonition that the position of Kyŏmsa differed little from that of a eunuch (implying that he must thus be subservient to the king).
Sun Joo Kim	Negotiating Cultural Identities in Conflict - A Reading of the Writings of Paek Kyonghae 1765-1842 	Yet Paek could not blindly follow royal orders when they violated proper norms and values. His second case of disobedience, which took place in the eleventh lunar month of 1790, also had to do with Yi In. Sin Kihyŏn had allegedly supported Yi Ins above-mentioned plot, and the queen mother instructed that he be banished. King Chŏngjo not only disapproved of official demands that Sin Kihyŏn be banished, but also wanted to appoint him Royal Secretary (Tongbusŭngji 同副承旨, Sr.3). Accordingly, he dismissed any official who could object to his decision and then ordered Paek to write the appointment letter. Despite repeated orders by the furious king, Paek did not obey because he believed to do so would be tantamount to abandoning the Confucian values he held as an upright, loyal subject. As a result, Paek was repeatedly scolded by the king and beaten as punishment. Eventually, he lost his position and furthermore did not receive any appointments for eleven years, between 1790 and 1801, except for a few months in 1794–1795 when he held the position of Section Chief of the Ministry of Rites (Yejo Chŏngnang).
Sun Joo Kim	Negotiating Cultural Identities in Conflict - A Reading of the Writings of Paek Kyonghae 1765-1842 	One can argue that Paeks demotion in these two cases had less to do with his regional background than with court politics. Nonetheless, one should not overlook the fact that the court politics that the king tried to take advantage of at the time were closely tied to regional issues. According to Paek, the position of Kyŏmsa (Historian) had originally been one of the yojik, but from 1776 on it had been given to men from the countryside, and especially to those from Pyŏngan Province. This policy itself can be seen as one of the measures the king took to augment monarchical power and authority by hiring people previously marginalized from central political power. However, the original purpose did not seem to prevail, for the esteem in which Kyŏmsa were held had declined ever since the policy was adopted. Paek argues that the positions degradation had worsened because Kim Ponghyŏn (1732–?, munkwa in 1768) from Chŏngju had developed a very submissive attitude toward court ministers and had accepted abusive treatment from them during his service as a Kyŏmsa for many years. This had resulted not only in the aforementioned perception that those holding the position of Kyŏmsa were little more than eunuchs but also in the practice of deliberately humiliating Pyŏngan people.
Sun Joo Kim	Negotiating Cultural Identities in Conflict - A Reading of the Writings of Paek Kyonghae 1765-1842 	In the two cases in which Paek was disobedient, the king had apparently assumed that Paek would blindly follow orders because, being from Pyŏngan Province, his political fate by and large depended on the kings favor. Paeks defiant stance halted his official career at the center, but earned him the reputation of being an upright official and the respect of his fellow literati of Pyŏngan Province.
Sun Joo Kim	Negotiating Cultural Identities in Conflict - A Reading of the Writings of Paek Kyonghae 1765-1842 	ADVOCACYPaek Kyŏnghae seems to have developed a heightened regional consciousness during the eleven-year period (1790–1801) when he stayed in the countryside. In 1794, he visited the memorial hall (chŏngnyŏ 旌閭) dedicated to Yi Kyehyang of Yŏngbyŏn, one of four loyal subjects from the same family who had been killed during the Manchu invasions. During this visit, he witnessed the dilapidated condition of the memorial hall and deplored the fact that the court did not pay due attention to the descendants of this family because they were from Pyŏngan Province. On another occasion, he found an old engraving on a horse-shaped rock near the Kadŏk village school and ruins of residences to the northeast of the rock. He thought that these were remains from the Koguryŏ kingdom (?–668) and resented the fact that no documents existed from which to learn the regions ancient history. Paek also wrote of how his own teacher, Hwagok, had dissuaded Han Ungnok, a man from one of the prominent lineages in the region, from studying the Confucian classics in order to pass the munkwa on the grounds that men from Pyŏngan Province had no future in official careers.
Sun Joo Kim	Negotiating Cultural Identities in Conflict - A Reading of the Writings of Paek Kyonghae 1765-1842 	In 1802, after the long unemployment and bitter experience he had accumulated as a person from the Kwansŏ (關西) region, Paek wrote a Letter to the State Council on Behalf of Pyŏngan Residents. The letter primarily demands (1) ending differential traineeship assignment of munkwa passers according to their familial and regional backgrounds, and (2) allowing Pyŏngan residents to obtain prestigious positions (tongchŏng 通淸). It begins with a strong sense of pride in the regions three-thousand-year history. Paek points out that the Kwansŏ region was referred to as the small civilization (sohwa 小華) at the time of the legendary ancestors Tangun and Kija, and that during the Koguryŏ period it was known as one of the strongest states under Heaven. Thus, he argues, it was not a place abandoned from the beginning. He describes the area as having become a territory without master once the Tang dynasty defeated the Koguryŏ and it came to be used as a wild hunting ground by northern barbarians. Koryŏ officials had tried gradually to recover the territory, but it had been invaded by Khitans and Mongols. After the Chosŏn dynasty was founded, early kings concerned with the security of this area had selected wealthy and powerful families from the south to relocate there. Paek indicates that eight or nine of the regions ten great lineages had resulted from this relocation in the early Chosŏn period. He concludes that the Kwansŏ region was not a peculiar place from the beginning. The land belonged to Tangun and Kija, and the people are the people of this country.
Sun Joo Kim	Negotiating Cultural Identities in Conflict - A Reading of the Writings of Paek Kyonghae 1765-1842 	Worship of Kija and Tangun had become an integral part of Korean cultural identity by the late Chosŏn period. As early as the Three Kingdoms period, Kija had been recognized as the transmitter of civilization to Korea, but it was during the Chosŏn period that Kijas heritage was highlighted. From the beginning of the dynasty, the court declared its intention to resume the indigenous broken transmission of the Way originally implanted in Korea by Kija, as a measure to legitimize the founding of the new dynasty. Subsequently, Chosŏn intellectuals often regarded Kija as a great Confucian sage. It was in this early Chosŏn period that Tangun also came to be celebrated on a regular basis as the legendary progenitor of the Korean people. At that time, the court established a separate shrine for Tangun and Kija in Pyŏngyang, Pyŏngan Province, and began offering memorial services to them. Although the court was criticized for its negligence in maintaining these shrines, from this time on these two figures became tangible cultural symbols of the Chosŏn state.
Sun Joo Kim	Negotiating Cultural Identities in Conflict - A Reading of the Writings of Paek Kyonghae 1765-1842 	Along with many other people from Pyŏngan Province, Paek embraced such cultural symbols because they shared the same space as these two cultural heroes who had presumably established their rule there. Indeed, the regional identity that was part and parcel of the mind-set of the 1812 rebels, as shown in their rebel manifesto, was almost identical to that advocated by Paek Kyŏnghae in his letter to the State Council, since, for example, the rebels stressed the provinces significance as the founding place of Kija Chosŏn. Moreover, Confucian scholars and current and retired officials from Pyŏngan Province relied on the same rhetoric to promote regional alliances against the rebels. This strategy was illustrated in a circular (tongmun 通文) to organize volunteer units in the Pyŏngyang area, which invoked the names of Tangun and Kija in order to remind people that the province was the home of scholarship and propriety.
Sun Joo Kim	Negotiating Cultural Identities in Conflict - A Reading of the Writings of Paek Kyonghae 1765-1842 	In addition to discussing Pyŏngan Provinces historical identification as the birthplace of the Chosŏn dynasty, Paeks 1821 thesis on the original, correct sound of the Korean colloquial language discusses a unique cultural asset that the region had preserved. Paek points out that the sage King Sejong (r. 1418–1450) created the native alphabet and established the correct sound of the native language by gathering wise scholars and repeatedly consulting Ming Chinese scholars. He argues that King Sejong must have acknowledged the fact that Kwansŏ was the birthplace of Korean civilization and therefore adopted the sound of this region as the standard when he systemized the native language (pangŏn 方言). Since King Sejongs reign, however, the pronunciation of the native language has changed in other parts of the Chosŏn state. For example, the original sound tyŏn (텬) became chŏn (천), while ti (디) turned into chi (지). Thus the sound of tyŏn-ti (텬디; Heaven and Earth) changed to chŏn-chi (천지). Likewise, the sounds ta (다) and ta (타) became cha (자) and cha (차). While wondering why seven regions (excluding Kwansŏ) followed the same path of transformation in pronunciation, Paek emphasizes that the people of Kwansŏ still preserve the original, correct sound of the native language. He also refers to other evidence that establishes Kwansŏ as the original source of the correct sound of the native Korean language. For example, King Sukchong (r. 1674–1720) evidently had the same question in mind when he asked his officials which dialect was correct. A renowned official replied that it was that of Kwansŏ. Therefore, Paek triumphantly concludes, under Heaven, the sound of chunghwa (中華) is correct; in our eastern country, the sound of Kwansŏ is correct. Kwansŏ provided the basis of our eastern countrys language.
Sun Joo Kim	Negotiating Cultural Identities in Conflict - A Reading of the Writings of Paek Kyonghae 1765-1842 	This self-glorifying thesis also sheds light on how the Pyŏngan dialect—which Paek deemed to be original and correct, yet different and distinct from others—may well have provided non-Pyŏngan people with a foolproof tool for distinguishing Pyŏngan people. Paeks point is well taken precisely because the Pyŏngan dialect is distinctive, as Paek himself inadvertently exemplifies in his thesis. It is ironic that the linguistic preservation that Paek felt compelled to advertise turned out to be an all-too-effective way to discern regional background. More paradoxically, despite his pride in the linguistic originality of his region, Paeks orientation toward the center probably made him mimic the central dialect when needed. For example, it seems that Paek turned off his Pyŏngan accent when he took the oral components of the munkwa exam, since his examiners thought he must be either from the capital or from Kyŏngsang Province, as discussed earlier.
Sun Joo Kim	Negotiating Cultural Identities in Conflict - A Reading of the Writings of Paek Kyonghae 1765-1842 	At any rate, Paeks letter to the State Council continues with his resentment over regional discrimination. He opens his discussion with very general remarks, pointing out that When a father and eight sons [that is, the king and eight provinces] live together, their nobleness and baseness or thinness and fatness must be the same. He then discloses the essence of the discrimination against northerners in the employment of court officials, a view that he shared with Chŏng Yagyong: Civil officials [from Pyŏngan Province] are assigned only to the Royal Academy and military officials to the Gatekeepers Office. Even though one is a scholar who has mastered the Heavenly Principle and has unprecedented talent, one has no hope of advancement. Such political discrimination stirred public contempt, to the extent that “even toddlers who have just learned to speak already differentiate and insult people from Pyŏngan Province, and people of base status, pushing carts, arrogantly embrace such popular contempt toward Pyŏngan people. Everyone calls us sŏin 西人. Even worse, they call us sŏ-ji-han 西之漢.’ Paek cries out,
Sun Joo Kim	Negotiating Cultural Identities in Conflict - A Reading of the Writings of Paek Kyonghae 1765-1842 	[They scorn us] as though Heaven does not cover us, Earth does not embrace us, the Sun and Moon do not shed their light upon us, and frost does not fall on us. [They do so as though] we are not human, we are not animal, either; they do not seem to know what kind of monster or ghost we are. It seems that nothing can be compared to us. Alas! What crimes have we sŏin committed? Are sŏin alone not endowed with the nature of yin-yang and the five elements? Is our speech completely incomprehensible, given that it is likened to that of the western barbarians? Are our caps and dresses so different and strange compared to those of other provinces? Does the land become despicable because of the people [living there], or do the people become despised because of the land? I have never heard, in the world under Heaven and Earth, that any [country] divides the land, looking down on a part of it and abandoning it for such a long time [and] to such a severe extent as this.
Sun Joo Kim	Negotiating Cultural Identities in Conflict - A Reading of the Writings of Paek Kyonghae 1765-1842 	Paek then seeks the origins of such regional contempt, which were all too bitterly humorous to him. Contrary to the conventional belief that political discrimination against Pyŏngan people had been prevalent from the beginning of the Chosŏn dynasty, Paek indicates that it began in the middle of the dynasty. He first acknowledges that, at the outset, the Chosŏn court did root out the coarseness of Silla and Koryŏ institutions and did not differentiate between remoteness and closeness, or between inner and outer regions, in the employment of officials. Therefore, he points out, in the early Chosŏn there were people from Pyŏngan Province whose appointments reached ministerial levels. Some became directors of the Royal Academy; others ran the Munwŏn 文苑 (Hongmungwan or Yemungwan), holding chŏngjik positions. According to Paek, it was only from the mid-dynastic period that the Pyŏngan people were blocked from obtaining chŏngjik. The story goes that a civil minister (munjae 文宰) who stayed in Pyŏngyang for a long time, as an escort of a Chinese envoy (Kwanbansa 館伴使, Sr.3), was bitterly criticized for his wild debauchery by a local Confucian scholar. The ministers frustration and hatred of the people of the area allegedly led to the initiation of regional prejudice and discrimination. The offending civil minister was Sŏ Seyang (1486–1562, munkwa in 1509), a powerful and talented scholar-official of the sixteenth century. In 1633, this episode was cited by Minister of Personnel Choe Myŏnggil as the origin of regional discrimination and was also recorded in a local gazetteer.
Sun Joo Kim	Negotiating Cultural Identities in Conflict - A Reading of the Writings of Paek Kyonghae 1765-1842 	Paek, however, does not blame any one person for triggering such political discrimination. He goes on to analyze three popular perceptions held at the time to justify political discrimination against people from Pyŏngan Province.
Sun Joo Kim	Negotiating Cultural Identities in Conflict - A Reading of the Writings of Paek Kyonghae 1765-1842 	1. There Are No Yangban TherePaek comments that this first point is illogical and groundless. After defining yangban as high civil and military officials (yangbanja munmu kogwan chi ching ya 兩班者文武高官之稱也), he argues that it is not true that there have been no high military and civil officials from Pyŏngan over the past two hundred years. He names as examples Special Capital Magistrate (Uyun 右尹, Jr.2) Cho Changnae (1686–?, munkwa in 1715), Yangŭi-gong 襄毅公 Kim Kyŏngsŏ (1564–1624), and Yangmu-gong 襄武公 Chŏng Pongsu. Paek clearly resents the fact that their descendants had been unable to receive the same degree of honor given to people of similar family pedigrees from other provinces, and were discriminated against from the moment they entered the central bureaucracy. He concludes that should people from Pyŏngan Province be employed in the future, they should not be scorned under the pretext that there are no yangban there.
Sun Joo Kim	Negotiating Cultural Identities in Conflict - A Reading of the Writings of Paek Kyonghae 1765-1842 	Although Paek did name a few renowned officials from Pyŏngan Province, even he could not have denied that the number of scholars and officials from the region who had earned fame in the Chosŏn up until his time was embarrassingly small. In addition, since a proper familial background was crucial for being a yangban in the late Chosŏn, Paek and his colleagues from Pyŏngan Province were fighting a losing battle in terms of obtaining official recognition of their qualifications for chŏngjik. There is no doubt that by Paeks time the elite in Pyŏngan Province had successfully adopted mature yangban culture based on Neo-Confucian prescriptions. They pursued Confucian scholarship—the primary requirement needed to sit for the civil service examinations—and practiced Confucian rituals. They had resided in a set location from the early Chosŏn period on; had organized various Confucian local voluntary and independent institutions, such as community compacts (hyangyak 鄕約) and the local yangban roster (hyangan 鄕案), to realize their interests at the local level; and had formed tight, exclusive marriage networks among themselves. In a nutshell, the thorough cultural transformations of elite life in Pyŏngan Province by Paeks time were arguably comparable to those that had taken place in the south. Yet those cultural practices could not alter the family pedigrees of Paek and his fellow elite from Pyŏngan Province, and pedigree remained the most critical qualification for penetrating the thickly woven network of the central aristocracy, which almost monopolized high and prestigious positions in the central bureaucracy.
Sun Joo Kim	Negotiating Cultural Identities in Conflict - A Reading of the Writings of Paek Kyonghae 1765-1842 	2. The Province Is Close to the Barbarian LandOn this second point, Paeks argument is creative and appealing. After reminding his readers that the Chosŏn state is close to the Wae 倭 (Japanese) to the east and the Ho 胡 (northern barbarians, or Manchus) to the north, he questions whether there are any differences between the Wae and the Ho in terms of their uncivilized nature. He then points out the inconsistency embedded in the popular perception that linked spatial proximity to barbarians to a coarse nature and unrefined culture. In other words, people scorned Pyŏngan Province because it was close to the Ho, yet they did not despise the Yŏngnam region (Kyŏngsang Province) despite its proximity to the Wae. Paek concludes that this discussion of proximity to the Ho is deceptive and unwarranted, a ploy to legitimize regional discrimination.
Sun Joo Kim	Negotiating Cultural Identities in Conflict - A Reading of the Writings of Paek Kyonghae 1765-1842 	In arguing about proximity to both the Wae and the Ho, Paek may have had more in mind than just physical and geographical space. Physical closeness entails material, cultural, and human contact, which can result in a mixture of blood and cultural influence. Recent experiences of direct contact in the form of the Japanese and Manchu invasions—which to the Chosŏn people represented their barbaric nature in its most extreme form—must have had a similar effect. Paek regarded the Japanese and Manchus as sharing a similar uncivilized nature, so it must have seemed cogent to him to argue that physical proximity to the Manchus alone could not be used as proof of the norths cultural vulgarity.
Sun Joo Kim	Negotiating Cultural Identities in Conflict - A Reading of the Writings of Paek Kyonghae 1765-1842 	Paeks worldview did not differ fundamentally from the China-centered culturalism (chunghwa sasang 中華思想) that Confucian literati upheld in the Chosŏn period. The ancient Zhou dynasty had been a symbol of chunghwa culturalism, and had thus been revered throughout history (chonju-ron 尊周論), although the legitimate holder of true Confucian civilization had changed successively over time. The essence of chunghwa theory was hwa-yi-ron (華夷論), hwa here referring to chunghwa, the successor of Confucian civilization, and yi referring to those barbarians who had not reaped the benefits of Confucian transformation and who thus relied only on naked power and force. The Chosŏn elite took pride in having been blessed with the transformative effects of Confucianism and promoted the Chosŏn state as eager participants in its civilized world. They developed this line of thinking into so-chunghwa 小中華 thought, in which the Chosŏn dynasty was viewed as a lesser but legitimate center of Confucian civilization. After the demise of the Ming, this sohwa consciousness developed even further, so that Chosŏn intellectuals believed that it was the Chosŏn that had inherited legitimate Confucian culture, and hence that it was their responsibility to defend this culture. Naturally, Paek borrowed the language of his contemporary Neo-Confucian literati to position the Chosŏn dynasty at the center of cultural discourse. Furthermore, he defended the northwestern region as a participant in this civilized sphere, and one that should not be stigmatized simply for its physical proximity to the uncivilized Ho.
Sun Joo Kim	Negotiating Cultural Identities in Conflict - A Reading of the Writings of Paek Kyonghae 1765-1842 	Paek himself demonstrated a balanced view of each regions cultural particularities, including his own. He later served, for about two and a half years, as Superintendent of Yugok Post Station (Yugok Chalbang 幽谷察訪, Jr.6) in Kyŏngsang Province, beginning in the seventh lunar month of 1804, and wrote an essay on the culture of Kyŏngsang region (嶺南風土). In it he gave high marks to the frugal lifestyle of the Kyŏngsang people, who emphasized propriety and scholarship. Nonetheless, he criticized them for rather blindly revering literary works left by previous scholars and tending to repeat useless discussions. He was also concerned about the wanton establishment of private academies in the area and about the united but arrogant attitude of the Yŏngnam elite, who insulted the magistrates and even disobeyed the kings orders. Pointing out that the people of the Kwansŏ region were divisive, short-tempered, and profligate, he concluded that it would be wonderful if the two provinces could learn from each other.
Sun Joo Kim	Negotiating Cultural Identities in Conflict - A Reading of the Writings of Paek Kyonghae 1765-1842 	3. There Is No Scholarship TherePaek constructs an elaborate argument against the third popularly held bias, that there was a lack of scholarship in Pyŏngan Province. He acknowledges that the people of Pyŏngan were ashamed of their less prominent scholarly achievements, but maintains that such shame only came from their own modesty. After pointing out that there was no special breed of people who became great ministers or generals in the beginning, he asks whether there can be no one who is endowed with the right forces of Heaven and Earth in the forty-two districts of Pyŏngan. Paek adds what he had heard from elders—namely, that early Chosŏn kings had never discriminated against people from the periphery, nor had provincial and district administrators uttered the word sŏto with contempt. Instead, they had established schools and had encouraged proper decorum to lay the foundation for respecting ones superiors and being willing to die for ones elders. People of the region had also not considered themselves, as sŏin, to be objects of contempt. Therefore, people had often exerted themselves, caught others attention, and been recommended to the court. Such people included Tunam Sŏnu Hyŏp, Hwang Chibam of Pyŏngyang, Pak Hapkang of Sŏngchŏn, Han Chŏngan of Sunan, and Yun Sŏngpa and Yun Chwiam, a father and son from Yŏngbyŏn. All had been from Pyŏngan Province and had comprehended the truth, learned from their mentors, and achieved illustrious scholarship.
Sun Joo Kim	Negotiating Cultural Identities in Conflict - A Reading of the Writings of Paek Kyonghae 1765-1842 	As Paek tries to prove, Neo-Confucianism began to spread in Pyŏngan Province as early as the sixteenth century, when Chungam Cho Hŏn (1544–92), who held the position of the Preceptor (Kyosu 敎授) in Chŏngju, laid the foundation of Confucian learning in the area. Kim Sangyong (1561–1637), who had once served as the magistrate of Chŏngju, was generally remembered as the one who had greatly promoted Confucianism. Two other magistrates, Maeng Sehyŏng and Maeng Chusŏ, were also known to have disseminated Confucian teachings to young scholars in the area. Inhyŏn sŏwŏn, the first private academy established in Pyŏngan Province, was founded in 1564, about twenty years after Paekundong sŏwŏn, the first private academy that unleashed the movement of founding private academies, was established by Chu Sebung in 1543 in Punggi, Kyŏngsang Province. A number of private academies and Confucian shrines were founded from the latter part of the sixteenth century on. Furthermore, there is evidence that Pyŏngan elites were operating smaller-scale private study halls from the sixteenth century on. As was the case in many academies and shrines built in other provinces in the following centuries, literati in Pyŏngan Province busied themselves with participating in this cultural movement of the time, as table 2 shows.
Sun Joo Kim	Negotiating Cultural Identities in Conflict - A Reading of the Writings of Paek Kyonghae 1765-1842 	It is true that, in the absolute number of private academies and shrines established during the seventeenth and eighteenth centuries, Pyŏngan Province lagged behind the southern provinces, and Kyŏngsang Province in particular. Even after the spread of Neo-Confucian studies, the depth of study in the region probably did not reach the level in the south, where philosophical debates and writings on Nature and Principle proliferated. Although the number of private academies increased, these schools did not provide the organizational or political support that northern scholars needed to advance in the central government. A few scholars were able to engage in debates with their southern contemporaries, but their scholarly accomplishments were modest and they failed to make political connections with any of the leading factions.
Sun Joo Kim	Negotiating Cultural Identities in Conflict - A Reading of the Writings of Paek Kyonghae 1765-1842 	Nonetheless, it remains arguable whether the low level of scholarship in Pyŏngan Province accounts for the political and social discrimination directed against the provinces people. Regional discrimination in the advancement of official careers was an integral part of a long process of marginalization of some members of the yangban ruling class—and of an accompanying concentration of central political power in the hands of a relatively small number of yangban groups residing in Seoul and its vicinity. In short, competition for power at the center continuously alienated scholar-officials from the central bureaucracy, beginning in the early Chosŏn dynasty. The first groups affected by this process were secondary sons of yangban and local power holders (hyangni 鄕吏) who were disqualified from the exams. Numerous literati purges and the subsequent development of hereditary factional strife from the sixteenth century on effectively severed the losers in these power games from access to central power. Cha Changsŏps study of political power groups in the late Chosŏn period epitomizes the political trend of consolidating power in a small circle of prominent families called pŏryŏl. The pŏryŏl were the capital-based families (kamun 家門) that produced officials who reached higher than senior third rank (tangsanggwan) for three generations successively. Cha identifies fifty-seven pŏryŏl that dominated political power and prestige since the reign of King Sŏnjo (r. 1567–1608) by manipulating civil service examinations, marriage ties with the royal family (as well as among themselves), protection privileges, and the institution of merit subject to maintain and perpetuate their privileged status (even though the strength of each family fluctuated over time).
Sun Joo Kim	Negotiating Cultural Identities in Conflict - A Reading of the Writings of Paek Kyonghae 1765-1842 	In this game of narrowing down the power-sharing pool, northerners were easy prey because the far northern territory became a secure part of the Chosŏn state only in the latter part of the fifteenth century. To develop the area after incorporating it, the state forcefully relocated people to the north from the south, including criminals and corrupt administrators. The Confucian prejudice against any peripheral area that is physically distant from the center of civilization, and thus is regarded as crude and barbaric, may have provided an ideological justification for the political and social discrimination that the people from the northern region subsequently endured. Moreover, the political trend of sharing power among a limited group of yangban aristocracy at the center was well established by the seventeenth century. Given these facts, it is remarkable that northerners efforts at penetrating this exclusivity by emulating the dominant literati culture in the late Chosŏn succeeded in producing a relatively large number of munkwa degree-holders—and hardly surprising that their achievements did not extend to actually breaking down institutional discrimination and ushering in a meritocracy.
Sun Joo Kim	Negotiating Cultural Identities in Conflict - A Reading of the Writings of Paek Kyonghae 1765-1842 	Nevertheless, it is questionable whether Pyŏngan literati meant to admit any cultural inferiority when they referred to themselves as people of a remote area (hahyang or habang 遐鄉, 遐方), a term that reflects inferior social and intellectual status, as O Suchang argues. It seems that this expression was not used exclusively by Pyŏngan people and did not refer solely to Pyŏngan Province. In the Veritable Records of the Chosŏn Dynasty, it often indicates any geographically remote region, including the Yŏngnam area. Paek repeatedly emphasizes that it was out of modesty and a form of self-criticism that Pyŏngan literati admitted their scholarly achievements to be inadequate. As Paek indicates, political discrimination and social contempt were so deeply entrenched that the Pyŏngan people reached the point of self-abandonment. This may have forced them to use such self-degrading terminology, internalizing the prevailing literati discourse of the time.
Sun Joo Kim	Negotiating Cultural Identities in Conflict - A Reading of the Writings of Paek Kyonghae 1765-1842 	Paek argues that these three points are only excuses, and advocates reform of discriminatory practices against northerners in terms of official advancement on the part of the central court. He criticizes the courts rigid attitude, which held that the practice of prohibiting Pyŏngan residents from obtaining prestigious positions (chisaek 枳寨)” could not be altered because it was a long-held tradition. Indeed, Paek asserts, the court held on to this idea as though it had inherited some great principle that Heaven had bestowed and Earth embraced. Resorting to a Confucian dictum, he appeals to high officials at the court, saying:
Sun Joo Kim	Negotiating Cultural Identities in Conflict - A Reading of the Writings of Paek Kyonghae 1765-1842 	Not changing [things] for three years is the great rule of the human Way. Yet Confucian scholars of the past still said, Why should one wait for three years if that were not the Way? Now, is blocking [people from Pyŏngan Province from prestigious positions] the unchangeable law of the dynasty? Or is it an instruction of great sages and canons? It is nothing but mistaken discussion by civil officials that cannot even be verified. What kind of Way and Principle is it to still pick it up and tenaciously hold on to it? Suppose that sŏin indeed committed crimes that deserve to bring about the prohibition. Rewards reach down for five generations, whereas punishment does not impact the son of the criminal. Thus, two hundred years [of prohibition] would be regarded as too long a time. Therefore, as for present-day discrimination, how can it not be resented? It is really so.
Sun Joo Kim	Negotiating Cultural Identities in Conflict - A Reading of the Writings of Paek Kyonghae 1765-1842 	Before Paek makes his final appeal, he goes over the efforts that previous kings had made to abolish such discriminatory practices. At the same time, he resents the fact that no kings words have had any effect in rectifying the situation because each monarchs subjects have been unwilling to carry out his orders. Paek concludes by urging the State Council to take his words seriously, discuss the matter at court, and follow the great benevolence of previous kings to clear away several hundred years of injustice, so that people from Pyŏngan Province can be treated the same way as people of other provinces.
Sun Joo Kim	Negotiating Cultural Identities in Conflict - A Reading of the Writings of Paek Kyonghae 1765-1842 	Indeed, Chosŏn kings had received numerous written and oral appeals about this issue, submitted by northerners and non-northerners alike. Subscribing to the Confucian notion that recruiting talented people was the most critical requirement of good government, they demanded that the practice of hereditary preference be mended. Korean kings wholeheartedly agreed with the memorialists and issued orders to employ and promote people according to their ability and talent. Obviously, these orders fell on deaf ears, as Paek lamented, and were never fully realized until the late nineteenth century.
Sun Joo Kim	Negotiating Cultural Identities in Conflict - A Reading of the Writings of Paek Kyonghae 1765-1842 	TRIALS AND CHOICESPaeks bitter criticism of discriminatory politics did not prevent him from pursuing his official career; rather, he seems to have sought ways to recover his opportunity to earn a position at the central court. For one thing, Paek paid great attention to the gravesites of his deceased ancestors, for he, like many other people at the time, believed in geomantic blessings supposedly emanating from auspicious gravesites. He relied on professional geomancers in selecting auspicious sites, though his teacher Hwagok, who was proficient in geomancy, also made authoritative contributions. Yet reliance on geomantic benefit alone would not have brought practical consequences. In concert with looking for geomantic gain, Paek sought favors from high, powerful officials at the court by paying visits to them. For example, he traveled to Seoul late in the fourth lunar month of 1801, and stayed there for four months, until he finally received an appointment as Fourth Secretary at the Bureau of Royal Rituals (Pongsangsi Chŏmjŏng 奉常寺僉正, Sr.4) with the assistance of Yi Ingmo, one of the ministers at the time. In a section of his collected works entitled Career History (hwanhae chingbi 宦海懲毖), Paek recorded the names of certain officials (who probably supported his attainment of such appointments) immediately after the entry for each new position he held after 1801.
Sun Joo Kim	Negotiating Cultural Identities in Conflict - A Reading of the Writings of Paek Kyonghae 1765-1842 	The most critical moment in Paeks political life occurred in 1812, when the Hong Kyŏngnae Rebellion broke out in his home region with strong support from the local elite. Both his regional identity and his loyalty to the ruling dynasty were tested. A few months before the rebellion, in his position as the Inspector of Pyŏngan Province (Tosa 都事, Jr.5), Paek had advised Provincial Governor Yi Mansu on the situation in the province, at Yis request. Paek pointed out that the commoners of the province were distressed over corruption and heavy taxation while the elite greatly resented the political discrimination they faced. On top of that, people had suffered severely that year from an unprecedentedly poor harvest. Bands of thieves had caused much trouble in Sangwŏn and Kwaksan, Pyŏngan Province. Under such circumstances, he foretold, there would be a revolt if relief measures were not taken immediately. In particular, Paek emphasized that the court should make every effort to search for talented men in the region and employ them. Because Paek correctly predicted social disturbances, Yi suspected him of involvement in the rebellion and denied him access to Pyŏngyang when he arrived there—several days, in fact, after rebellion had broken out on the eighteenth day of the twelfth lunar month of 1811.
Sun Joo Kim	Negotiating Cultural Identities in Conflict - A Reading of the Writings of Paek Kyonghae 1765-1842 	There are suspicious aspects to Paeks attitude and whereabouts during the rebellion. According to his diary, he happened to be at the district office of Chŏngju the day after the rebels had occupied two nearby districts, Kasan and Kwaksan. While he was there, the rebels, led by Choe Iryun, a local yangban of Chŏngju, broke into the jail to free a compatriot. Noticing that the magistrate of Chŏngju, Yi Yŏngsik, was unable to control the terrifying situation, Paek tried to persuade Kim Idae, the director of the local yangban bureau (Chwasu 座首), to suppress the rebels and defend the district by beheading Choe and his followers, not knowing that Kim himself had already joined the rebellion. Unsuccessful in convincing Kim, Paek returned home and began to gather like-minded people to counterattack the rebels. In his diary, he wrote that he spent several days amid chaos (even his aunt died on the twentieth). He left for Pyŏngyang on the evening of the twenty-third, five days after the rebellion began, and arrived there on the twenty-sixth.
Sun Joo Kim	Negotiating Cultural Identities in Conflict - A Reading of the Writings of Paek Kyonghae 1765-1842 	Like many other parts of Paeks diary, the entries about the 1812 Rebellion must have been written after the fact, when he had had a chance to review the situation. From both this diary and other historical records, there is no clear evidence proving that Paek committed himself to the rebel cause in the beginning and changed his position later on. Nonetheless, several points are suspect. First, he justified his loyalist position by emphasizing that he had tried to persuade Kim Idae to turn back the clock and suppress the rebels. But it is equally possible that Kim for his own part tried to gain Paeks approval and cooperation. Kims social standing was comparable to Paeks; he was a lower civil service exam degree holder (chinsa 進士). The Yŏnan Kim lineage, to which Kim belonged, was the most successful lineage in Chŏngju in producing munkwa passers, and had maintained many marriage ties with Paeks lineage. Some of Kims fellow yangban in the area had already committed themselves to the rebels at the preparation stage, and the rebels continuously strove to enlist the powerful local yangban in support of their cause. Moreover, the rebels manifesto stressed that the primary reason they revolted was their discontent over regional discrimination. As is evident in his writings, Paek shared resentment over unfair political practices with other members of the regional elite, so he may well have sympathized with the rebel leaders feelings.
Sun Joo Kim	Negotiating Cultural Identities in Conflict - A Reading of the Writings of Paek Kyonghae 1765-1842 	Second, two of the top leaders of the rebellion, Hong Kyŏngnae and U Kunchik, were geomancers—the theory of dynastic change based on geomancy played an important role in gathering support for the rebels—and Paek believed in geomancy. Third, it is puzzling that Paek managed to leave the Chŏngju district walled town when it was already in rebel hands if he adamantly opposed the rebels. Fourth, his explanation for his delay in returning to his post in Pyŏngyang is unsatisfactory. Thus it is not unreasonable to suppose that Paek may have considered participating in the rebel leadership. At the very least, he and his colleagues probably closely monitored the progress of the rebels activities before reaching a firm decision not to side with them.
Sun Joo Kim	Negotiating Cultural Identities in Conflict - A Reading of the Writings of Paek Kyonghae 1765-1842 	Such opportunistic thinking was so endemic that any substantial effort by volunteer leaders from Pyŏngan Province to counterattack the rebels emerged only after the rebel force had shown signs of division and weakness. Above all, the rebels did not provide organizational and ideological measures sufficient to solve the problems at hand in collective action, such as those associated with public goods and free riders. To certain groups of local elite—particularly munkwa passers and their families, who occupied the highest circle in the local hierarchy—the possibility of achieving the ultimate goal of dynastic change, as set forth by the rebellion, probably looked slim, while the risks far outweighed the promised political gain at the end of prolonged struggle. And although they shared the rebels concern over regional discrimination, the fact that they had been receiving benefits from the existing leadership made their political position a defensive and conservative one.
Sun Joo Kim	Negotiating Cultural Identities in Conflict - A Reading of the Writings of Paek Kyonghae 1765-1842 	In Paeks case, his cultural identity as a learned scholar-official pledging loyalty to the reigning royal house must have had more influence on his decision than his regional identity and admittedly sharp discontent. Neo-Confucian ideology, with its rigid demands of loyalty and righteousness, had long been a critical instrument in drawing even the disgruntled elite into the system and in suppressing their desire to revolt. Despite his resentment over the unjust political culture at the central court, Paek did not neglect to reiterate that he owed his well-being to his kings favor. Indeed, he never blamed any king for perpetuating regional discrimination. The targets of his criticism were, rather, the central yangban ministers who stubbornly discriminated against Pyŏngan residents and who objected to any rectification of this unreasonable practice. In addition, elite opportunism cannot be ignored as a contributing factor. Historically, those who sided with the royal cause during times of internal as well as external disturbances received huge material rewards and official ranks and titles that greatly boosted their social and political positions. This legalist prescription of reward and punishment must have been firmly integrated in the thinking of yangban elites and hence dictated their decisions.
Sun Joo Kim	Negotiating Cultural Identities in Conflict - A Reading of the Writings of Paek Kyonghae 1765-1842 	Paek Kyŏnghaes family had established itself as a renowned yangban family by the late eighteenth century, but it was because of the loyal death during the 1812 Rebellion of Paek Kyŏnghan, Kyŏnghaes older brother, that the family earned the courts attention and began to enjoy substantial prestige. The fact that seven of Paeks fathers descendants passed the munkwa between 1831 and 1885 indicates this growing favor. On a personal level, Paeks own career began to shine, and he broke through another difficult barrier in court hierarchy and qualified for one of the prestigious positions (chŏngjik) in 1816, when he was appointed Third Inspector of the Office of the Inspector-General (Sahŏnbu Changnyŏng 司憲府掌令, Sr.4). This was a moment of great honor for a man from Pyŏngan Province. Throughout Paeks diary, only a small number of people from Pyŏngan are recorded as passing this bureaucratic barrier: Paek Inhwan in 1787, Yi Ŭnggo in 1799, Kim Chosŏp in 1816, Paeks nephew, Yi Kijun, in 1830, and Paeks second son, Paek Chŏnggŏl, in 1835. Paek tackled the final hurdle on the bureaucratic ladder when he received the honorary ministerial rank (tangsanggwan) of Tongjŏng taebu (通政大夫, Sr.3) at the age of sixty-three, as a reward for his involvement in the revision of the royal genealogy. Finally, he obtained a tangsanggwan rank of Kasŏn taebu (嘉善大夫, Jr.2) at the age of seventy-two, and a junior second-rank position of Second Magistrate of the Seoul Magistracy when he was seventy-five years old.
Sun Joo Kim	Negotiating Cultural Identities in Conflict - A Reading of the Writings of Paek Kyonghae 1765-1842 	COMPROMISEThe violent way in which the rebels sought to break down regional discrimination failed and brought little change to the exclusionary political culture of the nineteenth-century Chosŏn court. An episode in 1818, at the height of Paeks official career, provides a vivid picture of the discriminatory treatment that the men of Pyŏngan Province suffered and of their responses to it, along with an understanding of the position of Paek himself, who was by then a venerated senior official from the region. The incident began with an altercation between Yi Hyŏngju, a Historian (Kyŏmsa) from Chŏngju, and Kwŏn Tonin, another Historian (Hallim 翰林) of lesser rank from the capital region, over whether to prohibit all those with the rank of Kyŏmsa from smoking inside the residential hall where they stayed when at court.
Sun Joo Kim	Negotiating Cultural Identities in Conflict - A Reading of the Writings of Paek Kyonghae 1765-1842 	To understand this incident, an explanation of the delicate court hierarchical order, which did not precisely correlate with the ranking system, is needed. The Kyŏmsa was a historian position held by mid- to low-ranking officials concurrently with other offices, such as positions in the Office of Royal Decrees (Yemungwan), the Royal Secretariat (Sŭngjŏngwŏn), the Office of the Censor-General (Saganwŏn), and the six ministries. It was presumably a prestigious position (chŏngyojik), both because its holders worked physically very close to the king and because what they recorded became the main sources of dynastic history. Despite a working environment that provided frequent contact with high-ranking officials as well as with the king himself, Kyŏmsa from Pyŏngan Province were unable to obtain a status equal to that of historians from other regions. Rather, as previously mentioned, they were subject to jibes such as one that claimed the Kyŏmsa position to be not much different from that of a eunuch. They simply depended on the favor of the king, who supposedly held the ultimate power to promote and demote his officials. The contempt they received from high-ranking officials, however, became progressively worse, and even young capital aristocrats who held prestigious offices (chŏngyojik) at court emulated the practice of heaping scorn on Kyŏmsa from Pyŏngan Province.
Sun Joo Kim	Negotiating Cultural Identities in Conflict - A Reading of the Writings of Paek Kyonghae 1765-1842 	The incident of 1818 involved two different types of historian positions—Kyŏmsa and Yemungwan Hallim, which was a lower rank than Kyŏmsa but a chŏngyojik envied by successful munkwa candidates. Apparently, people from Pyŏngan Province were in practice not assigned to this office. On the seventeenth day of the sixth lunar month of 1818, Hallim Kwŏn Tonin insulted Kyŏmsa Yi Hyŏngju by insisting that he refrain from smoking in the residential hall so as not to confuse the distinction between men from Pyŏngan and other areas. Enraged by this direct insult, Yi left the office after some quarreling. This incident incited all the court officials from Pyŏngan Province, who discussed the possibility of resigning as a group. Paek objected to this idea, reminding them that the position of the Kwansŏ region (Pyŏngan Province) had become much more perilous ever since the 1812 rebellion. Thus he advised them to be cautious. Despite Paeks advice, all three Kyŏmsa from Pyŏngan Province decided to resign.
Sun Joo Kim	Negotiating Cultural Identities in Conflict - A Reading of the Writings of Paek Kyonghae 1765-1842 	The next day, Assistant Section Chief of the Ministry of War Kim Chitae (Pyŏngjo Chwarang) from Kaesŏng, Hwanghae Province, attempted to make peace between the Hallim and Kyŏmsa, but this only fanned the flames of the confrontation. Kwŏn Tonin abruptly made a rash comment that a rebellion like that of Hong Kyŏngnae would soon break out. At the time, not all the court officials from Pyŏngan Province were united. Kim Ijŏk from Kangdong attended the court and thus betrayed their resolution to resign as a group. He even sided with Kwŏn by tattling on Kim Chigu, who had threatened to break his leg if he attended the court again the next day. Due to their boycott, the Royal Secretariat demanded that the three Kyŏmsa be arrested and investigated. Soon after, three other senior northerners, including Paek himself, were accused of coaxing the Kyŏmsa and leading people from Pyŏngan Province to resign their positions. After several days of investigation and flogging, Paek and the others were sentenced to exile. However, recognizing Paeks brother Kyŏnghans loyal death at the time of 1812 rebellion, Paek was forgiven, along with the others implicated in the incident. In his diary, Paek deplores the incident, noting that Kyŏmsa is a historian; so is Hallim. In the court structure, Hallim holds a chamoe 參外 position while Kyŏmsa holds that of chamsang. The discussion of making a distinction between this and that is nonsense. Despite his resentment, Paeks position at the time of the 1818 episode was very conservative and prudent, as a person who had already been designated a loyal subject and who had been heavily rewarded.
Sun Joo Kim	Negotiating Cultural Identities in Conflict - A Reading of the Writings of Paek Kyonghae 1765-1842 	CONCLUSIONPaek Kyŏnghaes lifetime roughly coincided with the culmination of “practices of exclusion,” whereby members of the central aristocratic elite protected their status and privileges. Regional discrimination was an integral part of such long-term practices that marginalized various status groups during the Chosŏn dynasty. This trend had begun as early as the founding of the dynasty, when regulations had restricted local power holders (hyangni) from sitting for the civil service examinations. Such discriminatory acts were soon critically applied to the secondary sons of yangban. Furthermore, the competition for power at the center continuously alienated yangban elites from the central bureaucracy from the early Chosŏn period on, which marginalized the yangban ruling class and concentrated central political power around a few capital-based yangban groups.
Sun Joo Kim	Negotiating Cultural Identities in Conflict - A Reading of the Writings of Paek Kyonghae 1765-1842 	These practices of exclusion and monopoly of power by a few central yangban contradict a fundamental Neo-Confucian prescription of meritocracy, according to which the monarch rules the country by recruiting men of talent, not men with privileged family backgrounds. Those who were excluded, but advocated meritocracy, challenged these aspects of political culture that deviated from Confucian norms. Both practitioners of exclusion and those who were excluded shared the culture of Neo-Confucian values, beliefs, and rituals. Thus it was not a matter of the voices calling for abolition of unfair and unethical employment practices never reaching sympathetic ears. Rather, it took an enormous amount of effort and time to carry out any legal reform that might possibly curtail the privileges of the central power group. And, to the profound disappointment to the victims of discrimination, legal changes never seemed to be implemented.
Sun Joo Kim	Negotiating Cultural Identities in Conflict - A Reading of the Writings of Paek Kyonghae 1765-1842 	Paeks experiences as a scholar-official and his responses to the various crises he faced during his tumultuous official career epitomize the ordeals that a talented man lacking a proper pedigree had to undergo within the inflexible Chosŏn sociopolitical system, which deviated from ideal Confucian prescriptions and precepts. The processes required to gain entry into the nexus of the privileged were exasperating and necessitated continuous negotiation of various sets of identities. Throughout his life, Paek ardently supported undoing the wrongs dealt out to him and his colleagues from Pyŏngan Province, though not to the extent that he risked his own privileged status or betrayed his Confucian standards. When Paek was finally forced to choose between the existing dynastic system—which was obviously defective but which nevertheless granted him the honor of being a part of it (no matter how marginal a part)—and a group of his fellow men who were resolved to rid themselves of regional discrimination through violence, his loyalist decision was predictable (albeit neither easy nor spontaneous), and undeniably rewarding in the long run.
Sun Joo Kim	Negotiating Cultural Identities in Conflict - A Reading of the Writings of Paek Kyonghae 1765-1842 	Paeks writings paint an ambivalent picture at first glance. They are full of anger, frustration, and accusations over the issue of regional discrimination. At the same time, they reveal that Paek was thoroughly indoctrinated into Neo-Confucian state ideology, in which the monarchical system and individual loyalty to it were idealized and demanded. Paek vehemently resented the discriminatory political culture that disadvantaged him and his colleagues from Pyŏngan Province. Nonetheless, he blamed such practices not on the royal house but on the narrow-minded central aristocracy that unfairly perpetuated such ill-conceived practices. Thus he found no ideological justification for taking part in a rebellious and aggressive movement against the crown to rectify the grievances that Pyŏngan people, including himself, suffered.
Sun Joo Kim	Negotiating Cultural Identities in Conflict - A Reading of the Writings of Paek Kyonghae 1765-1842 	In addition, no matter how much discrimination Paek personally faced from central aristocrats, he remained a participant in the central political process (however marginally) and earned fame as one of very few renowned scholar-officials from the northwestern region. The reputation and culture that Paek and his family enjoyed must have contributed to molding his conservative position of preserving the existing Chosŏn ideology and institutions. Because he did not envision any swift structural change, his solution to the problem of regional discrimination was passive and individualistic. Nevertheless, his advocacy for his home province—together with succeeding efforts launched by the next generation of Pyŏngan literati—eventually, if slowly, came to fruition. Paeks second son, Chŏnggŏl, passed the munkwa in 1831 and was unprecedentedly assigned to the Office of Diplomatic Correspondence. Of such an incredible moment, Paek wrote, This is the first such occasion in some hundred years in the history of Pyŏngan Province. I am delighted on the one hand; I feel anxious on the other hand.
John Duncan	Origins of the Choson Dynasty - Intro Conclusion 	In the seventh month of 1392 the 474-year-old Koryŏ dynasty came to an end, its place as ruler of the Korean Peninsula taken by a new dynasty, the Chosŏn. Dynastic changes were rare, this being the only one in the thousand years preceding Japanese colonization in 1910. It has, as a consequence, attracted a great deal of scholarly attention.
John Duncan	Origins of the Choson Dynasty - Intro Conclusion 	The Koryŏ did not meet its doom at the hands of foreign invaders, as did the Sung (960–1279) and the Ming (1368–1644) in China. Neither did it fall to provincially based rebel movements, as did China’s Han (206 BCE–CE 220) and Yüan (1279–1368) dynasties or Korea’s Silla (?–935). The dynasty, which survived serious revolts in the early twelfth century, a military coup in 1170, conquest by the Mongols in the mid-thirteenth century, and the deposal and assassination of many of its kings throughout its five centuries, was in the end done in by its own officials.
John Duncan	Origins of the Choson Dynasty - Intro Conclusion 	A variety of assessments of this event has been advanced within larger schemes of historical interpretation. Traditional Confucian views emphasized the moral depravity of the final Koryŏ kings and the ethical virtues of Yi Sŏng-gye, the founding monarch of the new dynasty. In the early twentieth century historian-apologists for imperial Japan argued, as part of an effort to depict Korea as a backward and historically stagnant society in need of enlightened (Japanese) leadership, that the Koryŏ-Chosŏn change of dynasties was a mere palace coup of no real historical significance. The main thrust of the imperialist view was that Korea had not followed the proper ancient-medieval-modern path of historical development that had supposedly been taken by the “advanced countries” (J. senjinkoku, K. sŏnjin’guk) of Western Europe and, of course, Japan. Various aspects of Korea’s past were depicted in negative terms: political subservience to China and lack of autonomy; socioeconomic stagnancy and omission of the feudal stage of development; and cultural imitation of China and lack of creativity. In short, the Japanese applied to Korea the same notion of an unchanging traditional order that Western imperialist powers used against non-Western, “pre-modern” societies.
John Duncan	Origins of the Choson Dynasty - Intro Conclusion 	Korean scholars struggled to rebut the imperialist view throughout the colonial period. Men such as Sin Ch’ae-ho, Pak Ŭn-sik, and Chŏng In-bo, referred to as “nationalist historians” (minjokchuŭi sahakcha,) sought to define the Korean nation in terms of a unique spirit, the recovery of which would enable Koreans to free themselves of the shackles of foreign domination and to revitalize their country. Another group, known as “positivist historians” (silchŭng sahakcha,) included men such as Yi Hong-jik and Yi Pyŏng-do who were trained at Japanese universities and strove to counter imperialist depictions of Korean history, particularly the ancient period, through rigorous use of documentary evidence. A third group, usually called “socioeconomic historians” (sahoe kyŏngje sahakcha), was influenced by leftist ideas. In their efforts to refute Japanese contentions of stagnation, men such as Paek Nam-un and Yi Ch’ŏng-wŏn eschewed Marx’s idea of an Asiatic mode of production and applied instead a Stalinist interpretation, claiming that Korea, too, had passed through ancient slave and medieval feudal stages of development. Although these colonial era scholars labored under great political difficulties, their work laid down the foundations of modern Korean historiography and, in terms of basic approaches, still provides points of departure for scholarship in the late twentieth century.
John Duncan	Origins of the Choson Dynasty - Intro Conclusion 	These early efforts not withstanding, it was not until after Japan withdrew in 1945 that Koreans were free to engage in the study of their past. Historical scholarship since 1945 has devoted much energy to refuting the stagnation theory. North Korean scholars have generally followed the lead of Paek Namun in applying a Stalinist model of historical analysis that seeks to fit the Korean past into slave, feudal, and capitalist stages of historical development. Their interpretation, however, does not assign great significance to the founding of the Chosŏn dynasty because they see it as essentially a reconsolidation of feudal institutions within a lengthy medieval period that began with the rise of the Three Kingdoms (Silla; Paekche, ?–660; Koguryŏ, ?–668) nearly two thousand years ago and ended in the nineteenth century.
John Duncan	Origins of the Choson Dynasty - Intro Conclusion 	South Korean historical scholarship has been more diverse. The immediate post-1945 period saw a perpetuation of all three main colonial era approaches. There were the “new nationalists” (sin minjokchuŭija), such as Son Chin-t’ae, who contended that the Korean nation (minjok) had been formed in prehistoric times and who sought to define the nation in terms of its unique cultural and spiritual aspects, arguing that the singularity of the Korean historical experience meant that it could not and should not be forced into either Western European or Marxist models. A number of socioeconomic historians, such as Chŏn Sŏk-tam, continued the effort to fit Korean history into a Stalinist model. Positivist historians such as Yi Pyŏng-do and Yi Sang-baek, who were ensconced in history departments at major universities at the time of liberation, criticized both the nationalist and the socioeconomic historians for their excessive devotion to abstract theory. As a result of the Korean War and the postwar political climate, positivist historians came to dominate the field in South Korea during the 1950s and 1960s.
John Duncan	Origins of the Choson Dynasty - Intro Conclusion 	By the mid-1960s positivists came under increasing criticism for their excessive devotion to digging out facts without providing a conceptual framework for interpretation. By the end of the decade there was a growing tendency, informed—perhaps unwittingly in some cases—by Stalinist analytical categories, to view Korea’s history as a process of developmental stages propelled by the rise to power of successive new socioeconomic classes, although the South Korean scholars usually avoided the term “class” (kyegŭp) in favor of politically less sensitive terms such as “ruling stratum” (chibae ch’ŭng). Cognizant of the difficulties inherent in trying to force Korea’s history into the three-stage model, these scholars applied a modified periodization to Korean history that focused on such events as the Silla-Koryŏ transition, the mid-Koryŏ ascendancy of great central official descent groups, the military coup of 1170, the rise of the rusticated literati (sarim) in the sixteenth century, and the advent of reform Confucianism, commonly known as Practical Learning (Sirhak), in the late Chosŏn and argued that these phenomena reflected the rise of new socioeconomic forces.
John Duncan	Origins of the Choson Dynasty - Intro Conclusion 	This approach, known as the “internal development theory” (naejaejŏk palchŏn non), was given its classic formulation in Lee Ki-baik’s influential book Han’guksa sillon (translated into English as A New History of Korea). I can still remember the keen sense of excitement I felt when I read Professor Lee’s book for the first time as an undergraduate. Here, at last, I believed, was a way to reconcile the unique aspects of Korean history with universalistic models.
John Duncan	Origins of the Choson Dynasty - Intro Conclusion 	As I proceeded in my graduate studies, however, I became increasingly skeptical of the internal development theory. In part, I was influenced by the new “people’s history” (minjung sahak) of the 1980s, which, while clinging to the notion of Korean history as a process of linear development, criticized mainstream historians because their emphasis on ruling classes, rather than the people, as the prime movers of history legitimated the capitalist establishment in contemporary South Korea and provided an ideological prop for the developmentalist state of Park Chung Hee and Chun Doo Hwan. Although I tend to sympathize with the minjung historians’ criticisms of mainstream scholarship, especially because I am uncomfortable with the internal development theory’s implication that the rise of the capitalist system is a natural consequence of the internal logic of Korean historical development, I have found their approach to be of limited value for my purposes because of the almost total lack of information on nonelite social groups in the Koryŏ and early Chosŏn periods and, perhaps more importantly, because I, like many Western scholars in the second half of the twentieth century, have become skeptical of depictions of history as a linear developmental process leading inexorably towards modernization. My apprehension regarding the specific applicability of the internal development approach to Korean history has been bolstered by the findings of several of my more empirically oriented colleagues, both in the West and in Korea, who have demonstrated that continuity, rather than radical change, in the ruling class was a central feature of Korea’s historical experience during the Koryŏ and Chosŏn periods.
John Duncan	Origins of the Choson Dynasty - Intro Conclusion 	These valuable studies not withstanding, there has been no comprehensive critical examination of the issue of change and continuity in the Koryŏ-Chosŏn change of dynasties, which, according to the advocates of the internal development theory, was the consequence of the rise of a new class of scholarofficials (sinhŭng sadaebu) who were medium and small landowners of rural petty official (hyangni) backgrounds, whose ideology was Ch’eng-Chu NeoConfucianism (Chŏngjuhak, Ch. Ch’eng-Chu Hsüeh), and who advocated a pro-Ming foreign policy. They are believed to have came to power by overthrowing an old ruling class composed of capital-based aristocrats who were the absentee owners of large landed estates, who found ideological support in Buddhism, and who pursued a pro-Yüan diplomatic course. It was clear to me, however, that a number of features of the Koryŏ-Chosŏn transition could not be explained by the “new scholar-official” interpretation. One was the large number of men from prominent old Koryŏ descent groups, such as Cho Chun of the P’yŏngyang Cho and Min Yŏ-ik of the Hwangnyŏ Min, who continued to hold high offices after 1392. A second was that ownership of large landed estates by high-ranking central officials continued to be an important feature of Korean society. Yet another was that the “old aristocrats,” such as Yi In-im, who dominated the government in the second half of the fourteenth century, actually pursued a flexible, pragmatic diplomatic course that sought to build solid relations with the Ming and turned to the Yüan Mongols only when they were rebuffed by the Chinese.
John Duncan	Origins of the Choson Dynasty - Intro Conclusion 	In my own doctoral dissertation at the University of Washington, therefore, in order to test the “new scholar-official” theory, I chose to reexamine the social and economic backgrounds of the men who held high office in the early years of the Chosŏn dynasty. What I found—the wholesale survival of the old ruling class into the new dynasty—only deepened my suspicions about the usefulness of the internal development theory. If my dissertation demonstrated the weaknesses of the “new scholar-official” argument, however, it failed to provide a satisfying reinterpretation of the forces that led to the change of dynasties. Indeed, to the extent that it focused on continuity in the official class, it could even be seen as supporting the old imperialist contention that the founding of the Chosŏn was nothing more than a palace coup. I have, as a consequence, spent the last few years conducting additional research into various aspects of the Koryŏ-Chosŏn transition and rethinking my approach to the issue. Part of this effort has gone into expanding the scope of my research on the bureaucracy back earlier into the Koryŏ and later in the Chosŏn, but my primary focus has been on the institutional debilities of the late Koryŏ and how the reforms that accompanied the founding of the Chosŏn addressed those problems.
John Duncan	Origins of the Choson Dynasty - Intro Conclusion 	The late Koryŏ suffered from a weak kingship, erosion of state control over material and human resources, and powerful aristocratic elements fighting with the throne and with each other over resources and political power. Seeking an alternative theoretical perspective that would allow me to explore those institutional problems, I turned to S. N. Eisenstadt’s classic study of historical bureaucratic polities, The Political Systems of Empires. Although this work seems—in its depiction of historical bureaucratic societies as occupying an intermediate stage between less sophisticated patrimonial and feudal systems and more highly developed modern systems—to share some of the assumptions of modernization theory, it is based primarily on analysis of such non-Western societies as Ottoman Turkey, Sassanid Persia, and China and does not depict modernization as an inevitable outcome of historical change. Eisenstadt’s analysis of the relationship between the extent of social differentiation and the amount of free-floating resources and generalized power available to rulers of historical bureaucratic polities is relevant to the study of a society such as Koryŏ and early Chosŏn Korea, which combined the trappings of bureaucracy with strong aristocratic tendencies.
John Duncan	Origins of the Choson Dynasty - Intro Conclusion 	Eisenstadt depicts China, which is the closest analogue to Korea, as a polity that was able to maintain itself over a long period of time because the major types of change were marginal—rebellious and dynastic changes that became reintegrated into the basic framework of political institutions. He treats the institutional problems that appeared in the later years of Chinese dynasties as the result of rulers’ exploitative policies, which put excessive pressure on the free strata, leading to a decline in the amount of free-floating resources available to the state. In short, he appears to subscribe to a fiscally oriented dynastic-cycle theory such as that described by Edwin O. Reischauer and John K. Fairbank in East Asia: The Great Tradition.
John Duncan	Origins of the Choson Dynasty - Intro Conclusion 	I have found in Korea, however, that the institutional difficulties of the late Koryŏ were not simply manifestations of the declining phase of a dynastic cycle. Rather, they were deeply rooted in the nature of the early Koryŏ political settlement. The tenth-century Koryŏ kings, seeking to expand their political power and put their dynasty on a firm foundation, imported the institutions of centralized bureaucratic rule from China. The society on which they sought to impose those institutions, however, was a poorly differentiated one with strong aristocratic tendencies and a tradition of particularistic local autonomy. The result was a compromise between centralized bureaucracy and local aristocracy that left political roles embedded in ascriptive social groups and left the dynasty dependent on hereditary local elites (who came to be called hyangni) to provide its officials and to administer the bulk of the prefectures and counties throughout the country. Lack of distinction between political and social roles enabled those recruited to serve in the dynasty’s government to develop a powerful new central aristocratic bureaucracy whose interests were no longer compatible with those of the local elite stratum. At the same time, reliance on hereditary elites for local administration meant that the state depended on cooperation of the hyangni and maintenance of the traditional local social order for access to material and human resources. Thus conflict between central and local interests and between the interests of the throne and the central aristocratic bureaucrats (who came to be known as yangban) was inherent in the early Koryŏ political settlement.
John Duncan	Origins of the Choson Dynasty - Intro Conclusion 	Despite fundamental tensions deriving from the rise of a powerful central aristocratic bureaucracy in a system designed to protect the interests of local elites, the Koryŏ polity might have been able to limp along had it not been subjected to great pressure in its later years as a result of foreign invasions. These invasions not only drained the state of resources, but also disrupted the hyangni-centered traditional local social order, a situation that was aggravated by increasing penetration of the countryside by economic interests of the central yangban. Consequences of the breakdown of local society were twofold: intensification of the state’s fiscal problems and emigration of disembedded local elites to the capital in search of opportunity, threatening the power of the central yangban.
John Duncan	Origins of the Choson Dynasty - Intro Conclusion 	The late Koryŏ kings, facing an entrenched central yangban aristocracy and lacking the resources and prestige to carry out basic reforms, attempted to deal with the deteriorating situation through methods—including offsetting yangban power by investing political authority in foreigners and eunuchs and rewarding hyangni for military service by granting them official status—that only aggravated the threat felt by central aristocratic bureaucrats and ultimately deepened the crisis.
John Duncan	Origins of the Choson Dynasty - Intro Conclusion 	Endangered by an institutional structure that no longer served their needs and that alienated them from their sovereigns, reform-minded yangban eventually allied themselves with a relative newcomer, the military strongman Yi Sŏng-gye, who had the armed might needed to push through reforms against conservative opposition. The subsequent political struggle culminated in the overthrow of the Koryŏ in 1392. Reforms implemented by the founders of the new dynasty were designed in part to redress the balance of power between throne and officials, but, more importantly, to reduce competition for political power and buttress the position of the yangban as the country’s social and political elite.
John Duncan	Origins of the Choson Dynasty - Intro Conclusion 	The establishment of the Chosŏn dynasty, therefore, came about as tensions were worked out between an imported centralized bureaucracy that presumed a comparatively high degree of social differentiation, and a locally particularistic native tradition in which resources and political roles remained embedded in ascriptive social groups. The institutional reforms carried out at the time of the Koryŏ-Chosŏn transition represented a reorganization of the country’s sociopolitical system around the interests of the central yangban class and thus constituted a break with the old order which, despite some degree of centralization, was based primarily on the interests of the local strongman class of the late Silla-early Koryŏ period. In short, what we see is a shift—still within the broad outlines of the historical bureaucratic society—from a strongly aristocratic system (in which the dominant social group was a locally based elite) to a mixed aristocratic-bureaucratic system (in which the dominant social group derived its power and prestige from ancestral traditions of service in the state bureaucracy). Whether this represented historical “progress” seems to me to be very much an issue of teleological judgment. But of one thing I am certain: it was not stagnation.
John Duncan	Origins of the Choson Dynasty - Intro Conclusion 	Finally, I would like to note that in the past few years a new generation of Korean scholars, inspired in large measure by older positivist historians who have not accepted the premises of the mainstream, has begun to challenge the conclusions of the internal development theory regarding the late Koryŏ-early Chosŏn period. These historians include Kim Kwang-ch’ŏl, who has demonstrated the underlying continuity between the early Koryŏ ruling class and that of the late Koryŏ; Kim Tang-t’aek, who has taken issue with the “new scholar-official” versus “old aristocrat” dichotomy; and Chŏng Tu-hŭi, who has shown that the rusticated literati and the meritorious elite of the early Chosŏn came from the same social class. It is no small comfort to me, as a Westerner studying Korean history, to know that I have colleagues in Korea who, while they might find shortcomings in my scholarship, share my misgivings about imposing Western-derived models—models that inevitably privilege the “modern” Western experience—on Korea’s rich historical heritage.
John Duncan	Origins of the Choson Dynasty - Intro Conclusion 	Some Final ConsiderationsInterpretive schemes that have been applied to Korean history, and particularly to the Koryŏ-Chosŏn change of dynasties, have not been well grounded in the source materials. To address the need for documentation, I have presented here an empirically founded depiction of Korean history from the early Koryŏ through the early Chosŏn. This treatment has focused almost exclusively on social and political elites, not as a matter of choice but because of the almost total lack of information on the other social strata that made up the vast majority of the Korean populace.
John Duncan	Origins of the Choson Dynasty - Intro Conclusion 	Although I have borrowed from Eisenstadt’s work on historical bureaucratic empires, my purpose has not been to force the Korean experience into yet another alien mold, but rather to use Eisenstadt’s study, which is based primarily on non-European, non-“modern” societies, as an alternative to Western European-derived modernizing models of historical interpretation and as a means to compare Korea with other historical political systems. I can only hope that the resulting perspective contributes to my readers’ understanding of the Korean experience and provides a point of departure for further studies that will improve and deepen our appreciation of Korea’s rich historical heritage.
John Duncan	Origins of the Choson Dynasty - Intro Conclusion 	The following summary considers how my findings are related to interpretive and comparative issues and draws out some of their implications for our understanding of Korean history.
John Duncan	Origins of the Choson Dynasty - Intro Conclusion 	SUMMARY OF FINDINGSA central theme of Korean history throughout the Koryŏ and early Chosŏn dynasties was the effort to create a centralized bureaucratic polity. This began long before the rise of the Koryŏ. Monarchical states had developed in the Three Kingdoms of Koguryŏ, Paekche, and Silla several centuries earlier. The kings of Silla, in particular, took advantage of wartime stimulus for unity in the sixth and seventh centuries to curtail the authority of the Hwabaek aristocratic council, establish a standing state military, and create administrative organs under royal control. The centralizing impetus continued after Silla defeated Paekche and Koguryŏ, enabling the Silla kings to implement additional bureaucratizing reforms and bring the countryside throughout the peninsula under direct central control. The ability of the Silla kings to create a more truly bureaucratic system was limited, however, by the Bone Rank system, which gave True Bone aristocrats a monopoly over high political office and prevented kings from making active use of other social groups to offset aristocratic power. True Bone resistance to bureaucratizing reforms surfaced in the mid-eighth century, leading to the assassination of King Hyegong in 780 and ushering in a prolonged period of political instability that witnessed the rebirth of aristocratic council politics. By the late ninth century the Silla state no longer exercised effective jurisdiction over the territory within its borders. Much of countryside had fallen under the control of local elites who had their own private military forces and developed small-scale, independent systems of governance which, in their structure and nomenclature, asserted equivalence with the Silla state. In effect, the Silla polity had devolved into a decentralized, particularistic system dominated by local strongmen.
John Duncan	Origins of the Choson Dynasty - Intro Conclusion 	The period of disunion did not last long, however, and by 936 the new Koryŏ dynasty once again established unified rule over the Korean Peninsula. We can only speculate as to the impetus for unity in early tenth-century Korea. Perhaps the two-plus centuries of Silla rule had laid down the institutional and cultural foundations for lasting unity, although resurgence of local autonomy and the rise of regional political entities presenting themselves as successors to Paekche and Koguryŏ in the declining years of Silla would seem to confound such an interpretation. Nonetheless, Silla represented a precedent for unified rule, a precedent whose attractiveness may have been enhanced by the existence of an external model of a centralized polity in China. Certainly unification was facilitated by the relatively small size and compact shape of the peninsula. But the most important stimulus to unity may have come from the rise on Korea’s northern frontier of a powerful and potentially hostile expansionist empire in the Khitan Liao, which overthrew the Tungusic Kingdom of Parhae (Ch. Pohai, 699–925) in 925.
John Duncan	Origins of the Choson Dynasty - Intro Conclusion 	Despite the Koryŏ’s successes against the kingdoms of Silla and Later Paekche, its hold on the peninsula was tenuous. The regime over which Wang Kŏn presided was a confederation of warlords in which the king was essentially first among equals. The bulk of the countryside remained under the control of local strongmen who, though perhaps allied with or subordinated to the central warlords, still controlled private military forces and retained the trappings of independent local governance. Thus the Koryŏ faced two major internal obstacles to attaining lasting and effective rule: the central confederation, many of whose members enjoyed power and prestige rivaling that of the royal family itself; and the persistence of a high degree of local autonomy throughout the peninsula.
John Duncan	Origins of the Choson Dynasty - Intro Conclusion 	The most immediate challenge for the new dynasty lay in curbing the power of the central confederates and enhancing the authority and prestige of the kingship. Although his task may have been made easier by the bloodletting that took place during the reigns of the second and third Koryŏ kings, Hyejong and Chŏngjong, it was the fourth king, Kwangjong, who put the kingship on a firm foundation. Kwangjong carried out a number of institutional reforms, including promulgation of the Slave Investiture Act and implementation of a government service examination system—which was designed to undercut the military and political position of the confederates and elevate the authority of the crown—before he finally broke the back of confederation power in a series of bloody purges near the end of his reign. Kwangjong’s measures, harsh though they may have been, cleared the way for the bureaucratizing reforms of his successors. The fifth Koryŏ king, Kyŏngjong, put the dynasty on firmer financial footing with the implementation of the Field and Woodland Rank Act. The sixth ruler, Sŏngjong, made a major stride toward the creation of a bureaucratic polity with his adoption of the Chinese Three Department-Six Board model, in which the organs of political struggle, the Secretariat and the Chancellery, were constituted within the regular bureaucracy and were thus structurally situated under the direct control of the throne.
John Duncan	Origins of the Choson Dynasty - Intro Conclusion 	The early Koryŏ monarchs also grappled with the challenge presented by local strongmen. Although Kwangjong’s implementation of the examination system provided the means to recruit new blood as a counterbalance to the central confederation, it also constituted an institutionalized means by which members of local strongman descent groups could gain access to posts in the dynastic government. As such, it represented an effort by the throne to buy the loyalty of local strongmen by guaranteeing them the opportunity to participate in central political life. In the reign of Sŏngjong, however, the dynasty’s policy of cultivating their allegiance shifted to one of curtailing their privilege and bringing them under a centrally sanctioned system of local administration. Measures taken during Sŏngjong’s reign included abolition of privately controlled local military forces, incorporation of the apparatus of local governance into a country-wide hyangni system, and the initial establishment in the countryside of a permanent civil administrative presence in the “shepherds” posted to 12 strategically important regional centers. This was followed in the early eleventh century by King Hyŏnjong’s posting of a small number of centrally appointed prefects and magistrates, which marked the first time that the Koryŏ dynasty had exercised direct supervision over the prefectures and counties that had been for 150 years under the largely autonomous control of local strongman descent groups. Over the next century and a half the central regime gradually expanded its presence in the countryside so that, by the second half of the twelfth century, nearly half of the country’s prefectures and counties were under direct central supervision.
John Duncan	Origins of the Choson Dynasty - Intro Conclusion 	Despite apparent progress toward creation of a bureaucratic, centralized system of government, the kings were ultimately unable to overcome limitations imposed by the relative lack of differentiation in Koryŏ society. Following the destruction of maritime trading interests by landed interests in the mid-tenth century, Koryŏ kings had no alternative social stratum outside of land-owning groups to turn to for support. Although Kwangjong sought to use local strongmen to offset the central confederation, the strongmen, too, were hereditary landed elites. As a consequence, the scions of strongman families recruited through the examination system were able to use their ascriptive privilege to establish themselves and their descendants as a new central aristocracy. By the beginning of the twelfth century, these capital-based descent groups came to dominate the upper echelons of the bureaucracy and to contest the throne for control of the organs of political struggle and for access to free-floating resources in land and the peasantry.
John Duncan	Origins of the Choson Dynasty - Intro Conclusion 	Although political power passed from civil aristocrats to military officials after the military coup of 1170, the coup did not alter the basic dynamics of the Koryŏ polity. The military dictators dominated the throne to a greater extent than had civil aristocrats, but soldiers created their own landed estates in nongjang and sought to bolster their own social prestige by marrying with civil aristocratic families. As a consequence, much of the old civil aristocracy was able to survive, and even prosper, during the military era. After the overthrow of the last of the Ch’oe house dictators in 1258, the civil branch of government, which was still largely dominated by aristocratic descent groups, reemerged as the center of bureaucratic power. Thus the late Koryŏ kings found themselves facing a situation essentially the same as that which had plagued their twelfth-century predecessors. If anything, the late Koryŏ kings were in a worse position because growth of privately held estates during the military period had reduced the amount of available free-floating resources. In the absence of any other significant social group, such as merchants, with whom they could ally themselves against the landed aristocracy, the late Koryŏ kings and their Mongol consorts tried to control the political process by relying on foreign retainers, eunuchs, and slaves. Although this policy was somewhat effective as long as the Koryŏ kings enjoyed the protection of the Yüan emperors, the kings and their palace favorites were isolated elements without any broad base of social support and were unable to prevent increasing amounts of material and human resources from falling under aristocratic control. After the collapse of Mongol hegemony in the mid-fourteenth century deprived the kings of external backing, they found themselves at the mercy of powerful yangban aristocrats, with the result that all of the last four Koryŏ kings were deposed by their own subjects.
John Duncan	Origins of the Choson Dynasty - Intro Conclusion 	It seems clear, therefore, that the rise of a landed central aristocracy in a society lacking other significant social strata (such as urban or merchant groups) to which the kings could turn for support was a major determining factor in the weakness of the Koryŏ kingship. The one other social group to which the kings might have turned was the hyangni, the descendants of the local strongmen of the Silla-Koryŏ transition. Indeed, when we consider that it took the dynasty two and a half centuries to establish a standing central presence in half of the country’s prefectures and counties—and that it was able to do so only in unusual circumstances such as the threat of Khitan invasions during Sŏngjong’s and Hyŏnjong’s reigns, the time of heightened tensions with the Jurchen Chin in the early twelfth century, and the aftermath of Myoch’ŏng’s rebellion in the mid-twelfth century—it becomes evident that the early Koryŏ hyangni were a powerful, entrenched group. Furthermore, the rulers pursued policies designed to enlist hyangni support by granting them prebendal privileges and guaranteeing them access to central office. Although Kwangjong and other tenth-century kings appear to have tried to use local elites to offset central confederation power, there were some very real limits to the hyangni as an alternative social group. Because hyangni were themselves hereditary landed elites, they belonged to the same general social stratum as many of the central confederates of the tenth century and the civil aristocrats of the eleventh and twelfth centuries. In fact, many of the aristocrats, such as the Kyŏngwŏn Yi and the Haeju Ch’oe, who dominated the central bureaucracy in the eleventh and twelfth centuries were of hyangni origins. The relative ease with which new hyangni recruits to the dynastic bureaucracy were able to transform themselves into central aristocratic descent groups throughout most of the dynasty is undoubtedly a reflection of the essential congruence of socioeconomic interests between them and the established central aristocracy. By the late thirteenth century, however, the material and social bases of hyangni power had been badly eroded throughout much of the country because of the devastation of foreign invasions and penetration of the countryside by the economic interests of central aristocrat descent groups. Thus even though the dynasty’s institutions still guaranteed a place for hyangni among the ruling elite, the practical basis of hyangni power and prestige was gone and hyangni as a whole no longer constituted a viable, internally coherent social group to which kings could turn as a counterbalance to the central yangban.
John Duncan	Origins of the Choson Dynasty - Intro Conclusion 	Given the debility of the Koryŏ kingship and the power of the yangban, many of whom had extensive estates in the countryside, one wonders why some of the late Koryŏ yangban did not use their rural bases to form breakaway regimes. Certainly some who were alienated by the kings’ policy of entrusting power in foreign retainers and servile palace retainers and who found themselves disadvantaged by the power of those few yangban descent groups who enjoyed the special favor of the Mongols would have had sufficient motivation to do so. One could argue that any such development was forestalled by the presence of the Mongols in the late thirteenth and early fourteenth centuries, but that does not explain the absence of any breakaway movements in the second half of the fourteenth century. One could also argue that the relatively small size and compactness of the kingdom mitigated breakaway movements, but those factors did not prevent the rise of regional regimes in the late Silla period. It seems to me that there were two factors at work here. One was the way in which yangban had come to identify themselves with service in the central bureaucracy. Another, perhaps more basic, factor was the nature of the late Koryŏ yangban nongjang estate. Although a few nongjang were reportedly so large as to encompass entire counties, the vast majority were composed of a number of parcels widely scattered in various locales. The diffuse nature of yangban landholdings made them unsuitable as bases for regional insurrections. As a consequence, the focus of competition for power remained at the capital.
John Duncan	Origins of the Choson Dynasty - Intro Conclusion 	Struggle for power at the center in the late thirteenth and fourteenth centuries revolved around three major issues. One was the question of access to material and human resources. Much of the country’s arable land had been incorporated into nongjang, whose yangban owners were often able to evade taxation, and much of the population had been incorporated into nongjang, either as tenant farmers or slaves. Although kings made periodic attempts to reassert control over resources through special directorates established to determine the status of lands and people, they were not able to reverse the trend of increasing yangban domination of resources. Their failure resulted partly from the tendency for kings, their consorts, and palace favorites to form their own private estates, but a more basic reason was the entrenched power of yangban. This is illustrated by the way in which the special directorates often functioned not to return lands and people to the tax rolls but rather to redistribute them among yangban. An even more pressing problem was the diminishing amount of land designated as general revenue kongjŏn. The late Koryŏ kings routinely attempted to buy the loyalty of the officials by granting them land grants or giving them prebendal rights over lands that had previously been designated kongjŏn. The consequence was a severe shrinkage in tax revenues, made even worse by the raiding of the Wako, which left the state strapped for funds to field military forces and unable even to pay salaries to its officials.
John Duncan	Origins of the Choson Dynasty - Intro Conclusion 	A second issue was the question of control over the political process. Hampered by a lack of prestige and limited access to resources and facing a bureaucracy dominated by yangban, the late Koryŏ kings and their Mongol consorts sought to enhance the royal prerogative by bringing personnel agencies and the organs of political struggle into the palace and staffing them with such non-yangban elements as foreign retainers, eunuchs, and slaves. This became a major source of friction between kings and yangban, who made repeated unsuccessful attempts to restore political authority in institutions of the regular bureaucracy. Yangban reform efforts focused on abolition of the palace-based Personnel Authority and reversion of control over recruitment and promotion to the Board of Personnel, abolition of the palace chaech’u and restoration of policy-making powers to the Todang, and elimination of eunuch and palace chaech’u interference in communication between the throne and the bureaucracy and reestablishing regular channels of communication through the document transmission officials of the Security Council. After the decline of Mongol hegemony in the mid-fourteenth century, King Kongmin, in league with reform-minded yangban such as Yi Che-hyŏn, attempted to revitalize the dynasty’s political system, but the institutional base and prestige of the kingship was already so weakened that Kongmin and his successors found themselves dominated by powerful yangban cliques such as the Namyang Hong royal in-laws and the Yi In-im faction. Kongmin and his immediate successor U sought to counterbalance the yangban by investing power in such non-yangban elements as the slave monk Sin Ton and eunuchs, but they met with no lasting success and the final decades of the dynasty were marked by fierce power struggles among various groups of yangban.
John Duncan	Origins of the Choson Dynasty - Intro Conclusion 	The third issue was the question of eligibility to hold office in the central bureaucracy. Because of the way in which the yangban had come to identify themselves in terms of traditions of service in the bureaucracy, the problem of qualification for office holding had become, in effect, one of membership in the kingdom’s ruling class. The kings’ use of eunuchs, slaves, and other non-yangban elements was one factor in shaping this issue, but the biggest problem was presented by hyangni, whose basic hereditary qualification to hold offices in the central bureaucracy was guaranteed by the dynasty’s institutional structure. The arrival in the capital of large numbers of uprooted hyangni in the late Koryŏ period swelled the central official class and threatened to undermine the position of the yangban at the apex of the social order. Late Koryŏ efforts to deal with this problem revolved around attempts to force hyangni to return to the countryside and to limit the number of hyangni who could sit for government service examinations. These efforts were stymied by deep-rooted tradition and the recruitment of large numbers of hyangni, whom the kings rewarded with supernumerary offices, to fill the ranks of forces fielded to fend off the Wako. As a consequence, the hyangni problem continued to fester.
John Duncan	Origins of the Choson Dynasty - Intro Conclusion 	The basic underlying cause of the inability of the late Koryŏ to deal effectively with these institutional problems lay in the weakness of the kingship. The late Koryŏ kings suffered not only from a lack of access to significant amounts of resources, but the royal family had also lost much of its prestige during the military and Mongol periods. In the absence of effective leadership from the throne, the withdrawal of Mongol influence left the field wide open for struggle among yangban groups. A secondary factor was the commitment of reform-minded late-Koryŏ yangban to restoration and maintenance of the Koryŏ system of governance, which featured their own broad participation at the very highest level at the center and semiautonomous hyangni administration in the countryside. Illustrative of this restorationist mentality were repeated attempts to revitalize the Todang and to reinstate hyangni as the linchpins of local society.
John Duncan	Origins of the Choson Dynasty - Intro Conclusion 	Given a nearly 500-year history of loyalty to the Koryŏ royal family and the basic restorationist outlook of the late Koryŏ reformers, one wonders why yangban abandoned the dynasty at the end of the fourteenth century. We cannot discount the diminished stature of the Koryŏ royal family, which had lost much prestige and authority during the military and Mongol eras, nor can we ignore the incompetence and lack of interest in the daily affairs of governance displayed by such kings as Kongmin and U. Also, it seems almost certain that the late Koryŏ kings’ reliance on foreigner retainers, slaves, and eunuchs—which not only limited yangban access to power, but also threatened to undermine the status system—must have alienated many yangban. Combined, these factors may have created a mind set that made it possible for yangban to consider turning against their kings.
John Duncan	Origins of the Choson Dynasty - Intro Conclusion 	It seems to me, however, that a more basic reason was the nature of the Koryŏ polity itself. Although early Koryŏ rulers pursued a policy of centralization that brought the yangban class into being, at the same time they made a number of compromises with the locally particularistic indigenous social order that guaranteed a position for hyangni as members of the ruling class. In effect, the constitutional foundation of the Koryŏ state was a hyangni-based territorial status system that determined who could hold office in the dynastic bureaucracy and how high they could rise. By the end of the thirteenth century, however, the central-official descent groups developed a sense of themselves as constituting a separate social entity, as seen in their use of such terms as sadaebu, sajok, and yangban to distinguish themselves from other social groups. Although the immediate motive for yangban use of this terminology was to set themselves apart from the eunuchs and slaves used by the kings to counter yangban power, the emphasis on ancestral traditions of service in the dynastic bureaucracy also implied a divergence between central yangban interests and the interests of hyangni local elites. This meant that there was a fundamental contradiction between interests of the central yangban bureaucrat aristocrats and the institutional structure of the Koryŏ state.
John Duncan	Origins of the Choson Dynasty - Intro Conclusion 	By the late fourteenth century, reform-minded yangban had come to realize that as members of a class whose power and prestige derived from its status as officials of the dynastic bureaucracy, they were dependent on a strong and effective central regime. This awareness was conditioned by a number of factors, including the inability of the dynasty to defend the country against foreign aggressors or to provide for the well-being of its officials, either in terms of protecting them against competition from other groups or even of providing them with basic material sustenance in the form of salaries. Yangban attitudes were also informed by a revitalized Confucian learning, which drew in part from new Chu Hsiist ideas introduced from Yüan China stressing the importance of the moral leadership of the king and his ministers and in part from an older Koryŏ and Northern Sung Ancient Learning tradition emphasizing the role of an activist central government in transforming society. By the late fourteenth century yangban had begun to think in terms of a basic overhaul of Korea’s social and political institutions.
John Duncan	Origins of the Choson Dynasty - Intro Conclusion 	The reformers, however, were dismayed by the ineptitude of the kings and could see no hope for strong leadership from the throne. Furthermore, they had been alienated by the kings’ policy of investing power in slaves and eunuchs. As a consequence, they were open to the possibility of switching allegiance to a new leader who had the power and prestige to effect fundamental changes. Such a candidate was available in Yi Sŏng-gye, who controlled a powerful military force organized around allies from his northeastern homeland and who had gained stature from his successful campaigns against the Red Turbans and Wako.
John Duncan	Origins of the Choson Dynasty - Intro Conclusion 	Yi Sŏng-gye’s ability to win the support of the yangban reformers was due to more that just his personal power and prestige. His father, Yi Cha-ch’un, had played a key role in bringing the northeastern region under Koryŏ control. After Yi Cha-ch’un and Yi Sŏng-gye arrived at the Koryŏ capital in the mid-fourteenth century, they pursued a policy of building close ties with the central aristocracy by marrying their sons and daughters to the children of such important yangban families as the P’yŏngyang Cho and Hwangnyŏ Min. Furthermore, Yi Sŏng-gye’s son Yi Pang-wŏn, who was a central figure in eliminating opposition and engineering Yi Sŏng-gye’s coronation and who eventually became king himself in 1400, was a graduate of the civil service examinations and shared the reformers’ vision of a new order organized on Confucian principles. Thus even though Yi Sŏng-gye was a military leader, he and his family represented something very different from the military officials who had taken control of the dynastic government in the late twelfth century.
John Duncan	Origins of the Choson Dynasty - Intro Conclusion 	Although Yi Sŏng-gye’s ascent to the throne in 1392 has often been dismissed as a mere “palace coup,” the nature and extent of the reforms that accompanied the change of dynasties indicate that it was an important turning point in Korean institutional history. The Rank Land Law of 1391, although not altering the basic pattern of yangban estate ownership, did sharply reduce the amount of land given out as sajŏn prebends and greatly increased the amount designated as general revenue kongjŏn. The Rank Land Law, in conjunction with confiscation of lands and slaves owned by Buddhist temples, gave the state access to a much greater share of the country’s resources. This provided the material basis for the subsequent expansion of state power. While some yangban may have been upset at the loss of their old prebendal privileges, the new law contained provisions that protected the interests of the central yangban class as a whole, as seen in the granting of regular prebends only to officials who resided in the capital.
John Duncan	Origins of the Choson Dynasty - Intro Conclusion 	Reform in central political institutions, which came only after T’aejong had eliminated the last of the private armies and had concentrated all military control under the throne, was made possible by the overwhelming military might of the new royal family. Abolition of the Todang and dispersal of bureaucratic power among several independent agencies represented a substantial enhancement of the throne’s authority and would seem to go against yangban interests. Nonetheless, even though some reformers were concerned about preventing the growth of autocracy, many supported T’aejong’s restructuring of political institutions, realizing that without a redress of the balance of power between the throne and the bureaucracy, it would not be possible to have a central regime strong and effective enough to enhance their own power and prestige.
John Duncan	Origins of the Choson Dynasty - Intro Conclusion 	Perhaps the greatest difference between Koryŏ and Chosŏn institutions can be found in the area of local governance. The reformers replaced the weak and low-ranking Koryŏ governorship with high-ranking governors who exercised a broad range of control over the provinces. At the same time, the reformers began to bring the entire countryside under direct central control, establishing new prefectureships and magistracies and regularizing the old patchwork system of local administration. This was important to the state’s ability to maintain control over land and human resources and was necessitated in part by the disruption of local society and uprooting of hyangni that had occurred in the thirteenth and fourteenth centuries.
John Duncan	Origins of the Choson Dynasty - Intro Conclusion 	At the same time reorganization of the system of local governance signaled the formal demise of the old territorial status system that had protected the interests of the hyangni class. After 1392 all hyangni in the capital, except those few who had passed the government service examination or had extraordinary merit, were forced to return to the countryside. Hyangni were no longer guaranteed access to the government service examinations, nor were they given honorary posts and titles. Before long they descended to the status of hereditary clerks and runners in the service of centrally appointed prefects and magistrates. The yangban had succeeded in eliminating a major source of competition for power.
John Duncan	Origins of the Choson Dynasty - Intro Conclusion 	Yangban efforts to secure their position at the top of the sociopolitical order did not stop with elimination of the hyangni. Reformers enforced provisions preventing descendants of technical officials such as physicians or astronomers—a group that eventually came to be known as “middle people” (chungin)—from taking civil service examinations and limiting them to low-ranking offices in the bureaucracy. Yangban concerns about maintaining class boundaries also found expression in similar prohibitions against sons of secondary wives, women who were often of servile or commoner origins. Hyangni, technical officials, and secondary sons had been able to rise in the Koryŏ bureaucracy; their exclusion represented a definite narrowing of the ruling class. The reformers also succeeded, despite some initial resistance from Yi Sŏng-gye, in removing eunuchs from the center of political power and enforced provisions preventing men of servile, artisan, and merchant backgrounds from sitting for civil service examinations and holding offices in the bureaucracy. As a consequence of these changes, yangban now stood alone at the apex of the Korean sociopolitical order.
John Duncan	Origins of the Choson Dynasty - Intro Conclusion 	In sum, the founding of the Chosŏn dynasty entailed a restructuring of Korean political and social institutions around the interests of the central aristocracy that first resulted from the centralizing reforms of early Koryŏ kings. Although central aristocrats suffered some setbacks during the years of military rule and Mongol overlordship, they dominated the country’s political life throughout the Koryŏ dynasty. Despite the occasional demise of some descent groups and the addition of others, the central aristocracy displayed a remarkable continuity, in both structure and composition, throughout the Koryŏ period and on into the early Chosŏn. The most significant change in the nature of the central aristocracy during these centuries was the development, in the late thirteenth century, of an awareness of itself as constituting a separate class marked by ancestral traditions of service in the central bureaucracy. The absence of significant urban and commercial groups and erosion of the material and social bases of hyangni power in the late Koryŏ meant that there was no other social group with the resources and prestige to challenge the central aristocracy. Although Yi Sŏng-gye and his northeastern cohorts represented a potential new group with substantial power and internal cohesion, they opted to join, rather than replace, the central aristocrats. Indeed, to the extent that Yi and his group needed allies in their quest for power, they had nobody to turn to but the established aristocracy. In order to secure their own position, Yi Sŏng-gye and his immediate successors had no choice but to make concessions to the interests of the great central aristocratic descent groups. Although the new dynasty’s political system provided for substantial enhancement of royal authority, those concessions, which included recognition of hereditary birthrights and landed property privileges, ultimately undermined the ability of the Chosŏn kings to rule the kingdom and set the stage for prolonged conflict between kings and yangban for control of both resources and political power throughout the Chosŏn dynasty.
John Duncan	Origins of the Choson Dynasty - Intro Conclusion 	The hereditary nature and the landed base of yangban power suggests that we should view yangban as constituting an aristocracy. We should note, however, that the great central-official descent groups also had bureaucratic characteristics from early on. Evidence from tombstone inscriptions and other sources indicates that men, regardless of their family backgrounds, had to follow a regular career path of spending 15 to 20 years or more in low- and mid-ranking positions before rising to chaech’u posts at the top of the bureaucracy. Furthermore, despite the prevalence of the protection privilege throughout the Koryŏ period, the meritocratic government service examinations provided not only initial entry to the central bureaucracy for such prominent descent groups as the Kyŏngwŏn Yi, Haeju Ch’oe, and Ich’ŏn Sŏ, but also an important source of prestige for members of the bureaucracy. The significance of the examination system in the Koryŏ is evidenced by the large numbers of men who chose to take examinations after they had already secured posts in the central bureaucracy and by the high proportion of examination graduates among the top-ranking chaech’u officials. The prevalence of these patterns of recruitment and advancement throughout the Koryŏ, in conjunction with evidence for the continuity of central official descent groups, indicates that the origins of the yangban as a class of bureaucratic aristocrats dated not from the founding of the Chosŏn, but rather from the late eleventh and early twelfth-century Koryŏ. Seen within the context of substantial continuity within the ruling class, therefore, the 1392 change of dynasties appears to have been less a revolution than the culmination, after more than four centuries, of the tenth-century effort to create a centralized bureaucratic polity.
John Duncan	Origins of the Choson Dynasty - Intro Conclusion 	INTERPRETIVE AND COMPARATIVE IMPLICATIONSThe findings of this study have implications in a number of areas. One, of course, is our understanding of Korea’s historical heritage. Another is our perception of the character of historical bureaucratic societies. Yet another, more broadly cast and more tentatively advanced, is the way in which scholars explain historical change.
John Duncan	Origins of the Choson Dynasty - Intro Conclusion 	I believe that what I have presented here conclusively rebuts the “stagnation theory,” which has until recently dominated modern explanations of Korean history. We have seen a process of historical change, informed by both external influences and internal dynamics, which by the fifteenth century resulted in a sociopolitical order very different from that of the tenth century. A major feature of this process was the way in which Korean social and political realities conditioned the acceptance of imported political models and cultural values.
John Duncan	Origins of the Choson Dynasty - Intro Conclusion 	In my refutation of the stagnation theory, I share much with mainstream historians in both South and North Korea. But, whereas South Korean advocates of the internal development theory believe the primary motive force of historical change to be the rise to power of new socioeconomic groups, I see historical change in the Koryŏ and early Chosŏn periods as stemming primarily from tension between a drive for centralization, derived in large measure from external models, and a native tradition of local particularism. Thus whereas proponents of the internal theory contend that the Chosŏn dynasty was founded by a “new scholar-official” class of local hyangni origins that rose to displace an old Koryŏ central aristocracy, I argue, based on the high degree of continuity in the ruling class between the Koryŏ and Chosŏn and the nature of the reforms that accompanied the founding of the new dynasty, that the founding of the Chosŏn was the ultimate fruition of early Koryŏ efforts to overcome local particularism and establish a centralized bureaucratic political system. From this perspective, the founding of the Chosŏn does not represent the victory of a class of locally based elites of hyangni origins over a decadent old central aristocracy; on the contrary, it signifies the ultimate triumph of the central bureaucratic aristocracy over the old locally particularistic, hyangni-centered system of the Silla-Koryŏ transition. In this regard, my views come closer to those of North Korean historians, who see the founding of the Chosŏn as a reorganization of the institutions of a centralized feudal system. However, whereas both North and South Korean historians tend to emphasize class conflict as the prime moving force in history, in this work I have placed greater emphasis on questions of institutional stress. In short, I believe that although it is fruitless to try to understand any political system without reference to the social and economic bases of the power of its leading social groups, it is equally fruitless to try to apply a class conflict mode of analysis to a society such as that of Koryŏ and early Chosŏn Korea, where the level of social differentiation was so low as to preclude the rise of social groups that could compete with the landed aristocracy.
John Duncan	Origins of the Choson Dynasty - Intro Conclusion 	Throughout this study I have made frequent reference to Eisenstadt’s work on historical bureaucratic societies. I have found his analysis of the relationship between the degree of differentiation of a society and the extent of the bureaucratization of its political system to be most helpful in formulating my own understanding of the Koryŏ and early Chosŏn polities and in grasping the internal dynamics of Korean society.
John Duncan	Origins of the Choson Dynasty - Intro Conclusion 	My findings indicate that the Koryŏ and early Chosŏn clearly belonged to the class of historical bureaucratic societies that featured a combination of free-floating and embedded resources and of bureaucratic and aristocratic tendencies. Within that class, the Koryŏ and early Chosŏn compare most closely to societies such as Sassanid Persia, where the economy was largely undeveloped, society was poorly differentiated, and bureaucratic administration was not yet fully differentiated and organized in autonomous bodies, with the channels of political struggle largely identical with traditional court offices and higher administrative offices. Furthermore, there seems to have been something of a parallel between the rise of the yangban in Korea and an aristocratized bureaucracy in Persia, where “the rulers first attempted to establish a royal officialdom distinct from the old feudal-aristocratic families. Then the upper echelons of this new class developed quickly into a rather closed Aemteraristokratie, strongly connected with parts of the aristocracy.”
John Duncan	Origins of the Choson Dynasty - Intro Conclusion 	It can be argued that the early Chosŏn represented a more highly differentiated social order than did the early Koryŏ. The enhanced authority of the kingship; the Rank Land Law’s expansion of state access to resources; implementation of a stronger, more centralized system of local administration and the accompanying demise of hyang, so, and pugok as specially designated areas for support of specific governmental functions; and the growing importance of the meritocratic government service examination system all suggest a higher degree of social differentiation. On the other hand, however, the Korean economy remained overwhelmingly agrarian and there was no other socioeconomic group that could challenge the yangban. Significant resources remained under yangban control, as seen in the widespread existence of landed estates and the prevalence of slavery in the fifteenth century. Furthermore, ascriptive principles remained a primary determinant of social status, as seen not only in yangban, but also in chungin and slaves. Thus although the early Chosŏn may have represented a more highly differentiated social order than did the early Koryŏ, even the early Chosŏn remained relatively undifferentiated in comparison with more complex historical bureaucratic societies.
John Duncan	Origins of the Choson Dynasty - Intro Conclusion 	As useful as I have found Eisenstadt for analyzing the Korean sociopolitical order and comparing it with other countries, I would be remiss if I did not point out that Eisenstadt seems to ignore the significance of external elements, in the form of either threats of invasion or ideal models, for the evolution of centralized bureaucratic polities in countries such as Korea that developed in regions adjacent to other bureaucratic empires. The presence of expansionist and potentially hostile regimes in Manchuria appears to have been an important stimulus toward the creation and maintenance of unified rule on the Korean Peninsula. Of equally great importance to the evolution of the Korean sociopolitical order during these centuries was the availability of an external institutional model of a centralized polity in China. The T’ang model of centralized bureaucratic rule, which the tenth-century Koryŏ kings attempted to implement, had to undergo significant modification in Korea, not only because of the importance of ascriptive privilege but also because of the locally particularistic Korean social order. Thus the evolution of the Korean polity, which revolved primarily around the internal issues of royal versus aristocratic power and of central authority versus local autonomy, was nuanced by the complexities involved in importing and indigenizing an essentially foreign political system.
John Duncan	Origins of the Choson Dynasty - Intro Conclusion 	There has long been a tendency among Western scholars to regard Korea either as a miniature replica of China or, more recently, as a local variant of Chinese civilization. To be sure, there is much that is shared between the two, particularly when seen from a modern Western perspective: both were primarily agrarian, rice-growing economies; both implemented centralized bureaucratic political systems; and both followed Confucian intellectual and cultural traditions. These superficial similarities should not, however, be allowed to obscure significant divergences that are important factors in explaining differences among historical bureaucratic societies. By Sung times the Chinese economy had developed an important commercial sector and society had become more highly differentiated, with significant gentry, merchant, and urban social groups. In contrast, the Korean economy remained almost totally agrarian throughout the Koryŏ and early Chosŏn periods and the landed aristocracy remained the only politically important social group. In China the aristocratic great clans of the interregnum and T’ang periods had by the end of the T’ang ceased to exist as a coherent, self-aware social group. In Korea, however, the great yangban bureaucratic aristocrats not only survived the fall of the Koryŏ, but even played the major role in effecting the change of dynasties. Whereas in China Confucianism appears to have contributed to some degree of social mobility and bureaucratization in late imperial times, in Korea, as Martina Deuchler and James Palais have shown, it seems to have upheld the aristocratic tradition. These differences in degree of social differentiation and the persistence of ascriptive privilege do much to explain the rise of autocratic rule in late imperial China in contrast to the perpetuation of a relatively weak kingship in Chosŏn dynasty Korea.
John Duncan	Origins of the Choson Dynasty - Intro Conclusion 	Although I have no desire to engage in an essentializing discourse on the uniqueness of Korean ethnicity and culture, I cannot help but wonder, given the close proximity of Korea and China and the long history of Korean importation of culture from China, why the two countries were not more alike in their basic sociopolitical structures. It has been quite popular in recent years to explain the distinctiveness of Korean culture in terms of a unique underlying shamanic tradition that informed subsequent importation and adaptation of various alien cultures. Although there appears to have been some fusion between shamanic and Buddhist beliefs in Korea, it is difficult to find evidence of shamanic influences on Confucianism. Korean Confucianism did, however, define itself partially in terms of its opposition to shamanic practices. Such Confucian hostility may have reflected the importance of shamanic beliefs and rituals in bolstering, in company with geomantic and Buddhist traditions, the position of strongmen and hyangni in local society. Furthermore, there is no doubt about the persistence of shamanic beliefs and practices among women and commoners throughout the Koryŏ and Chosŏn periods. Nonetheless, it seems a far stretch, pending discovery of new evidence of widespread shamanic beliefs among yangban and significant shamanic influences on Korean political behavior and institutions, to argue that shamanism was responsible for the social and political differences between Korea and China. The issue is made even more problematic by evidence of significant shamanic influences on early Chinese culture.
John Duncan	Origins of the Choson Dynasty - Intro Conclusion 	One can also argue that Korea did not become more fully sinicized because of the great linguistic differences between the two peoples. Even though Korean elites studied and wrote in literary Chinese for nearly two thousand years, the Korean language is a member of the agglutinative, polysyllabic Tungusic family, whereas Chinese is a tonal, largely monosyllabic Sino-Tibetan tongue. Certainly these linguistic differences, plus the extreme difficulty of learning to read thousands of nonphonetic Chinese characters, must have slowed the penetration of Chinese culture into Korean society, especially among nonelite strata.
John Duncan	Origins of the Choson Dynasty - Intro Conclusion 	It seems to me, however, that geographic considerations are as important as any others. Although Korea and the northern Chinese heartland were relatively close to each other, the region of southern Manchuria that separated the two was a formidable barrier, particularly when Manchuria was under the control of hostile barbarian peoples. Also, whereas China came to constitute a wide area with considerable geographic and climatic diversity that could foster regional economic specialization and economic differentiation, Korea was confined to a small peninsula with a limited range of geographic and climatic differences. Furthermore, as James Palais has pointed out, whereas China was a target for invaders who on several occasions seized control and disrupted Chinese society, replacing Chinese elites at the top of the sociopolitical order and providing opportunities for lower strata to rise, Korea (although it, too, was invaded on a number of occasions) was never the final goal of invaders. Instead, invaders were intent on neutralizing Korea so they could focus their energies on China, with the consequence that foreign invasions usually had little long-range effect on Korean social or political organization. Finally, it may be useful to point out that Korea’s location between China and Japan could have enabled the Koreans to dominate seaborne trade in Northeast Asia and thus to develop a more diversified economy, a significant merchant class, and a more highly differentiated social order. This appears to have been precluded, however, by the overthrow of the commoner merchant prince Chang Po-go in the mid-ninth century and the defeat of maritime elements by landed interests in the mid-tenth century. After that time Koreans played only a minor role in Northeast Asian trade.
John Duncan	Origins of the Choson Dynasty - Intro Conclusion 	Finally, I would like to touch on the question of periodization as an explanation of historical change. Advocates of the internal development theory break down the centuries from the Silla-Koryŏ transition through the early Chosŏn into several periods based on their perception of fundamental and sharp changes in the composition and nature of the ruling class. In contrast, I have stressed continuity in institutions and the structure of the ruling class and have portrayed a picture of gradual, evolutionary change. Another recent Western work on premodern Korea, Martina Deuchler’s The Confucian Transformation of Korea, also depicts slow and gradual change spanning several centuries. This approach might appear to some as a new Orientalism in which the old view of the East—as an unchanging traditional order, presented in contrast to a rapidly modernizing West—has been replaced by one of slow change in marginal areas while basic socioeconomic structures remained unchanged over centuries. Both Deuchler and I, however, are talking about fundamental and far-reaching transformations: in Deuchler’s case, from a broadly constituted, horizontally oriented kinship group that included agnates, cognates, and affines to a narrowly defined, vertically-oriented patriarchical system; and in my case, from a decentralized, locally particularistic sociopolitical order to a centralized system organized around the interests of central bureaucratic aristocratic elites. The extent and significance of these changes becomes apparent only when viewed over long periods of time. That does not necessarily mean, however, that a slow process of significant historical change is unique to non-Western societies. Rather, that what we see here is an East Asian corroboration of the principles that Fernand Braudel derived from his study of France and the Mediterranean region: that the historical process is heavily influenced by geographic and, in Korea’s case, geopolitical conditions; that the individual event is of little enduring significance; that some trends can be seen in transitional periods of several decades; but that fundamental historical transformations occur very slowly and are visible only in the longue durée, only over a span of several centuries.
David McCann	Song of the Dragons Flying to Heaven 	SONG OF THE DRAGONS FLYING TO HEAVENBook IVERSE IHaedongs six dragons rise in flight,their every deed heavens gift,the sign the same as the Ancient Worthies.VERSE 2The tree with deep roots does not tremble in winds;its flowers are perfect, its fruit abundant.Waters rising from deep sources do not vanish in drought;forming a river they flow on to the sea.VERSE 3The King of Chou residing at Pin Valleythere began the works of empire.Our ancestor residing in Kyōnghũngthere began the works of the kingdom.VERSE 4When he ventured among the barbariansand the barbarians came to threaten,he moved to Lofty Mountain,and this was part of heavens doing.When he ventured among the Jurchenand the Jurchen came to threaten,he moved to Virtue Source,and this was part of heavens doing.VERSE 5The Late Worthy, the Duke of Chou,told of a mud house by the banks of the rivers.Those were the hardshipsof founding an empire.The mud hut on Chok Islandcan still be seen today.These were the hardshipsof founding a kingdom.VERSE 6The virtue of Shang was waning;one was about to take command of all beneath heaven.The West Rivers banks were like a market,filled with followers.The cycle of Koryo was ending;one was about to rule the country.The shores of the East Sea were like a market,filled with followers.VERSE 7Red bird holding a messageperched on the bedroom door,portent of imperial joyat the august sons revolution.Snake carrying a magpiedraped it on the tree branch,portent of future happinessfor the august grandson.VERSE 8Heaven chose the heir apparent;older brothers intentions were fulfilled,the august sonwas born.Heaven chose the crown prince;the royal decree proclaimed,the august grandsonwas born.VERSE 9He took up the heavenly indictment;the lords gathered from the four directions.His saintly elevation was long established;even the western barbarians gathered before him.Proclaiming justice, he turned the army;people gathered from miles around.His sagaciousness was profound;even the northern barbarians gathered before him.
David McCann	Song of the Dragons Flying to Heaven 	Book 2VERSE IOOne man set loose the evils of the world.The people waited for the emperor.With round baskets holding yellow silkthey looked for him along the wayside.A madman committed boundless cruelties.The people waited for the banner of justice.With simple food in jugs and bowlsthey looked for him along the wayside.VERSE IIWhen the petition of Wu and Ye was successful,many came to him from the entire land,but because his virtue was surpassinghe continued to serve the outcast.When he stopped his army at Wihwa Island,all put their trust and confidence in him,but because his loyalty was surpassinghe enthroned a king restored.VERSE 15Leery of the region south of the Yangtze,he dispatched an envoy,but who could have blockedthe rise of the Seven Dynasties?Leery of the region south of the Kongju River,he admonished his descendants,but were the prophecies of the Nine Transformationsmerely a humans doing?
David McCann	Song of the Dragons Flying to Heaven 	There follow additional verses on the actions and attributes of the dynastys founders, until verse 25 finally reaches the granting of the royal robe to Yi Song-gye.
David McCann	Song of the Dragons Flying to Heaven 	VERSE 25Such was his virtue,the soldiers who started awayreturned, and cloaked himin the royal robe.This was his loyalty,that subjects who had diedand come back to lifecloaked him in the kings robe.
David McCann	Song of the Dragons Flying to Heaven 	Additional verses describe the actions of the first rulers as they struggled to establish the new royal line. Verses 110–124 then present a remarkable series of admonitions to future monarchs. Two examples follow. Verse 125 is the final stanza.
David McCann	Song of the Dragons Flying to Heaven 	VERSE I112Pursuing the work of the king,leading the army formations,many were the days, one after another,when he did not remove his armor.When you stand drapedin the royal dragon robewearing a belt of precious jewels round your waist,do not forget his example.VERSE 116Seeing the body on the road,he gave up sleeping and eating,refusing to look away from his taskseven to see the autumn sky.Heaven will abandonthose who care nothingfor the people in their afflictions,so do not forget his example.VERSE 125One thousand years ago, in Hanyang,the kingdom was established. The royal line may continue,but only by worshipping heaven and serving the peoplewill the kingdom remain strong.Oh King! Remember these things,for if you go south on a hunting trip,can you count on an ancestor to save it?
Sun Joo Kim	Taxes the Local Elite and the Rural Populance in the Chinju Uprising of 1862 	This paper examines the causes and processes of a popular tax-resistance movement by adopting a multidimensional approach that considers dynamic rural power relations, popular responses to social and economic changes, and cultural practices that both united and divided rural communities. Popular rebellions in 1862 reflected not only the social and economic distress that the peasantry experienced in everyday life but also the inability of the dynastic structure to accommodate the social, political, and economic changes that were occurring in the nineteenth century. This work pays close attention to the particular historical and cultural context of 1862 Korea, such as various rural conditions and the work-ings of dynastic institutions at the local level, and discovers that different patterns of popular protest grew out of the competition, division, and conflict that had developed along class, social status, village community, and political lines.
Sun Joo Kim	Taxes the Local Elite and the Rural Populance in the Chinju Uprising of 1862 	IN A TRADITIONAL CONFUCIAN state, to rebel when the ruler does not rule properly is a right endorsed by heaven. In the history of East Asia, including Korea, numerous rebellions have broken out under many different façades, but they have often been ideologically guarded by the Mencian notion of the mandate to rebel. Thus, monarchs and their officials have always been apprehensive of the voice of the people because popular revolts have been viewed as a public manifestation of the existing regimes inability to rule well—and as a sign of dynastic decline—in Confucian historiography. As a result, when more than seventy large- and small-scale popular uprisings broke out one after the other across the Korean peninsula in 1862, the central court of Chosŏn (1392–1910) was caught in great alarm and fear because no such widespread revolts had taken place in the more than 450 years since the dynasty had been founded. This study investigates the causes and processes of the popular tax-resistance movement in Chinju—the second and most influential of these uprisings, and the one that triggered subsequent waves of popular revolt on the Korean peninsula in 1862.
Sun Joo Kim	Taxes the Local Elite and the Rural Populance in the Chinju Uprising of 1862 	The popular protest in Chinju began as a tax-resistance movement, but it did not remain a simple tax riot as it unfolded. Complex social and economic relations that had been developing in rural Korea produced the diverse and dynamic aspects of the popular collective actions. Thus, this study takes a multidimensional approach rather than employing any one tool, such as class struggle theory, to examine the nature of popular struggles. It also highlights particular historical conditions of Chosŏn Korea—a highly status-oriented society in which ones social and economic station was determined largely by ones social status—and focuses on how these played out in the course of the popular contention. Despite progressive reforms implemented in the late Chosŏn to transfer the tax base from people of low status to people who owned land, the taxation system remained closely entwined with social status stratification. Therefore, a careful investigation of the social structure and local power relations is indispensable to understanding the character of the popular movement.
Sun Joo Kim	Taxes the Local Elite and the Rural Populance in the Chinju Uprising of 1862 	The Chosŏn economy was intimately tied to the taxation system, and vice versa. The problems arising from taxation were largely attributable to the expansion of commerce and the introduction of a monetized economy in the late Chosŏn period. An examination of how the monetary economy penetrated the rural economy and taxation system, and how local administrators and taxpayers responded to such unforeseen changes, may explain the behaviors of various rural groups as reflected in the popular resistance movement. In a traditional agrarian society, any type of tax-resistance movement can be viewed as an economic struggle over limited agrarian resources. This article analyzes how changing social and economic forces upset the carefully maintained balance among three actors—the Chosŏn state (including local administrators and clerks), the local Chinju elite, and the cultivators—all of whom were faced with problems and at the same time tried to take advantage of the opportunities created by the monetary economy. Such analysis will disclose both the acute plight in local society (besides the corrupt nature of administration) and the directions and consequences of social and economic changes in the late Chosŏn period.
Sun Joo Kim	Taxes the Local Elite and the Rural Populance in the Chinju Uprising of 1862 	CHINJU: HUMAN GEOGRAPHYChinju is located in the southwestern part of Kyŏngsang Province, a province in the southeast of the Korean peninsula that was divided into two administrative enclaves: one west of the Naktong River (u-do) and one east of the river (chwa-do). Residents of the province had developed a kind of cultural unity and pride, as the area had become a “storehouse of talented scholars” (injae pugo) (Yi Chunghwan 1751, 15; Yi Sugŏn 1995, 1–21). Chinju was administratively governed by a senior third-rank official, Moksa, and it was also the seat of the Military Commanders Office of Right Kyŏngsang Province (U-byŏngyŏng), where a junior second-rank military official, Pyŏngsa, resided and oversaw military affairs west of the Naktong River. In 1789 it was the third-largest district in the province in terms of population, with almost 70,000 people living in seventy-one subdistricts (Hogu ch’ongsu). In the early nineteenth century, land under cultivation, both wet and dry field together, amounted to 15,761 kyŏl (Chinju ŭpchi, 159). It had long been known that the land in Chinju was very fertile (Yi Chunghwan 1751, 19) (see Figures 2 and 3).
Sun Joo Kim	Taxes the Local Elite and the Rural Populance in the Chinju Uprising of 1862 	Two studies of land and tax registers from Chinju reveal the nature of class differentiation in land relations. The first study analyzes land registers from the subdistrict of Kŭmtongŏ-ri (Kim Kŏnt’ae 2001) (see Figure 1 for the location of subdistricts and other places in Chinju mentioned in this study). These registers, which reflect the land survey of 1720, show that the yangban elite there not only owned more land than other groups but also owned more of the fertile land. In Kŭmtongŏ-ri, 50 percent of all land belonged to the yangban, who accounted for 19 percent of the registered population. Because yangban households tended to have land in more than one administrative unit and also registered their land in the names of their slaves during this period, the portion of land truly owned by the yangban must have been higher than that recorded in the registers. The fact that the average amount of land owned by a yangban was 4.5 acres, whereas that of a slave was 0.7 acre, indicates that large landowners tended to be yangban elite. Nonetheless, many yangban also became poor because the increase in yangban population and their inheritance practices resulted in the fragmentation of landed property and pauperization of yangban (Peterson 1996, 207–8). Indeed, more than a half of the yangban population was poor, owning an average of less than 1.6 acres.
Sun Joo Kim	Taxes the Local Elite and the Rural Populance in the Chinju Uprising of 1862 	The differentiation in landownership is extreme: Just 7.6 percent of all landowners who possessed more than 1 kyŏl of land occupied 56 percent of the total registered land. Most prominent of all were four yangban from a single Ha descent group. These four men owned 23 percent of the total land at the time; their official careers seem to have helped them accumulate such vast acreage. The high concentration of land in the hands of a few yangban families would not persist as time passed, however, because of the division of land by inheritance, the setting aside of substantial portions as lineage ritual land, and the lack of opportunity to accumulate more land without subsequent family heirs having official careers. In fact, the primogeniture descendant of the largest landowner in Kŭmtongŏ-ri in 1720, who had once owned more than 53.6 acres, reported in 1916 that he owned just 11.7 acres, while another 14.1 acres belonged to his lineage association (Kim Kŏnt’ae 2001).
Sun Joo Kim	Taxes the Local Elite and the Rural Populance in the Chinju Uprising of 1862 	The second study of tax registers around 1845 from Kasŏ-ri and Chonghwa-ri, located in the southwestern part of Chinju District, discloses a similar trend in land cultivation. In Chŏnghwa-ri, those rich cultivators (punong) who worked on more than 1 kyŏl made up 3.0 percent of the total population. The amount of land under their care was 25.2 percent of the total land. The poor ones (pinnong) who cultivated less than 0.25 kyŏl accounted for 75.1 percent of the population and 26 percent of the total land. More strikingly, 53 percent of the population cultivated less than 0.1 kyŏl per person and 8.6 percent of the total land. The situation in Kasŏ-ri was not much different (Yi Yŏnghun 1980). This particular study does not provide the social status of cultivators, but the two studies together indicate (1) extreme class differentiation; (2) concentration of a large amount of land in a few hands, most likely yangban ones; (3) drastic fragmentation of land; and (4) pauperization of the rural population of all status groups, including yangban.
Sun Joo Kim	Taxes the Local Elite and the Rural Populance in the Chinju Uprising of 1862 	In addition to a high degree of class polarization, social stratification along distinct status lines divided Chinju society in the mid-nineteenth century. Chinju was known as the home of a number of renowned scholars and officials, Cho Sik (1501–72) in particular, and their disciples and descendants (Chinju ŭpchi, 171–76; Imsullok, 6, 22; CCCT, 179). Yet the yangban elite of Chinju—and, in fact, of all of Kyŏngsang Province—had been marginalized from central politics because of factional politics in the center and because of the concentration of power and authority in the hands of a few privileged yangban descent groups in the capital (Ch’a 1997). The yangban elite in the countryside had established strict rules and regulations through various Confucian institutions to maintain their domination over other status groups. For example, to preserve their privileged status, Chinju yangban continued to compile the roster of yangban in the district until the nineteenth century (Yi Haejun 1985). A study of the records that list the numbers of three different types of households that made material contributions for the repair of the local school (hyanggyo) in 1832 shows that there was a very strict division between the wŏnyu and the pyŏlyu in Chinju society. The term wŏnyu seems to indicate the bona fide yangban who had established their residence and privileged status in Chinju from the early Chosŏn period, whereas pyŏlyu seems to refer to less privileged yangban who had either moved to the area sometime after the seventeenth century or upgraded their status from non-yangban (such as the sons of yangban by concubines). Out of 18,601 households recorded in the document, the wŏnyu numbered 2,131 (11.5 percent of the total households) and the pyŏlyu 2,287 (12.3 percent). Comparing residential data provided in this document with those in the Gazetteer of Chinju (Chinyangji) compiled in 1633, the study also finds that most wŏnyu seem to have continued to live in their original residences, whereas some wŏnyu and most pyŏlyu had expanded into parts of Chinju where there had been no yangban when the 1633 gazetteer was compiled (Yi Haejun 1985).
Sun Joo Kim	Taxes the Local Elite and the Rural Populance in the Chinju Uprising of 1862 	From these findings, it seems clear that relatively few established yangban still held a strong grip on power, privilege, and wealth in the countryside of Chinju on the eve of the 1862 popular uprising, while the impoverished and less privileged yangban formed another layer of elite, living together with commoners and slaves of various economic backgrounds. Economic disparities must have existed between the large landowning class and the poor cultivators, but various rural institutions led by the rural elite—such as village compacts (tongyak), kye-type financial cooperatives, labor-sharing arrangements, and lineage associations (munjung) that controlled lineage assets and rituals—played an important role in redistributing resources. In particular, the rural elite not only directly oversaw all the activities of the cultivators but also maintained close ties with them because they, unlike Japanese and some Chinese absentee landlords, did live in the countryside with other economically less fortunate residents. A moral economy that guaranteed minimal subsistence through shared moral values and communal institutions may also have mitigated the escalation of class tension. Rural populations of various economic resources and social backgrounds in villages were intricately connected to one another and heavily interdependent in managing their livelihoods; thus, their political behaviors were also affected by these lines of networks rather than by class interests alone.
Sun Joo Kim	Taxes the Local Elite and the Rural Populance in the Chinju Uprising of 1862 	TAXESThe problem that caused the most discord between the district government and the people in Chinju in 1862 was the governments effort to make up for the lost principal of the grain loan reserve by levying arbitrary taxation on land. The original purpose of establishing the grain loan system (hwan’gok) at the beginning of the Chosŏn dynasty had been to provide relief to people at the time of the spring grain shortage. In the beginning, grain loans were distributed to the people interest free; later, in order to make up for incidental losses in handling and storage, a 2 percent interest rate was charged on these loans. Because relief and other reserves could not be replenished by such means, interest rates were raised after the mid-fifteenth century; they were set at 10 percent by the end of fifteenth century, even though it was already clear that the people were incapable of repaying the principal, let alone the interest. Additional changes took place when the government began to use interest as part of state revenues by requiring that one-tenth of the interest to be sent to the Ministry of Taxation as a recording fee. Other government agencies then began to use grain loans to meet their expenses, and this practice expanded over time. By the eighteenth century, almost every government office, whether in the provinces or in the capital, was loaning out its grain reserves with interest in order to raise funds.
Sun Joo Kim	Taxes the Local Elite and the Rural Populance in the Chinju Uprising of 1862 	When the whole grain loan system was transformed into a kind of taxation—and local administrators were put in charge of managing the loans without strict regulations to follow or close supervision over the system—numerous problems emerged. First of all, given the high rate of default on debts, the only way to meet revenue and reserve requirements was to manipulate the grain stocks, falsify the granary ledgers, and extort grain from borrowers. The arbitrary and forced distribution of loans to people who did not need them (in order to obtain interest payments) became widespread. Magistrates often targeted rich households to ensure the collection of revenue. At times, wealthy households were forced to receive a share of grain, often on paper only, and to pay the interest (hŏrok). Even though this transfer of financial burden to the wealthy can be seen as a move toward a more egalitarian distribution of wealth—and as a progressive taxing structure that broke the traditional attachment of social status to the taxing mechanism—the arbitrary collection of interest from wealthy but powerless households in the countryside became a critical element in their resentment against the district government and, subsequently, against the state itself, which did not heed their complaints.
Sun Joo Kim	Taxes the Local Elite and the Rural Populance in the Chinju Uprising of 1862 	In addition, local administrators took advantage of territorial price variations to profit by shifting grain reserves from areas of glut to areas of shortage (imu). They sold off the grain at high prices and restocked it at low prices, appropriating the difference. The manipulation of measures at the time of distribution and repayment was also a widespread method that administrators used to make a profit. Last but not least, they cashed in on loan transactions by controlling cash-grain conversion rates. Tax administrators used these methods not solely to line their own pockets but also as a viable way of maintaining the grain reserves, which would otherwise have decreased over time because of the basic penury of the rural population. The problem was that the market did not always work in their favor. In other words, territorial price variations and cash-grain conversion rates could be adversely affected by price fluctuations following both good harvests and bad ones. The final result of the borrowers inability to repay their debts (minpo), incidental losses attributable to mismanagement of funds, and official and unofficial embezzlement by clerks (ipo) and magistrates was the substantial loss of principal. To make up for the loss of grain loans evidently caused by embezzlement, local administrators added surtaxes on land and households. This arbitrary and sudden tax increase was one of the direct causes of the popular riots in 1862.
Sun Joo Kim	Taxes the Local Elite and the Rural Populance in the Chinju Uprising of 1862 	The violent explosion of popular resentment occurred only after protracted efforts to rectify the wrongs in the tax system by following the legal prescriptions for doing so. The people of Chinju lodged their complaints about the problems related to grain loans as early as 1849, when Pak Suik and others appealed directly to the king by blocking his procession and striking a gong to attract royal attention (kyŏkchaeng). They protested that people could not bear the added burden caused by dramatic increases in the grain loan reserves from 50,000 sŏm to 150,000 sŏm over the previous ten years (Ilsŏngnok, 1849/11/19; Song Ch’ansŏp 2003, 17). Apparently, additional charges had been collected from the land (kyŏlching or kyŏllyŏm) since 1855 in order to make up for the loss of grain reserves. Two yang of cash per kyŏl were levied every once in a while, which amounted to more than 180,000 yang between 1855 and 1859. This tax was suspended in 1859 when a group from Chinju traveled to Hansŏng (Seoul), the capital, and appealed to the Border Defense Command (Pibyŏnsa) for its abolition (Ilsŏngnok, 1859/6/19; Song Ch’ansŏp 2003, 17–18). In 1861, the magistrate Sin Ok tried to levy 2 yang, 5 chŏn per kyŏl to refill the loss of grain reserves, but he had to yield because the people again prepared to appeal to the Border Defense Command (CCCT, 179–80; Yi Myŏngyun 1862, 22-30).
Sun Joo Kim	Taxes the Local Elite and the Rural Populance in the Chinju Uprising of 1862 	Upon taking office as magistrate in 1861, Hong Pyŏngwŏn examined the financial condition of Chinju District and found that 28,649 sŏm out of 47,386 sŏm from the grain loan reserves had disappeared and that there was no way to refill them (Pibyŏnsa tŭngnok, 1861/11/26; 1862 nyŏn nongmin hangjaeng, 133). According to the investigation launched by Special Commissioner (Anhaeksa) Pak Kyusu (1807–77) after the rebellion, out of total grain reserves in excess of 50,000 sŏm, more than 40,000 sŏm had been lost, mostly because of embezzlement and mismanagement of funds by previous magistrates, local clerks (hyangni or ajŏn), and capital liaison clerks (kyŏngjŏri) over the years (Imsullok, 9–10). The capital and provincial liaison masters (kyŏngjuin and yŏngjuin) made choch’ae, a kind of public loan, to local clerks, boatmen, and others at relatively high interest rates by using as principal the tax revenues under their care. Problems arose when the debtors were unable to repay what they had borrowed from the liaison masters. For example, Yang Chaesu, an earlier capital liaison master, had loaned out money to boatmen in charge of transporting tax grain to the capital so that they could meet their expenses for the job. When the debtors could not repay the loan, Yang appropriated a public fund of 24,000 yang, from which he personally took 14,000 yang as payment of the loans that he could not collect from the borrowers. The remaining 10,000 yang were loaned out to other people with interest for thirteen years, which would have ultimately made up for the loss in the total. Other earlier capital liaison masters copied Yangs practice and collected unpaid personal loans from public funds, listing borrowers names on the grain loan roster as though they were loaning them funds from the grain reserves. These debtors had no way of paying back these amounts, which were ultimately transferred to the ordinary people as surcharges on land (Imsullok, 10).
Sun Joo Kim	Taxes the Local Elite and the Rural Populance in the Chinju Uprising of 1862 	Chŏng Yagyong (1762–1836), a late Chosŏn scholar, criticized the harm done by local clerks, noting that the people rely on land for their livelihood, whereas local clerks regard the people as their land” (1818, 2:291). It is true that local administrators were corrupt and that they became the primary targets of the popular riots of 1862. Yet the institutional and structural arrangements that were conducive to their corrupt behavior must also be considered. First of all, local clerks were the ones who provided basic services and expertise to the magistrate, who was usually a stranger to local conditions. Because they were not officially compensated, however, they had to rely on fees and surcharges in return for their services. They were able to do this because the tax structure was very elastic, so that tax items could be created under various pretexts. In addition, because each item was levied on different taxable sources, such as land and households, the complete tax administrative structure was very confusing and complicated. As a corollary, local administrators could easily manipulate the distribution and collection of taxes; people paid taxes without knowing why they had to pay such an amount (Chŏng Yagyong 1817, 7: 7b-8a). In a word, random taxation was institutionally guaranteed, and almost all strata of the rural population suffered official corruption derived from structural defects in the local government.
Sun Joo Kim	Taxes the Local Elite and the Rural Populance in the Chinju Uprising of 1862 	The pressure on the magistrates, who were responsible for the sound maintenance of local finances, was great. In 1862, Chinju magistrate Hong Pyŏngwŏn called for meetings of local yangban and instructors (Hunjang) from each subdistrict to obtain their cooperation in imposing the consolidated land tax (togyŏl), for it was the most convenient and secure means of replenishing reserves for local administrators at the time. Hong set the rate (kyŏlka) drastically high, at 6 yang, 5 chŏn (CCCT, 180). There must have been certain divisions of opinion among members of the local elite. For example, former fifth counselor at the Office of the Special Counselors (Hongmungwan Kyori) Yi Myŏngyun (1804–63), a member of the Chŏnju Yi descent group, did not approve the decision and led the early protest movements in Chinju. To make matters worse, Hong Pyŏngwŏns decision was soon followed by that of Military Commander Paek Naksin, who coerced the local elite (tumin) into approving an extra levy on households (tonghwan) to make up for the lost funds. The Military Commanders Office of Right Kyŏngsang Province, which had its own grain reserve quota and earned revenue by loaning out its reserves, had lost almost 24,154 sŏm over the years from its total quota of 39,218 sŏm, attributable primarily to embezzlement by clerks (Imsullok, 8, 12; CCCT, 189–90).
Sun Joo Kim	Taxes the Local Elite and the Rural Populance in the Chinju Uprising of 1862 	The consolidated land tax began to be used in some local districts in the early nineteenth century and soon spread to most other districts in the southern provinces. With the adoption of the consolidated land tax, not only were all taxes (including a portion of the military tax and grain loan interest) fused into a single land levy, but also they were collected in cash under the direct supervision of the magistrate. Prior to this, tax collection had been the responsibility of a head household (hosu), which was the representative of a certain number of households whose total land possessions amounted to 8 kyŏl. The new method of direct tax collection sought to avoid the services of intermediaries, such as hosu and other quasi-administrative officials at the subdistrict levels (myŏnim and iim), for the collection and transportation of taxes. At the outset, people regarded direct tax collection as a good system because the fees and surcharges saved in the process of collecting and delivering taxes to the designated central or provincial offices were used to make up for shortages in other taxation, such as the military tax and miscellaneous local government expenses. This new direct taxation thus could have alleviated previous inequities stemming from exemption privileges for the yangban and the rich, in that the tax obligation was, in principle, to be spread evenly over all households on the basis of land ownership, irrespective of social status.
Sun Joo Kim	Taxes the Local Elite and the Rural Populance in the Chinju Uprising of 1862 	The consolidated land tax was a spontaneous response to the changing social and economic situation at the local level. First of all, it reflected the widespread use of currency by the nineteenth century. Overcoming popular distrust of the use of cash in the first half of the seventeenth century, which was a result of the rural economy remaining at the level of subsistence, cash had become a permanent feature of the Chosŏn economy ever since minting had been resumed in 1681 (Palais 1996, 853–76). Despite government conservatism in the use of cash, cash policy could not be rolled back (it also could not be rolled forward to adopt paper money or multiple-denomination cash) because of the gradual expansion of commercial economy since the seventeenth century. Along with the development of commercial activities, the government requirement that taxes be paid in cash became a primary motivation for people to use cash in the early stages of the cash economy. The percentage of cash in government revenues grew gradually, to the extent that in 1820, 52.8 percent of taxes were collected in cash, 29.2 percent in rice, and 14.1 percent in cotton and cotton cloth (Palais 1996, 998).
Sun Joo Kim	Taxes the Local Elite and the Rural Populance in the Chinju Uprising of 1862 	The new tax system was intended to lighten the tax burdens born by the rural populace, to spread them more equally, and to strengthen the local financial situation. However, problems in the management of the consolidated land tax not only created more critical damage to the rural economy but also aggravated the financial shortages of the local government because the system was operated on ad hoc basis without clear regulations set by the central government and thus left loopholes for manipulations. Rather than serving its intended purpose of providing relief to the people, the surplus earned by the manipulation of regional and temporal price differences and conversion rates came to be absorbed by local administrators. These administrators arbitrarily misappropriated this convenient taxing system on land and increased tax rates just to aggrandize private interests or to make up for losses created in other public funds, such as the grain loan system (which, as previously mentioned, was in arrears because of precisely such embezzlement and the borrowers inability to repay loans). The problems created in the operation of the consolidated land tax clearly reflected the general decay of the local tax administration and were most fiercely resented by the rebels in 1862.
Sun Joo Kim	Taxes the Local Elite and the Rural Populance in the Chinju Uprising of 1862 	The causes of the popular uprising in Chinju were not just economic but political as well. When local clerks reaped profits by taking advantage of public loans and the market economy—transferring the losses caused by their unsuccessful commercial endeavors to taxpayers—the rural population, especially the rural elite, was enraged. Yet the source of their anger was not only the clerks unfair economic extraction but also the delicate shift in power relations that it implied. Clerks traditionally occupied intermediate ranks, at best, in the local administration. When they encroached on the carefully managed economic resources under the control of the rural elite, this redrew the lines of authority over local affairs. Moreover, the magistrate did nothing to prevent the power shift from taking place; on the contrary, he endorsed the situation. When the locus of power tipped toward the traditionally demeaned status group of local clerks—and toward the magistrate, who was an outsider—the local elite could not just stand by and watch.
Sun Joo Kim	Taxes the Local Elite and the Rural Populance in the Chinju Uprising of 1862 	LEGAL APPROACHES
Sun Joo Kim	Taxes the Local Elite and the Rural Populance in the Chinju Uprising of 1862 	It is important here to consider who was most disadvantaged when the consolidated land tax was instituted. First it was intermediaries in the tax administration at the village and subdistrict levels, as they lost their jobs and fees. The social status of these quasi-officials is not clear, but they must have been people who had great interests or shares in tax distribution and collection and could exercise significant influence in village affairs. The possibility of commoners holding these positions cannot be excluded, though it is safe to assume that they were under the control of the local yangban, in light of social conditions during the late Chosŏn, when the yangban in general owned a great deal of land and exercised unyielding authority over local affairs.
Sun Joo Kim	Taxes the Local Elite and the Rural Populance in the Chinju Uprising of 1862 	Second, landowners were affected. The yangban landowners particularly disliked the new system because it forced them to assume responsibility for a part of the military tax and grain loan interest from which they previously had been exempted but was now grafted onto ownership of land. As noted earlier, the main purpose of instituting the consolidated land tax was to make up for losses or shortages in taxation in most areas. This explains why some prominent yangban led the rebellions, demanding the abolition of the consolidated land tax or the reduction of the tax rate in a number of uprisings in 1862. Last but not least, the new system affected tenant farmers because landlords eventually transferred part or all of the extra taxation to tenants by increasing their rents.
Sun Joo Kim	Taxes the Local Elite and the Rural Populance in the Chinju Uprising of 1862 	Reflecting the dynamic and complex social and economic conditions in the countryside, various social strata provided leadership for the popular uprisings in 1862. Nonetheless, it was the educated local elite who in many cases provided the initial leadership. Special Commissioner Pak Kyusu specifically indicated that it was the local yangban who were responsible for circulating letters, convening meetings, and provoking uprisings (Imsullok, 5, 23). In Chinju, the activities of Yi Myŏngyun from Ch’ukkok-ri are notable in the earlier stage of lodging complaints with the government. Although Yi denied leading the rebellion, it was understood that he had joined the conspiracy after his appeal to remove his estate from the consolidated land tax roster was rejected by the government (Imsullok, 32–33). Yi was probably furious, not just because he was being economically drained by the new system of taxation but also because his privileged status had been violated.
Sun Joo Kim	Taxes the Local Elite and the Rural Populance in the Chinju Uprising of 1862 	Yis neighbor, Yu Kyech’un, was a poor yangban. He had been involved in submitting complaints and appeals about taxation to the government before 1862 and played the most visible role in the uprising by sending out circulars (t’ongmun), convening meetings, and composing vernacular songs to mobilize firewood-gatherers (ch’ogun). Yu, who reportedly owned no land, probably acted out of solidarity with his fellow yangban and not simply because of economic concerns (Imsullok, 24; Kim Chunhyŏng 2001, 58–59).
Sun Joo Kim	Taxes the Local Elite and the Rural Populance in the Chinju Uprising of 1862 	After the decision was made to institute the consolidated land tax at the local council meeting (hyanghoe) under the direction of magistrate Hong Pyŏngwŏn, Yi Myŏngyun and other yangban in the area met a few times to devise ways to challenge the decision. They gathered at the houses of fellow yangban Pak Suik and a private slave named Kŏmtong during the first lunar month of 1862 (Imsullok, 25, 32). They decided to have a districtwide meeting (tohoe or ŭphoe) at Sugok-ri on the sixth day of the second lunar month, which was a market day there, and sent out circulars to announce the meeting. Around this time, Yu Kyech’un composed a vernacular circular in the form of a song to recruit firewood-gatherers at the request of Yi Kyeyŏl, a second cousin of Yi Myŏngyun and the head of the firewood-gatherers association. At the Sugok meeting, more than three hundred influential personalities in the area discussed their greatest concerns. They agreed to send an appeal to the provincial governor in Taegu (ŭisong) requesting cancellation of the consolidated land tax, and they selected the representatives who would deliver it (CCCT, 180, 179).
Sun Joo Kim	Taxes the Local Elite and the Rural Populance in the Chinju Uprising of 1862 	ERUPTION OF VIOLENCENot everyone at the Sugok meeting supported the legal measure of submitting a written appeal to the provincial government. Yu Kyech’un, Sŏng Kyeju, and other local yangban elite insisted on the more aggressive strategies of sabotaging market day at the district seat, confronting the magistrate face to face, and destroying the houses of those who had supported the decision to institute the consolidated land tax. Although Yu was arrested by the Military Commanders Office immediately after the meeting as the ringleader of the assembly, further discussions on this line of action and recruitment of supporters seem to have taken place. On the fourteenth day of the second lunar month, a market day at Tŏksan-ri, people calling themselves firewood-gatherers” began their violent struggle by causing disturbances at the market and destroying the house of the instructor Yi Yunsŏ because he had joined the local council meeting convened by the magistrate and had supported the consolidated land tax. Tŏksan-ri was about 18 miles from the district seat, in the northwestern corner of Chinju District. From there, protestors swept through the western part of the district along the Tŏkch’ŏn River, rounding up supporters for a few days before arriving close to the district seat on the eighteenth day of the same month (CCCT, 180; Imsullok, 23–24).
Sun Joo Kim	Taxes the Local Elite and the Rural Populance in the Chinju Uprising of 1862 	The Chinju uprising has often been called “a rebellion by firewood-gatherers (chogun chakpyŏn) because firewood-gatherers played the most active role throughout the revolt. They were ordinary cultivators who also gathered firewood in the hills and mountains in the agricultural off-season. Because logs, branches, and dry leaves were the main source of heat and such resources were limited, competition had developed over the right to collect firewood in the countryside. By this time, strict rules by various community organizations, such as lineage associations and village compacts, had been devised to protect the limited resources and to control over competition among different interest groups. Firewood-gatherers had organized along lineage or village lines for the same purposes, most likely under the supervision of local elite. One clear example in relation to the Chinju rebellion is the firewood-gatherers organization headed by the aforementioned Yi Kyeyŏl, a close relative of Yi Myŏngyun and thus a yangban, though reportedly an uneducated one. He probably acted a proxy or liaison between the renowned yangban family headed by Yi Myŏngyun and the tenants and other people who were financially and socially related to the family. Using a vernacular manifesto composed by Yu Kyech’un, Yi Kyeyŏl mobilized the firewood-gatherers and participated in the Sugok meeting, as well as in protests at the district seat (Imsullok, 25, 32).
Sun Joo Kim	Taxes the Local Elite and the Rural Populance in the Chinju Uprising of 1862 	Thus, the participation of firewood-gatherers in the Chinju rebellion does not necessarily represent the explosion of accumulated class consciousness and class struggle against rural overlords. Special Commissioner Pak Kyusu accused the wealthy local elite who were most affected by the consolidated land tax and the extra levy on households of mobilizing ordinary rural residents to launch complaints and to force the magistrate to drop the additional taxes (Imsullok, 24; CCCT, 182). The fact that the mobilization for collective action often relied on local administrative or lineage organizations with the support of influential local elite does seem to support Paks observation. A yangban named Ho Ho, from Ch’ukkok-ri; a village administrator (tongim), Cho Sŏkch’ŏl; a subdistrict administrator (p’unghŏn), Hwang Ŭngsŏ; and a village head (tumin), Kim Chŏngsik, are all examples of local quasi-officials at the bottom of the administrative ladder who provided support in mobilizing people. Ha Ubŏm and Ha Hagun recruited their relatives for the rebellion; Pak Ch’ansun mobilized eight other relatives to join. Two slaves, Maengdol and Kwidae, led thirty other villagers to the rebel band (Imsullok, 26-29).
Sun Joo Kim	Taxes the Local Elite and the Rural Populance in the Chinju Uprising of 1862 	Therefore, it is difficult to believe that the participation of firewood-gatherers in the rebellion reflected class antagonism and nothing but class antagonism, in light of the presence of class differentiation found in the previously discussed analyses of landownership. According to Lucien Bianco (1986) in his study of popular rebellions in China, peasant material interests were invariably localistic, often cutting across class. Robert Marks, who views peasant revolutionary movements in southern China primarily as the product of class struggle, also recognizes that intervillage conflict over access to water and wood had a cross-class character. That is, class factors were marred by economic interests that were shared across village society as a whole (Marks 1984, 62–67).
Sun Joo Kim	Taxes the Local Elite and the Rural Populance in the Chinju Uprising of 1862 	These quasi-officials at the various levels of administrative units below the district level represented the crucial nexus of state-society contact. Although formal administrative, fiscal, military, and judicial powers were concentrated in the hands of the state-appointed magistrate, it was these locally selected dignitaries, whether yangban or commoners, who exercised substantial social and financial control over villagers lives. Crisscrossed with and overlapped by other types of village-level institutions, local affairs were managed by quasi-officials who therefore enjoyed considerable room to manipulate the power and authority delegated to them. Their orientation and motivation played a vital role in mobilizing popular participation in the 1862 rebellions, though their decision was not a unilateral one. In the course of the district governments tightening of local fiscal control (discussed earlier), some administrators saw opportunities to participate in the emerging taxation system on favored terms, whereas others grieved over what they felt was disadvantageous and unjust. It is impossible to know the individual circumstances under which subdistrict-level administrators took—or avoided taking—political action, though the importance of their agency in assuming leadership roles in the popular protest goes without saying.
Sun Joo Kim	Taxes the Local Elite and the Rural Populance in the Chinju Uprising of 1862 	Kinship and communal activities, which provided a sense of solidarity among rural population, were great resources in mobilizing people for collective action. Yangban families in the countryside organized single-surname villages and lineage associations along the basis of bloodlines in an effort to protect financial resources, maintain social prestige, and control local population in the late Chosŏn. In addition to blood ties, villages must have shared some economic interests in maintaining water control, the most important resource for farming. Also, it was typical for a landowner to have small parcels of land in many different villages, which tended to promote cross-village unity. The same could be said of tenants who rented land that was located beyond their own villages. Thus, people of different villages had some contact with one another and shared similar concerns. As seen in Chinju and most other districts, villages often joined the uprisings as a whole. The quota system in the management of taxation, which required collective responsibility in tax payment and had been devised for administrative convenience on the part of the local government, brought about a high degree of cohesiveness among members of the community.
Sun Joo Kim	Taxes the Local Elite and the Rural Populance in the Chinju Uprising of 1862 	These familial and economic ties did not always work in favor of popular collective action. Disputes over water rights could flare up into open conflict between villagers and villages, while tenant farmers competed with one another to obtain tenancy rights as land became scarcer because of overall population growth. Thus, protestors employed a number of techniques to override such conflicting interests, as well as to prevent the free-rider problem in collective action. Some rural residents and villages were coerced into participating in the protest; others who refused to join were forced to make material contributions and were sometimes punished in the form of physical damage to their property (Imsullok, 29, 33). As observed in Japanese popular protests in the eighteenth century, and as argued by Herbert Bix, such coercive recruitment has been a ubiquitous feature of popular revolts throughout the world (Bix 1986, 74).
Sun Joo Kim	Taxes the Local Elite and the Rural Populance in the Chinju Uprising of 1862 	Despite the news that the provincial governor would order the abolition of the extra levy on households and the consolidated land tax, thousands of people, tying their foreheads with white cloths and holding wooden clubs, congregated in Ojukch’ŏn, a few miles away from the Chinju District seat, on the eighteenth day of the second lunar month; others gathered around the district office to protest. Magistrate Hong Pyŏngwŏn was terrified and sent a letter to Yi Myŏngyun to mediate the negotiation. Yi did come to rescue the magistrate and had Hong issue an official document guaranteeing that he would not institute the consolidated land tax, as the protestors demanded. A military officer named Kim Suman and others reportedly insulted and coerced the magistrate into issuing the document (Imsullok, 24; CCCT, 190–91; Chogyŏng kyerok, 5-6).
Sun Joo Kim	Taxes the Local Elite and the Rural Populance in the Chinju Uprising of 1862 	At any rate, the rebels called Yi “our commander” and even suggested erecting a commemorative stele for his merit (Imsullok, 32–33). Yi himself later insisted that he had intervened only because of Hongs request and that the rebels had shown him respect simply because he had not supported the consolidated land tax from the beginning. Yi thus denied his active role as the leader of the rebellion, maintaining that he had been framed by local clerks who hated him for his attitude of noninvolvement in local affairs (Yi Myŏngyun 1862).
Sun Joo Kim	Taxes the Local Elite and the Rural Populance in the Chinju Uprising of 1862 	The protest continued the next day, and this time the immediate targets were Military Commander Paek Naksin and his protégé. Though Hong Pyŏngwŏn had not done anything notably corrupt since becoming magistrate just before the rebellion, Paek was notorious for his corruption. For example, he lined his own pockets by tampering with the cash-grain conversion rate and then issued forced loans to make up for the lost funds. Paek made the people who had turned the Ch’ŏngch’ŏn training ground (which was under the care of the Military Commanders Office) into arable land and cultivated crops there for many years pay taxes suddenly, which apparently provoked resentment on the part of those cultivators. Paek also arbitrarily arrested wealthy people on the false charge of operating illegal mines in order to squeeze bribes from them (Imsullok, 7–9; CCCT, 189–90; Yongho hallok, 3:53–54).
Sun Joo Kim	Taxes the Local Elite and the Rural Populance in the Chinju Uprising of 1862 	To appease the angry protestors, Paek picked Kim Huisun, the clerk who had been accused of embezzling the most public funds, had him beaten to death, and then issued a document that rescinded the extra levy on households. Despite such conciliatory gestures, the protestors seized Paek and insulted him and kept him on the street for the whole night. Meanwhile, the rebels also killed another hated clerk, Kwŏn Ch’unbŏm, and threw Kims and Kwŏns bodies into the fire. Kwŏns son and his cousin, who had tried to save Kwŏn, were also beaten to death (Imsullok, 1, 13).
Sun Joo Kim	Taxes the Local Elite and the Rural Populance in the Chinju Uprising of 1862 	In the morning of the twentieth day of the month, the rebels went back to magistrate Hongs office and took him to where Paek was being held. After questioning and insulting, both Paek and Hong were eventually released. Their lives were saved, but their authority as centrally dispatched officials had been violated and denied by the people of the district. In contrast, rage against the local clerks, the symbols of administrative corruption, could not be restrained. In addition to Kim and the Kwŏns, Kim Yundu, the head clerk at the magistrates office, was caught trying to escape and was killed. Yi Kwijae, a firewood-gatherer, organized other protestors in chasing down and beating Kim Yundu to death (Imsullok, 24; CCCT, 190–91). On top of these attacks, the houses of corrupt clerks and local elite who had supported the consolidated land tax were demolished and burned (Imsullok, 1; Kyŏnam illok, 223).
Sun Joo Kim	Taxes the Local Elite and the Rural Populance in the Chinju Uprising of 1862 	Even in these outbreaks of violence, the victims were selected very carefully: Only those clerks who had been the object of popular resentment because of their history of unfair practices were attacked. Not all the clerks were corrupt. Some may have found it in their own best interests to collude with ordinary people in rent and tax relations, for they, too, experienced hardship in meeting tax quotas and resented the breakdown of the tax administration. In Chinju, Kim Wangmok, Sin Kapsŏn, and Cho Ijŏng, who worked for the district office, joined the rebel group (Imsullok, 29). Six administrative officials at both the magistrates and military commanders offices seemed to support the popular cause, for they were charged for not coming forward to protect their superiors (Imsullok, 35; Chogyŏng kyerok, 5).
Sun Joo Kim	Taxes the Local Elite and the Rural Populance in the Chinju Uprising of 1862 	The protests lasted for a few more days, and their activities included attacking rich and powerful households that had been notorious for their arbitrary exercise of power over villagers. Yi Samhyŏn (1807-?), the pacification commissioner of Right Kyŏngsang Province (Sŏnmusa), noticed during his pacification tour of Kyŏngsang that commoners (somin) insulted and attacked many yangban (taemin) because they had accumulated resentment toward the yangban elite for a long time. Although Yi did not know why the commoners hated the yangban, their anger certainly exploded during the widespread uprisings (Kyŏnam illok, 224, 226, 228). Indeed, the disorder and confusion unleashed by the popular movement liberated people from the constraints of normal life so that they could release their grievances and hatreds through violence. And with the feeling of new power and prestige granted to participants in the movement (no matter how temporary and superficial that feeling was), people were ready to act violently, particularly against their personal enemies. Villagers were extremely unhappy about the forced collection of interest on private loans, the use of private physical punishment, and the denial of access to mountains and hills to gather firewood. These grievances, combined with other problems about tax administration, led them to revolt and to exercise violence (Imsullok, 24).
Sun Joo Kim	Taxes the Local Elite and the Rural Populance in the Chinju Uprising of 1862 	Nonetheless, it seems that the rebels were selective in attacking the yangban or wealthy households rather than simply moved by uncontrolled rage. In Chinju, the houses of three people—the previous district commander, Mr. Chŏng; a lower civil service examination (chinsa) degree holder, Mr. Ch’oe; and a wealthy local yangban, Mr. Sŏng—were identified for burning by the rebels because these people had exploited the labor services of the local populace (Imsullok, 1). Kim Insŏp (1827–1903) of Tansŏng, a prominent yangban who had held the position of fourth censor in the Office of the Censor-General (Saganwŏn Chŏngŏn) but who had led an uprising there around the same time as the one in Chinju, noted that Sŏng from Namsŏng-ri, Ch’oe from Chŏnggang-ri, Cho from Sŏnam-ri, two Yis from Sawŏl-ri, and all others involved in the building of the private academy to honor Kim Sugŭn (1798–1854) of the Andong Kim descent group were attacked as well. They were targeted because they had supported the project to flatter the Andong Kim, the most powerful royal consort lineage at the time, and had forcefully mobilized labor for that cause (Tangye ilgi, 1861/6/17, 1862/2/23).
Sun Joo Kim	Taxes the Local Elite and the Rural Populance in the Chinju Uprising of 1862 	This aggression against a particular group of yangban may have been orchestrated by another group of local elite who opposed and criticized the establishment of a private academy for fraudulent political purposes. This incident, derived from intra-elite division, adds another complexity to the whole nature of the Chinju uprising.
Sun Joo Kim	Taxes the Local Elite and the Rural Populance in the Chinju Uprising of 1862 	GOVERNMENT RESPONSESThe central government often showed a certain degree of compassion toward economically charged local disturbances that tended to die down spontaneously, without the mobilization of the military, when the government had promised to meet popular demands. In a Confucian state, the most important measure in ruling the people was to employ a morally respected man as magistrate. It was thought that when the magistrate was a morally perfect man, his benevolent rule would prevail over his people, and their lives would be harmonious and satisfactory. Consequently, the immoral nature of the magistrate and his misrule were immediately blamed when reports of the popular uprising in Chinju arrived at the central government on the twenty-ninth day of the second lunar month. Therefore, the first thing the government did was to fire the administrators there, namely, the magistrate Hong Pyŏngwŏn, Military Commander Paek Naksin, and Provincial Governor Kim Segyun (Imsullok, 19; Yŏngho hallok, 3:50).
Sun Joo Kim	Taxes the Local Elite and the Rural Populance in the Chinju Uprising of 1862 	In addition, the central government dispatched Pak Kyusu as special commissioner to investigate the local situation and to persuade and console the people. Pak Kyusu left for Chinju on the first day of the third lunar month and arrived there on the eighteenth. Pak was to look into administrative corruption by magistrates and clerks as the primary cause of the rebellion and to punish its leaders (Imsullok, 7).
Sun Joo Kim	Taxes the Local Elite and the Rural Populance in the Chinju Uprising of 1862 	It seems that he was moderate and cautious in his inquiries because he did not want to provoke more disturbances by taking strict measures in punishing the rebels (Imsullok, 22). Pak reported on Military Commander Paek Naksins corruption in the late third lunar month, and Paek was consequently banished to a remote island after inquisition and corporal punishment (Imsullok, 7–9; CCCT, 189–90). When Pacification Commissioner Yi Samhyŏn arrived in Chinju on the seventh day of the fifth lunar month, he urged Pak to wrap up his by then protracted investigation. Pak did so and quickly sent further reports to the central government (Kyŏnam illok, 213).
Sun Joo Kim	Taxes the Local Elite and the Rural Populance in the Chinju Uprising of 1862 	Paks recommendations for punishing the rebels were moderate. He divided them into five groups and recommended capital punishment for three ringleaders—Yu Kyech’un, Yi Kwijae, and Kim Suman—who were subsequently decapitated (Imsullok, 24–31). While Pak was in Chinju, he learned of the popular revolts in other districts and concluded that the primary responsibility for them lay with the educated local elite who had distributed circulars calling for local assemblies, which, in turn, provoked violent conflicts. In Chinju, Pak suspected that Yi Myŏngyun had been the key person. Though he could not find critical evidence to prosecute Yi, he recommended that the central government arrest Yi to further examine his role (Imsullok, 5, 23, 31-34). Yi was found guilty of involvement in the rebellion and was banished to an island. He was pardoned in about a year, but he died there before the news reached him (Imsullok, 36; Tangye ilgi, 1863/5/22).
Sun Joo Kim	Taxes the Local Elite and the Rural Populance in the Chinju Uprising of 1862 	Pak also examined the financial condition of the district and the Military Commanders Office, discovering various problems in the operation of the grain loan system that had been direct causes of the popular uprising in Chinju. In addition to urging temporary measures to relieve tax burdens in Chinju, he advised establishing a special office to review and discuss the general problems of tax administration and to devise solutions, which Pak thought should be tested in one province before being instituted in others (Imsullok, 15–18; CCCT, 177–78). This recommendation was taken after the central government became frustrated with continuous popular uprisings in the southern provinces, despite its efforts to soothe popular grievances, and realized that problems in tax administration were the fundamental cause of the rebellions.
Sun Joo Kim	Taxes the Local Elite and the Rural Populance in the Chinju Uprising of 1862 	In fact, all the changes in tax administration at the local level did not seem to benefit the fiscal condition of the central government, although a group of privileged officials who routinely received bribes and kickbacks from their underlings may have enriched themselves.
Sun Joo Kim	Taxes the Local Elite and the Rural Populance in the Chinju Uprising of 1862 	Thus, the state itself was also a victim of overgrown interest groups that extracted agrarian as well as commercial surpluses from the local tax system. On the twenty-fifth day of the fifth lunar month of 1862, King Ch’ŏlchong (r. 1850–63) ordered the establishment of the Three Administrations Reform Bureau (Samjŏng ijŏngch’ŏng) and informed his subjects that the court was about to launch a great reform (taegyŏngjang) plan. He asked all officials and scholars in the center and in the countryside to present reform ideas on the three tax administrations: land, military, and grain loan (Ijŏngchŏng tŭngnok, 302). After considering these proposals, the government announced reform policies on the nineteenth day of the intercalary eighth lunar month.
Sun Joo Kim	Taxes the Local Elite and the Rural Populance in the Chinju Uprising of 1862 	These reform policies in general were intended to resolve the immediate problems that the people faced. Abolition of the consolidated land tax, prohibition of the illegal creation of new tax items, and strict application of a government-approved cash-grain commutation rate were adopted to rectify the land tax system. In the military tax system, the transfer of tax burdens to neighbors or relatives and illegal levies on children and the elderly were prohibited, following the original stipulations. More fundamental reforms were made in the grain loan system, which was to be abolished and replaced with a cash payment of 2 yang per kyŏl of land. These reforms were not revolutionary, in that they did not eliminate the roots of the problem, such as landlordism and taxation based on status distinctions. If carried out, however, they could have partially remedied those problems, for they would have reduced general tax burdens fell on rural population to a great extent.
Sun Joo Kim	Taxes the Local Elite and the Rural Populance in the Chinju Uprising of 1862 	The ideas behind the reforms demonstrated the states ability to respond to changing social and economic conditions to a certain extent. Yet the policy package was abrogated about two months after the reforms were announced, and the untimely death of King Ch’ŏlchong the following year delayed further discussions on the matter.
Sun Joo Kim	Taxes the Local Elite and the Rural Populance in the Chinju Uprising of 1862 	CONCLUSIONKim Yong (1805–65), a renowned yangban in Tansŏng, a district northwest of Chinju, had been accused of leading a tax riot in his home district in 1862 and was exiled to a remote island. Hearing the news about continuous uprisings in other districts of Kyŏngsang Province, Kim rhetorically wrote from his place of banishment, The people are Heaven. Can Heaven be deceived and overturned?” (Kanjŏng illok, 1863/1/16) This remark seems to endorse the idea of challenging a ruler when he does not behave like an upright one. Kim and his fellow yangban, such as Yi Myŏngyun of Chinju, were found guilty of launching such challenges.
Sun Joo Kim	Taxes the Local Elite and the Rural Populance in the Chinju Uprising of 1862 	Still, the rural elite—such as Kim Yongs son, Kim Insŏp—went farther, for they perceived exploitative magistrates and their subordinate clerks as thieves and enemies who were ruining peoples livelihoods and thus be driven out (Tangye ilgi, 1862/2/4 and 1862/2/15). They saw their own actions as attempts to remove those evil practices and elements from local administrations, and thus they felt no regret about taking matters into their own hands. Indeed, they strongly resented allegations against them by the central court because they were convinced that their demands—whether in the form of peaceful legal measures or aggressive struggles—for the rectification of corrupt tax administration, which had wreaked such havoc on the rural economy, were ideologically justified. Precisely because the popular protests of 1862 progressed within such ideological confines, they never developed into an antistate movement.
Sun Joo Kim	Taxes the Local Elite and the Rural Populance in the Chinju Uprising of 1862 	On the surface, the purpose of the popular movement was to resist arbitrary and abusive taxation, which could not be accepted any longer by rural population. This economic struggle was also a political one, as the rural elite felt, not without reason, that their dominant power and authority in local society had been seriously compromised. Not only had they become the primary prey of the newly devised extra levies, but also their routine control over tax distribution and collection had been denied. In traditional Korea, the state, the social and economic elite, and the general population adjusted to changing social and economic conditions while jockeying for control over the nations limited resources. But the introduction of a monetary economy and the subsequent expansion of commerce and trade produced new economic opportunities that were most effectively tapped by local clerks, who learned how to manipulate monetized market and the tax system long before the state figured out how to put its hands on it. When the damage to the rural economy caused by malfeasance in tax administration became too great to absorb—and the legal means to solve the problem did not show any hope of rectifying the clerks corrupt practices—the people leaned toward violent struggle.
Sun Joo Kim	Taxes the Local Elite and the Rural Populance in the Chinju Uprising of 1862 	The processes and courses taken by local elite leaders and protestors unmistakably reveal the deep divisions and competition that had built up in local society. Frictions that had developed along class, social status, community, and political lines resulted in different patterns of protest in what started as a tax riot. Rural institutions such as lineage associations and village compacts, which reflected familial, communal, and cultural interests and tied rural communities together, also had a decisive impact on popular political behaviors. Thus, despite polarization of the class structure between landownership and land cultivation, the pauperization of people of every status group did not automatically foment the sort of class consciousness that might have led to class-based conflict. Rather, the emphasis on the hereditary nature of social status—accompanied by long-standing ideological justification and cultural practices—rationalized the local elites power and authority over limited resources and mitigated class-based antagonism. As a result, the tax-resistance movement was initiated primarily by the rural economic elite, who were most affected by the ever-increasing arbitrary taxation and who could no longer bear their authority slipping out of their hands. Ordinary people were then mobilized through various rural networks, such as kinship, village, and interest associations, to fill the rank and file of the movement.
Sun Joo Kim	Taxes the Local Elite and the Rural Populance in the Chinju Uprising of 1862 	Once violence erupted, however, other preexisting contentious relations contributed to the spread of aggression. Oppressive rural strongmen were punished. Those who had politically defied specific cultural traditions upheld in the area were also penalized. No doubt personal grudges were involved in certain cases of hostility, but as we have seen, most of those targeted were carefully selected on economic or political grounds. Examination of the specific context of local history and society should therefore allow us to understand the complex nature of this social conflict.
Sun Joo Kim	Taxes the Local Elite and the Rural Populance in the Chinju Uprising of 1862 	Also interesting is the spatial limitation evident both in the Chinju uprising and in protests in other districts. The nature of certain tax structures confined the struggle within the boundaries of a given district, although the news of a tax riot in a nearby district did encourage neighboring districts experiencing similar grievances to rise up in protest themselves. But the main reason that a multidistrict united front either did not appear or was temporary and tenuous when formed is that the tax system was managed on the basis of local administrative units, and each unit had different customs, regulations, and problems, even though the roots of all the problems were basically institutional and statewide. Moreover, the cultivators were scattered and managed their parcels independently under a system of smallholdings, making it difficult to lay the foundation for a class alliance. Finally, the protesters primary goals were to lighten or abolish unjust taxes and to remove corrupt administrators in the local power structure rather than to overthrow the existing rule (including rural class relations). Thus, there was no basis for a wider political organization that could have made a countrywide movement out of the individual uprisings with respect to either political or religious organizations. Because the goal of the 1862 rebellions was to obtain the immediate redress of local problems, the protesters voluntarily dispersed, before military intervention, when the magistrate or special commissioners agreed to carry out the reforms they had demanded. This absence of revolutionary sentiment in the demands of an ordinary rural population can also be witnessed in traditional popular protest movements in other parts of the world.
Sun Joo Kim	Taxes the Local Elite and the Rural Populance in the Chinju Uprising of 1862 	The nineteenth century in Korean history is often called the age of rebellions because a number of major rebellions—beginning with a more politically charged rebellion in the northwestern region in 1812, followed by the rebellions in 1862, and reaching a peak by the Tonghak rebellions of 1894–95—punctuated stable dynastic rule that had lasted for more than four hundred years. Did these events, especially the first two major ones, represent the decline of dynastic rule? They did not immediately bring about the fall of the dynastic structure, for the dynasty continued until 1910. This seems to testify to the relative strength of the Chosŏn state and its adaptability to changing environments. Although the central court was unable to carry out fundamental institutional changes that might have rooted out problems in the tax system, its immediate responses to the rural demands, no matter how short-sighted they were, was effective enough to rule out the development of locally confined revolts into an antidynastic movement.
Sun Joo Kim	Taxes the Local Elite and the Rural Populance in the Chinju Uprising of 1862 	In understanding of the causes and processes of the 1862 popular rebellions in Chosŏn Korea, this study argues that previous paradigms, such as the theories of dynastic decline and class struggle, explain only a part of the whole. The former accurately indicates the maladministration of taxation by corrupt officials as the immediate cause of the rural unrest, but it does not discuss how larger social and economic changes derived from the expansion of commerce and the introduction of monetary economy in the late Chosŏn period created complicated problems that should not be simply labeled administrative corruption. Violent struggles motivated by class antagonism did emerge in the latter stages of the Chinju uprising, but acute class consciousness was not the prime cause of the popular movements at this time. The existence of class antagonism in rural Chosŏn cannot be denied because of extremely unequal distribution of land and wealth. Nonetheless, this study argues that other rural relations based on kinship and villages tended to suppress class-based contention.
Sun Joo Kim	Taxes the Local Elite and the Rural Populance in the Chinju Uprising of 1862 	The 1862 rebellion in Chinju resembles popular uprisings in Qing China and Tokugawa Japan in a number of ways. Undoubtedly no rebellion is the same as any other, but a comparative look at similar events does enhance our understanding of popular political behaviors under specific conditions. Each study mentioned in this work tends to emphasize one or more aspects of rural society, such as moral economy, rational choice, local politics, elite leadership, the availability of preexisting networks for mass mobilization and organization in rural contention, and agency of the state and officials representing the state. This study finds that all these elements were important in making this rebellion, although each element played a different role in the processes of the rebellion. The history of Chinju society and its popular movements certainly conforms to some aspects of conventional rural agrarian society and culture. Nevertheless, because the trajectories of each episode are extremely complex, we need to view them through the lens of its particular historical context and avail ourselves of eclectic theoretical approaches.
John Lee	The Rise of the Brokered State - Situating Administrative Expansion of Choson Korea 	It can be agreed that the Choson Dynasty (1392–1910) was remarkable for its longevity. Assessment of the dynastys lifespan, however, runs into a morass of historiographical contention. Japanese colonial-era scholars such as Fukuda Tokuzō depicted the Choson era as one of socio-economic stagnation that left Korea underdeveloped and unprepared for the modern world. In the 1960s and 1970s, the South Korean internal development school of Kim Yongsop unearthed an array of changing social dynamics in late Choson society that highlighted social upheaval, progress, and “sprouts of capitalism.” In North America, James Palais characterized the Choson order as an “aristocratic-bureaucratic balance,” that is, a ruling elite marked by hereditary ascription but additionally defined by service in the central bureaucracy. By limiting the entrance of political newcomers and checking royal power, this aristo-bureaucratic hybrid, Palais argues, maintained Chosons “remarkable stability without the application of major structural reforms.
John Lee	The Rise of the Brokered State - Situating Administrative Expansion of Choson Korea 	While these aforementioned arguments may differ wildly in their conclusions, they share a commitment to static archetypes that implicate modalities of progress, stagnation, or modernization in Korean history. Rather than inserting Korea into teleological constructs or predetermined theories, this article situates the Choson era in the longue durée dynamics of historical change on the Korean Peninsula itself, within the long-term processes of centralization, administrative expansion, and local transformations.
John Lee	The Rise of the Brokered State - Situating Administrative Expansion of Choson Korea 	In the previous article of this theme issue, Javier Cha explains the formation of a centralized aristocracy in the Koryo Dynasty (918–1392). The early Choson state was built upon the patrimonial structures and centripetal forces described by Cha. Aristocratic coalitions in Seoul, bound by conjugal ties and shared participation in civil examinations and the bureaucracy, accelerated ongoing patterns of centralization on the Korean Peninsula. Fifteenth-century reformers established new administrative subdivisions, bestowed provincial governors with higher status and far-ranging powers, and revamped the land system in favor of greater access for members of the central bureaucracy. Simultaneously, Choson bureaucrats embarked on an ambitious program of political and cultural reform, targeting everything from the role of the king and officials to the content of national customs (kuksok 國俗) and the position of women.
John Lee	The Rise of the Brokered State - Situating Administrative Expansion of Choson Korea 	The rise of this particular blend of bureaucratic and cultural order, however, required a departure from previous trends in Korean history. The process of administrative expansion eventually produced a vast array of brokers—intermediaries who could fulfill the logistical demands of state. Policies necessitated implementation; ideas needed articulation; resources required identification, extraction, and distribution. From the sixteenth century onward, the infrastructural capacities of the Choson state flowed through a wide range of local elites, middlemen, administrators, and soldiers who managed and intermediated increasingly complex links between Seoul and the provinces.
John Lee	The Rise of the Brokered State - Situating Administrative Expansion of Choson Korea 	I refer to this post-1500 trend as the rise of the brokered state. By “state,” I mean not only the capital-based government (the court, the central bureaucracy, and the capital-based military) but also the wider administrative apparatus represented by magistrates, clerks, and military officials in the countryside. Together, the central government and local administrators fit Max Webers definition of the state as that human community which (successfully) lays claim to the monopoly of legitimate physical violence within a certain territory. Moreover, the Choson bureaucracy served as a mechanism for what Pierre Bourdieu refers to as “the symbolic violence over a definite territory. By instilling the need for proper” rituals and correct gender roles, establishing “orthodox interpretations of scholarship, and demarcating jurisdictional authority over key resources and their distribution, the Choson state realized itself not just through the king and his ministers but also in the social and mental structures, intellectual pursuits, and broader aspirations of the yangban elite that multiplied in the provinces over the course of the dynasty.
John Lee	The Rise of the Brokered State - Situating Administrative Expansion of Choson Korea 	I use the term brokered state to further distinguish the mid-to-late Choson era from the patrimonial centralization of Koreas medieval period. Historical sociologist Charles Tilly used the term “patrimonialism” to define the tribute and feudal levy-based regimes that predominated in Europe until the fifteenth century. Tilly then applied the term “brokerage to describe the subsequent period between roughly 1400 to 1700 in important parts of Europe when rulers relied heavily on formally independent capitalists for loans, for management of revenue-producing enterprises, and for installation and collection of taxes. The transition from patrimonial to brokered states was tantamount to European state formation—a process, according to Tilly, made possible by the changing stakes of war. The medieval pattern of patrimonial extraction transitioned to territorialized brokerage as “closely administered territories became assets worth fighting for, since only such a territory provided the revenues to sustain armed force.”
John Lee	The Rise of the Brokered State - Situating Administrative Expansion of Choson Korea 	The Choson context was somewhat different from cases described in classic historical-sociological literature in which western Europe, China, and Japan are the primary referents. Choson had no feudal legacy. Unlike China and the Japanese archipelago, local warlordism was not an issue on the Korean Peninsula after 1000 CE. While merchants and financiers became the primary brokers of state capacity in parts of western Europe, Choson administrative expansion relied far more on the activities of lower-level clerks, military officials, and most importantly, official and nonofficial elites from the yangban stratum. State formation on the Korean Peninsula between 1400 and 1800 was not the by-product of wartime finance or the challenges of local warlords. Rather, the Choson state can be seen as a broadening assemblage of center-local interactions that developed gradually in response to infrastructural and political limits apparent from 1500 CE onward.
John Lee	The Rise of the Brokered State - Situating Administrative Expansion of Choson Korea 	With such historical differences in mind, the vocabularies of patrimonialism and brokerage remain useful. Karen Barkey reinterpreted Tillys concepts in the context of the early modern Ottoman Empire to produce an exemplary study of how the Ottoman state incorporated bandits and other potentially uncooperative elements into the bureaucracy. Scholars of late imperial China, likewise, have meticulously detailed how imperial officials and local elites collaborated to broker state interests, developing what Prasenjit Duara calls a “cultural nexus of power through which the imperial state could use various channels—temples, market networks, kinship groups, patron-client relationships—to reach into local communities.
John Lee	The Rise of the Brokered State - Situating Administrative Expansion of Choson Korea 	Amidst the unreliable infrastructure and incomplete information that bedeviled pre-industrial Eurasia, middlemen and intermediaries were essential tools of governance. Research on societies as disparate as ancient Egypt, the Roman Empire, and early modern France has highlighted the critical role played by local elites, tribal chieftains, tax farmers, and military garrisons in cementing central rule and facilitating the wider dissemination of goods and information. The vast array of intermediaries between the central and the local formed the basis for a state infrastructure, to use Philip Gorskis term, across early modern Eurasia, akin to “a communications network through which information flows between the central and the local or as a generator that feeds additional power to the state.
John Lee	The Rise of the Brokered State - Situating Administrative Expansion of Choson Korea 	South Korean historiography likewise has highlighted the rise of local and regional elites, particularly elements of the so-called sarim faction in the sixteenth century, as a key turning point away from the centralizing tendencies of the dynastys founding elites. Economic historians of Korea have put forth detailed studies of the middlemen brokers such as the merchants who facilitated the expansion of the late Choson economy. However, such studies have been largely descriptive: at most, they highlight the brokers role in the functioning of a larger political or fiscal system. I argue that the broker in the Choson era was not simply a cog in a web of state institutions—he constituted the very matter of the web that was the Choson state. Local elites disseminated, articulated, and practiced the dominant cultural ethos, notably Confucianism, and rendered them synonymous with the Choson cultural order and the states very legitimacy. Clerks, military officials, and tribute merchants distributed the resources that underpinned the states revenue and security. The array of brokers who arose in the Choson Dynasty after the mid-sixteenth century distinguish the era and inscribe it in a longue durée pattern between the medieval patrimonialism described by Javier Cha and the post-1860 reformist administrations laid out by Holly Stephens.
John Lee	The Rise of the Brokered State - Situating Administrative Expansion of Choson Korea 	What Choson experienced between the early sixteenth and nineteenth centuries was not decentralization. The state did not lose control.” Rather, brokered interactions between center and local changed and reshaped the nature of the state. The mechanisms of developing and imposing political, social, and economic norms required the involvement of various elements that had not been nearly as significant or robust before the sixteenth century. The brokered state gradually arose after the turmoil of Yonsanguns reign (1494–1506) and peaked around 1800 after a century of increasing stability, population growth, and cultural and economic efflorescence, an era that built much of the popular imagination of what constitutes “traditional Korea. Culturally and ideologically, the Choson era was when Confucian beliefs and practices gradually permeated the Korean Peninsula. At the institutional level, brokered administration became the Choson states modus operandi, its mechanism for expansion and its basis for enduring stability.
John Lee	The Rise of the Brokered State - Situating Administrative Expansion of Choson Korea 	Both South Korean and international research on Choson Korea in the past three decades has produced a rich corpus of local histories and empirical institutional studies. These, along with my own primary research on Choson-era forest management, will serve as the basis for the following argument. The rise of the brokered state between the early sixteenth and nineteenth centuries can be observed in four salient trends: one, the rise of local elites as key cultural and economic brokers in the sixteenth century; two, the growing role of local status-group, academic, and kinship organizations; three, the expanding functions of clerks and local military garrisons; and four, the increasing role that local brokers played in managing resources meant for state use (kugyong 國用) after 1600. The rise of local elites in the sixteenth century engendered a symbiotic relationship between themselves and the government. Local elites required state sanction to maintain their status and privileges; the state required local elite assistance to rule the country. After the devastating Imjin War (1592–1598) and Manchu incursions of 1627 and 1636, the government utilized clerks, military officials, and similar local bureaucratic organs to reassert control over a devastated countryside. Thus, the brokered state was the effect of a two-tiered process beginning with the mounting prominence of elites in the mid-sixteenth century and intensifying after 1600 as a widening array of military officials, clerks, and other lower-level officials brokered the links between capital and countryside.
John Lee	The Rise of the Brokered State - Situating Administrative Expansion of Choson Korea 	Local Elites and the Sixteenth-century ShiftIn his magnum opus, Confucian Statecraft and Korean Institutions: Yu Hyongwon and the late Choson Dynasty, James Palais described sixteenth-century Korea as a time of political and social “disintegration,” an era when the high-minded reformism that had launched the dynasty degenerated into maladministration [and] internecine bureaucratic factionalism, and Choson society became beset with what Palais calls “negative trends—the concentration of wealth, the evasion of responsibility, and the deterioration of national defense. Only the devastating Hideyoshi invasions at the end of the century, attests Palais, gave the Choson Dynasty a chance to rebuild.
John Lee	The Rise of the Brokered State - Situating Administrative Expansion of Choson Korea 	Negative perceptions of the sixteenth century in Korean historiography dwell on the failed promises of early Choson statecraft. The reformist dreams of fifteenth-century scholars, in Palais view, fell into the quagmire of elite self-interest and irresponsibility. Some South Korean scholars such as Kim Sõngu have similarly portrayed the sixteenth century as a dismal period in Korean history when political turmoil, administrative corruption, and the end of government support for irrigation facilities led to economic decline in areas such as Sõnsan County in Kyongsang Province.
John Lee	The Rise of the Brokered State - Situating Administrative Expansion of Choson Korea 	Other historians, however, have noted that the sixteenth century also coincided with periods of economic growth and the expansion of a key group: local elites. Kim Sõngu himself notes that, even while Sõnsan declined in the sixteenth century, upland areas of Kyongsang Province such as Yean grew in wealth and stature. The spread of rice transplantation and small-scale irrigation techniques helped support an increasingly confident rural elite in parts of southeastern Korea. Yean, for instance, grew into a prominent town, home to Neo-Confucian scholar Yi Hwang (1501–1570) and an assertive scholarly culture that regularly saw local literati insert themselves in central politics through the dissemination of joint memorials.
John Lee	The Rise of the Brokered State - Situating Administrative Expansion of Choson Korea 	The localization thesis, that local elite consolidation from the mid-sixteenth century onward had profound implications for the Choson Dynasty, is part of Martina Deuchlers longue durée study of the Choson ascriptive elite. Anchored in kinship-centered descent groups and further defined by shared participation in ritual and scholarly affairs, the Choson elite, the sajok, were able to maintain their socio-political dominance until the end of the Choson Dynasty. Their dominance of central politics can be traced to the fifteenth century, and in the case of some illustrious families further back to even the Koryo and Silla eras. Elite ascendancy in the countryside, however, required a localizing transition from the fifteenth through the sixteenth centuries, when established kinship groups reclaimed land and brought tax-burdened small cultivators under their protection (often as bonded slaves). By 1600,” writes Deuchler, the sajok controlled the countryside.
John Lee	The Rise of the Brokered State - Situating Administrative Expansion of Choson Korea 	By the mid-seventeenth century, local elites had emerged as the primary intermediary transmitting Confucian culture between state and locality. Many understood themselves as local grand officers” (hyang taebu 鄉大夫) tasked with the role of “rectifying the local mores” and protecting the communitys moral reputation. Hwisang Cho argues that local elites further consolidated their dominance by using certain textual practices, notably epistolary interactions and the penning of joint memorials, to simultaneously access a sense of participation in central politics and solidify a network of Confucian elites within a given locality. Such were the benefits of brokerage: in linking center and local to serve the states interests, local elites also served their own.
John Lee	The Rise of the Brokered State - Situating Administrative Expansion of Choson Korea 	Accordingly, local elites also became key engines of economic growth, particularly through the method with the best marginal returns in the early Choson era: land reclamation. Yi Sugon and Kim Köntae have touted the sixteenth century as an era when local elites furthered their role in agricultural development, especially in the southern provinces of Cholla, Kyongsang, and Chungchŏng. According to their line of argument, local elites emerged in areas where land and labor were available to claim and where reliable water supplies facilitated the spread of wet-rice cultivation. The process was indeed, in Martina Deuchlers words, a “land grab.
John Lee	The Rise of the Brokered State - Situating Administrative Expansion of Choson Korea 	Government policy further incentivized the agricultural expansion that underlay the dominance of the yangban stratum in the provinces. Reclamation rights were encoded in the Great Code of Administration (Kyŏngguk taejon): “If one has laid out and occupied a field for three years, the occupier then possesses the land. John Richards characterizes such property laws—the rights to occupy, alienate, mortgage, and bequeath lands so owned—as “common to settled societies in [early modern] Eurasia.” State sanction and the solidification of usage rights drove the clearing and cultivating of the frontier throughout the pre-industrial world, and Korea was no different in following this pattern.
John Lee	The Rise of the Brokered State - Situating Administrative Expansion of Choson Korea 	It is important to note that state sanction was key. Local elites required close cooperation with the state to acknowledge property rights and acquire resources; the state, in turn, required cooperation to govern the countryside and extract taxes, tribute, and corvée labor. Kim Sõngu has argued that reductions in government support for dikes and irrigation caused agricultural productivity to fall in some areas in the early sixteenth century. While central support for local activities may have diminished, local elites were often able to fill the vacuum, in turn enriching their own patrimonies. Elite “localization in this period, writes Deuchler, meant the appropriation of a particular locale as economic basis for maintaining, through continued examination success and/or marital ties, relations to the center.
John Lee	The Rise of the Brokered State - Situating Administrative Expansion of Choson Korea 	In the next two sections, I use two case studies to peer further into the rise of local elites in the sixteenth century. In the first, I examine how one prominent yangban in Cholla Province collaborated with state officials to acquire construction material for himself and his kin. In the second case, I shed light on another yangban from Kyongsang province who utilized his position to assist the states tribute collection system while also enriching himself. Together, the cases reflect the symbiotic relationship between Choson local elites and the wider state. The state could not function without local elites acting as cultural and economic brokers; likewise, local elites depended on state recognition of their privileges in order to protect their interests.
John Lee	The Rise of the Brokered State - Situating Administrative Expansion of Choson Korea 	The Sixteenth-century Shift: Miam Yu Huichun and the Case of State ForestsThe intersection of state, local elites, and forests provides an instructive starting point for understanding the rise of the brokered state. In its incipient decades, the Choson government recognized the fundamental importance of the wood supply and cordoned off forests around the capital city of Seoul and along the coasts as Restricted Forests (kumsan 禁山) for state use. In various ways, forest resources helped assuage concerns that were pressing the new dynasty. Maritime raiders could be defeated with more and better warships. The monarchy could legitimize its authority by building up Seoul, using forests to build new palaces and government offices. The state could actively reform national customs, starting with the very way the population buried their dead. In each case, from warships to buildings to coffins, wood resources were vital.
John Lee	The Rise of the Brokered State - Situating Administrative Expansion of Choson Korea 	At the same time, the state could not simply gather timber at will. Forest resources were sought and used by all people, for fuel wood and construction, as swidden and reclaimable land, and as hunting and grazing grounds. From the beginning of the dynasty, Choson government officials were aware of the contested materiality of forests and accordingly worried over timber scarcity, over forests being exhausted by the very people they governed. Their solution was to create a new administrative category, the Restricted Forest and protected pine groves (song chi ch’ǒ 松之處), to protect the timber supply.
John Lee	The Rise of the Brokered State - Situating Administrative Expansion of Choson Korea 	The central government initially put Restricted Forests under the authority of magistrates, military officials, and locally recruited wardens (sanjik 山直). By the sixteenth century, however, local elites without formal office were handling wood distribution for the benefit of both themselves and, nominally, the state.
John Lee	The Rise of the Brokered State - Situating Administrative Expansion of Choson Korea 	An instructive case is that of Yu Huichun (1513–1577), penname Miam, an official who, when not serving in the Choson court, stayed at his family residences in Haenam and Tamyang in southern Cholla Province. There, like numerous yangban of his generation who ran through the gauntlet of purges and political struggles, Miam benefited from his dual role as rusticated elite and former bureaucrat. He had once held numerous important posts, including that of Cholla provincial governor (kwanchʼalsa 觀察使), and he accordingly still had considerable sway in the community.
John Lee	The Rise of the Brokered State - Situating Administrative Expansion of Choson Korea 	Southern Cholla was also a center of state forestry. Miams birthplace, Haenam county, was home to six Restricted Forest sites. Between 1569 and 1577, Miam built four houses in the area: two in Haenam and Changpyong, one for his concubine in Haenam, and another for his sister in nearby Kangjin. Each of the houses required lumber partly or fully acquired from the Restricted Forests.
John Lee	The Rise of the Brokered State - Situating Administrative Expansion of Choson Korea 	When Miam began constructing his house in Haenam in southern Cholla Province, he procured the lumber by soliciting military officials over meals and drinks. When Miam inquired about lumber with a military official named Yi Sõnwon, the man answered most enthusiastically, Would I not assist you without hesitation, with all my heart? Miam described another successful lumber solicitation as follows:
John Lee	The Rise of the Brokered State - Situating Administrative Expansion of Choson Korea 	Around sunset, the honorable Navy Commander So Hup came up from Õran. He presented me some meat and cakes, and we poured each other drinks. Pak Hae and Paek Kwanghun also joined in. I brought up [the topic of] lumber for construction, and the honorable So Hŭp agreed [to assist].
John Lee	The Rise of the Brokered State - Situating Administrative Expansion of Choson Korea 	Military officials, the very people charged with guarding Restricted Forests, were instead procuring access for a prominent local elite.
John Lee	The Rise of the Brokered State - Situating Administrative Expansion of Choson Korea 	Officials even allocated state resources to assist in the distribution of Miams lumber. Later, Miam sent his son-in-law to a Restricted Forest on Wando Island off the southwest coast to retrieve necessary lumber. In his son-in-laws words, the local military official there welcomed him warmly and then sent off [the lumber] on three ships, in an amount sufficient for a building bigger than a twenty-kan house. Once the lumber from Wando reached the mainland docks, a guard was required to protect more than 300 pieces of “floor, beam, and pole wood as they lay naked on the banks. The guard was procured, not through impersonal economic transaction, but through a local magistrate who appointed someone to watch over Miams lumber. Similarly, when Miam was building his sisters house, he ran into difficulties transporting the necessary lumber to the construction site. He solved the problem by paying barley to a prominent official named Ch’oe Kyongjang (1529–1601), who then ordered grain-loan shippers (hwanja) to transport the lumber on Miams behalf.
John Lee	The Rise of the Brokered State - Situating Administrative Expansion of Choson Korea 	Once construction began, Miams various connections came together to fuel his project. Miam not only solicited military officers, but also relatives, friends, monks, civil officials, and local organizations for construction resources and supplies. Associates allowed Miam to access wood from their forests. In-laws and a local yangban association sent workers and slaves. More lumber and tiles poured in from officials and monks. When Miam needed the services of a carpenter (mokchang 木匠) during the construction of his concubines house, his friend Kim Songwon sent him a slave skilled in woodwork. In return, Miam gave the slave an ink stick to send back to his master.
John Lee	The Rise of the Brokered State - Situating Administrative Expansion of Choson Korea 	Such access to state forests and open collusion with state officials is eye-opening. I argue that Miams privileged access to Restricted Forest lumber was a symptom of the broader tension between fifteenth-century policies and sixteenth-century realities. The forestry system launched at the beginning of the dynasty, driven so strongly by the states preferences for pine timber, had to yield to changing social and economic dynamics on the ground. In the process, sylvan space acquired different properties. From the states timber-centric view, the primary forests were “places suitable for pine” (ŭisong chi cho 宜松之處). Fire could render a forest into hazard or taxable plot. For the growing stratum of local elites, forests could serve as sites for increasing wealth and solidifying their position as brokers between the state and the broader populace.
John Lee	The Rise of the Brokered State - Situating Administrative Expansion of Choson Korea 	Simply put, Miams situation provides a stark glimpse into the political economy of sixteenth-century Korea, into an array of personal networks lying outside the bounds of legally sanctioned, impersonal economic transactions. Such exchanges, for Choson elites such as Miam, provided access to resources technically accessible only through the mechanisms of the Choson bureaucracy. Miam and similar local elites exposed a problem that would bedevil Choson state forestry for the rest of the dynasty. Namely, state forestrys sustainability was premised on protecting government forests from the general populace. The original system built in the fifteenth century had not accounted for a rising stratum of extra-governmental elites blessed with both local power bases and government connections. The growing ranks of localized elites, of whom Miam is representative, grew into the critical link between the central government that needed resources and the localities that could provide them.
John Lee	The Rise of the Brokered State - Situating Administrative Expansion of Choson Korea 	Local Elites as Resource Brokers: The Case of Mukchae Yi MungonAnother fitting example of local elite brokerage is that of Miams contemporary Yi Mungăn (1494–1567), penname Mukchae. Mukchae was a former court official who, after being purged from Seoul, moved to his wifes hometown of Koesan and then to his own hometown of Songju in northern Kyongsang Province. He quickly settled in as a powerful intermediary between the local magistrates and general populace. Mukchae assisted government officials in various aspects of tax and tribute collection; at the same time, he utilized government resources and laborers for his own interests. One curious role that he acquired was that of intermediary fur broker. The story of why he wanted the position—and why it was important—further elucidates how local elites facilitated new patterns of resource allocation in sixteenth-century Korea.
John Lee	The Rise of the Brokered State - Situating Administrative Expansion of Choson Korea 	To understand why the position of fur broker was sought after and why it was even available, one must review the ongoing shift in state-sponsored hunting from the fifteenth to the sixteenth centuries. Since the beginning of the dynasty, state game reserves (kangmujang 講武場) had provided furs, feathers, and specialty meats such as deer and pheasant for royal consumption and sacrificial offerings. State game reserves were also considered prime sources of military training, particularly for cavalry. Thousands, even tens of thousands, of soldiers at a time would be involved in massive hunts that helped improve horsemanship, archery, and unit cohesion. Dynastic founder Taejo decreed major hunts to be held at the end of every season around Seoul and at the end of every spring and autumn in the provinces, thus keeping the military sharp and the court well-supplied.
John Lee	The Rise of the Brokered State - Situating Administrative Expansion of Choson Korea 	However, by the late fifteenth century, military reorganization and environmental changes were transforming the function of game reserves in Kyonggi, northern Chungchŏng, and western Kangwon provinces. During Songjongs reign, court officials regularly debated which reserves to open or close. In 1481 for instance, the Board of Military Affairs (Pyongjo 兵曹) recommended the opening of all reserves to woodcutting and private hunting. The Board of Military Affairs noted that numerous game reserves had fallen into disuse and were overrun with dangerous animals. The government hoped that an open-reserve policy could eventually reduce forest cover and animal populations.
John Lee	The Rise of the Brokered State - Situating Administrative Expansion of Choson Korea 	In 1486, the Choson government augmented the open-reserve policy with detailed regulations regarding the payment of bounties for tiger and leopard pelts. The bounty system was part of the governments broader institutionalization of tiger and leopard hunting in the late fifteenth through the sixteenth centuries. Local residents, not the king and his soldiers, were to hunt down and kill the dangerous beasts that lurked in their vicinity. The government recognized two grades of tiger and leopard hunting: official hunts and traps (konghamgi 公檻機) led by officials, and private hunts and traps (sahamgi 私檻機) organized by elites or villagers. If households involved in official hunts caught a large or medium tiger, they could choose from an array of rewards: three bolts of silk, twenty credited days of labor or office service, or one year of tax relief. Those who caught four tigers could be promoted into an official rank (kagye 加階). A small tiger or leopard of any size merited a smaller reward: two bolts of silk, ten credited work days, or six months of tax relief.
John Lee	The Rise of the Brokered State - Situating Administrative Expansion of Choson Korea 	The bounty system also reflected a broader shift in the tax structure. At the beginning of the dynasty, every district across the peninsula had to procure certain tribute items, including animal pelts, skins, feathers, horsehair, deer tongues for the kings dinner table, and horns for medicine. Local magistrates oversaw the collection of tribute items and their distribution to Seoul. However, by the early sixteenth century, the tribute system was already in disarray. Villagers and local officials alike often had trouble procuring the necessary items for the tribute levy. As a solution, they would use rice or cloth to purchase the necessary products from middlemen in a process called pangnap 防納 and taenap 代納. A variety of tribute merchants, warehouse masters, and bureau clerks supplied the government with necessary goods while making profits for themselves. In some cases, local elites such as Mukchae would engage in this pre-industrial brokerage.
John Lee	The Rise of the Brokered State - Situating Administrative Expansion of Choson Korea 	When pelts and fur levies fell short, the burden fell on local magistrates and military garrisons to acquire furs demanded by the Choson court. One solution was to send soldiers to hunt down tigers and leopards. The expenditure of men and time on hunting, though, was inordinately large. Magistrates preferred pressing local villagers to hunt and trap large felines. Brokers such as Mukchae would assist by facilitating necessary exchanges. If villagers happened to catch a tiger or leopard in a trap, they would sell its fur and other valuable parts to Mukchae for rice or cloth, which the villagers would then use to fulfill other tax obligations. Mukchae would further augment his fur supplies by sending slaves and hired hands to hunt big cats in the hilly countryside around Koesan and Songju. His agents then sold the furs to local officials for a tidy profit.
John Lee	The Rise of the Brokered State - Situating Administrative Expansion of Choson Korea 	Such behavior from a former official certainly belied the courts hostility toward tribute contracting. Yet, this was the reality on the ground. In lieu of better infrastructure and bureaucratic surveillance, middlemen such as Mukchae greased the wheels of distribution. As James Palais notes, by the end of the sixteenth century, “almost every segment of Choson society was involved in the tribute contracting system, including “the yangban who employed their agents and slaves to engage in the trade themselves.”
John Lee	The Rise of the Brokered State - Situating Administrative Expansion of Choson Korea 	The rising stratum of local elites also had free rein to exploit their nearby environments. Mukchaes slaves felled oaks to make cartwheels. From pines, they gathered not just branches and lumber but also pine resin (songjin 松津) to make varnishes, adhesives, and incense. Carpenters were ordered to make dining tables, wood mortars, doors, and even cotton gins. Mukchaes slaves hunted animals and gathered firewood. Mukchae had trees planted around his ancestors tombs (and fiercely protected them).
John Lee	The Rise of the Brokered State - Situating Administrative Expansion of Choson Korea 	Mukchae could generally acquire wood without government interference. When he wanted to utilize wood-related labor, however, he often required cooperation from—and sometimes generated conflict with—local government. Specifically, Mukchae constantly required the services of craftsmen (changin 匠人) to build and repair his estate and its paraphernalia, from furniture and tools to fences and coffins.
John Lee	The Rise of the Brokered State - Situating Administrative Expansion of Choson Korea 	Monks provided one source of craft and construction labor. Mukchaes use of monks was based on the close relationship he cultivated with local monasteries, particularly Anbong Temple. Within his diary, there are over 600 instances of Mukchae requesting or receiving goods and services from Anbong. These services included the use of monastic forests and monk labor. In exchange, Mukchae used his influence with local officials to exempt the temple and its monks from various tax and labor levees. He also used his influence to help monks with various difficulties, even tree-related crimes. When a monk from Yongyon Temple asked for Mukchaes assistance in prosecuting someone who had felled trees, presumably near the temple, Mukchae agreed to write to the magistrate. In exchange, the grateful monk gifted Mukchae with goose quills and straw sandals.
John Lee	The Rise of the Brokered State - Situating Administrative Expansion of Choson Korea 	Mukchae would also utilize state-employed craftsmen. According to the Great Code of Administration, 2,795 government craftsmen were spread among the Board of Works twenty-nine agencies, with most of them employed in manufacturing military equipment as well as making everyday goods and decorative vessels for royalty and officials. There were also twenty-seven different types of out-resident craftsmen (oejangin 外匠人) who handled duties in the provinces. Sõngju had thirty-seven government craftsmen specializing in nine categories: paper; mats; brass; bows; arrows; skinning; blacksmithing; lacquering; and of course, carpentry.
John Lee	The Rise of the Brokered State - Situating Administrative Expansion of Choson Korea 	Over thirty-two years of his diary, Mukchae recorded 323 instances of himself using government or private craft labor. About half of the craftsmen were government-affiliated and the other half either worked for themselves or another household. Mukchae paid for labor services 35 percent of the time, usually in rice. For instance, he paid private carpenters one mal (about 5.96 liters) of rice for their services. For two chairs, he paid one toe (about 0.596 liters) of rice to another carpenter. In 67 percent of the instances, payment was conducted via exchanges of favors between Mukchae and the relevant party. Local craftsmen who wanted to escape labor duties often came to Mukchae to ask for help. As labor duty was essentially a tax payment, it was unattractive, burdensome, and was at times resisted. In 1552, a state-employed carpenter gave Mukchae eight citrons and requested his help in attaining an extended break from government duties. In 1557, a blacksmith (suchŏljang 水鐵匠) came to ask Mukchae for assistance in attaining an overseer position (chabi 差備). As a gift, the blacksmith gave Mukchae some wood charcoal. Fuel wood and charcoal were valued gifts, particularly those of highest quality.
John Lee	The Rise of the Brokered State - Situating Administrative Expansion of Choson Korea 	Mukchaes influence on local government was a valuable currency, but as with all currency, its value lay in its limitations. When a carpenter named Sõngmun was conscripted for corvée service, Mukchae wrote a letter to the magistrate claiming that he needed Sõngmun to do some repairs at Anbong Temple. A few days later, another carpenter named Yi On requested Mukchaes help in waiving corvee duties. Mukchae had to deny his request because he had just made a similar request on behalf of Sõngun.”
John Lee	The Rise of the Brokered State - Situating Administrative Expansion of Choson Korea 	Mukchaes penchant for usurping state-employed craftsmen for private service generated resentment from at least one government official. In 1559, Mukchae requested to the local magistrate that a matmaker named Choe Sõngmun be given back his old position, presumably as an employed craftsman. The magistrate replied by sentencing Choe Songmun to forty lashes. Mukchae assumed that the magistrate was “insulting him for monopolizing government craftsmen. Following the incident, there was a two-year period in which Mukchae desisted from using (or at least recording the use of) any state-employed craftsmen.
John Lee	The Rise of the Brokered State - Situating Administrative Expansion of Choson Korea 	In another arena of prodigious wood use, funerary rites, Mukchae faced the same aforementioned pattern. The acquisition of related labor, particularly to protect the gravesite, engendered cooperation with local government. The necessary wood, however, could be acquired from local sources. When a female slaves son died, Mukchae simply had a Paulownia tree (tongmok 桐木) felled to provide her with a coffin.
John Lee	The Rise of the Brokered State - Situating Administrative Expansion of Choson Korea 	In 1535, Mukchae had to bury his father, and the resultant process required months of arduous preparation, particularly in wood-related products. For coffin construction, Mukchae acquired fifteen pieces of pine lumber and then called in carpenters. To seal the coffin, Mukchae sent slaves to acquire a large amount of pine resin. He then had to line the burial chamber with lime (sõkhoe 石灰) in accordance with Zhu Xis Household Rituals.
John Lee	The Rise of the Brokered State - Situating Administrative Expansion of Choson Korea 	As Milan Hetjmanek notes, by the mid-sixteenth century, such complex funerary rites had become commonplace among the yangban elite. The efforts were arduous and the expenses heavy, but altogether they demonstrated status and power, particularly economic power. Participants could not always expect state assistance in burial preparations.
John Lee	The Rise of the Brokered State - Situating Administrative Expansion of Choson Korea 	Protecting the tomb, however, was a different matter. In another instance, Mukchae wrote to the local assistant magistrate (pangwan 判官) asking him to prohibit locals from interring their dead and burning fields around the tomb of his patrilineal ancestor, Yi Chonyon (1269–1343). Because a prominent ancestor was intimately tied to ones social status in the Chosŏn era, protecting his tomb was a sacred task for any lineage heir. The magistrate accordingly sent clerks (sowon 書員) to help Mukchae drive away the intruders and even appointed a tomb guardian (myojik 墓直) to watch over the tomb. Mukchae also requested, multiple times, that the government prosecute people who had cut trees around his tombs. The coffin and burial chamber could be constructed without government help, but protecting the gravesite required ongoing government assistance.
John Lee	The Rise of the Brokered State - Situating Administrative Expansion of Choson Korea 	Overall, while Miam and Mukchae both had privileged access to forests and forest resources, such privileges required significant engagement with the state. Gifts had to be exchanged; favors had to earned and repaid. The early Choson state had built a socio-political infrastructure that required even the most powerful local elites to engage the government to acquire wood or wood-related labor. Moreover, as seen in the case of Mukchaes ancestral tomb, local elites could rely on the state to prosecute certain practices that threatened their economic interests. It is important to reiterate that such interactions benefited both the central government and local elites. During the Imjin War (1592–1598), local elites remained fiercely loyal to the dynasty. Some led guerilla bands known as righteous armies” (ŭibyong 義兵) against the invading Japanese; others helped consolidate larger regional militias and donated foodstuffs to the Choson and Ming armies.
John Lee	The Rise of the Brokered State - Situating Administrative Expansion of Choson Korea 	Status, School, Lineage: Local Organizations as Cultural and Intellectual BrokersAfter the tumult of the Imjin War and the factional battles of the early seventeenth century, a distinct capital aristocracy (põryol) crystallized in Kyonggi Province during the reign of King Injo (1623–1649). Kyonggi residents dominated the top civil examination until the end of the dynasty. Through marriage, factional ties, and geographic proximity to special examinations, the capital aristocracy solidified around a relative handful of yangban families at the expense of what Cha Changsop refers to as the hanjok 寒族——the localized yangban majority.
John Lee	The Rise of the Brokered State - Situating Administrative Expansion of Choson Korea 	However, local elites did not drift into obscurity; on the contrary, they forged new purposes that reshaped the Choson state. The emergence of a distinct capital aristocracy was mirrored by an expanding set of provincial organizations fulfilling a growing array of functions. One was the hyangan, what Fujiya Kawashima refers to as “local gentry associations.” Kawashima found that central bureaucrats dominated these associations until the mid-sixteenth century, when increasingly yuhak and other title and degree holders without official employment replaced the bureaucrats as typical members.” Yet, even as central official members diminished from hyangan registers during the seventeenth and eighteenth centuries, so-called yuhak members in the provinces continued to spread Confucian rituals and construct private academies (sowon) and shrines.
John Lee	The Rise of the Brokered State - Situating Administrative Expansion of Choson Korea 	The rise of increasingly localized organizations might seem to reflect lost political influence. Yet, scholarly networks based around private academies diversified the realm of the political and reshaped the figuration of the state. As Hwisang Cho argues, while many local yangban may not have served the state through placement in the central bureaucracy, they still claimed their role as legitimate political actors on a par with the state authority in terms of improving social ethics. This localization of the Confucian socio-political agenda began in the sixteenth century with the ideas of Toegye Yi Hwang and solidified particularly in the southeast region as local yangban there utilized private academy networks, petitions, and what Cho calls textual domination to thrust local voices into central bureaucratic affairs. The central government, in turn, recognized the authority of the local scholarly networks, thus empowering their socio-political discourses and in turn forcing us to recognize that state Confucianism in the late Choson era was a by-product of center-local interactions and post-1500 local developments.
John Lee	The Rise of the Brokered State - Situating Administrative Expansion of Choson Korea 	Local organizational proliferation further cemented common cultural ties across the country and between center and local. The seventeenth and eighteenth centuries saw the continuous rise of patrilineal lineage associations (munjung kye) throughout the countryside, contributing to what Martina Deuchler calls the Confucian transformation of Korea. Chong Sungmo has argued that a growing number of local yangban used lineage associations to spread and regulate common Confucian rituals, with older popular practices denounced as dishonorable rituals” (ŭmsa 淫祀). Both central and local interests gradually coalesced around cultural practices such as the ancestral cult and similarly structured kinship groups that regulated collective properties and inheritance matters. Organizations built around status, scholarship, kinship, and ritual produced the institutional mechanisms for imposing power, norms, and values. They produced, in Bourdieus words, the performative discourse on the state which, under the guise of saying what the state is, caused the state to come into being by stating what it should be.
John Lee	The Rise of the Brokered State - Situating Administrative Expansion of Choson Korea 	Administrative Brokers: Clerks and SoldiersThe local elements of bureaucratic government, notably clerks (hyangni and ajon) and local military officials, also expanded during the seventeenth and eighteenth centuries. Local functionaries are often depicted as the bogeymen of Choson society; they were the unenviable middle men, castigated by the elite as immoral and self-serving and resented by the commoners as tax collectors and extortionists. Yet, these were the very people who made the wheels of Choson society turn; they collected the taxes, implemented the policies, handled the lawsuits, manned the infrastructure, and accomplished the daily tasks that bridged the gap between central government and local realities.
John Lee	The Rise of the Brokered State - Situating Administrative Expansion of Choson Korea 	Starting in the mid-sixteenth century, according to Kwon Kijung, local hyangni functions began diversifying in line with the growing populations and complexities of local society. Magistrates, in particular, could utilize clerks as a check against the power of local yangban. During the Imjin War, hyangni gained even more importance as their expertise became critical for transporting war material and facilitating wartime governance; their skills were even utilized by Hideyoshis troops in occupied areas. In the aftermath of the war, new tax systems meant to rebuild Choson finances further empowered the clerk stratum. Chang Tongpyo and Kim Tokchin have both argued that expansion of local officials in the seventeenth and eighteenth centuries can be correlated with the introduction of the miscellaneous tax payments (chabyŏkse 雜役稅) that local communities would pay as a unit. By 1800, the hyangni comprised a diverse array of local officials tied by marriage, specialization, and multiple generations of service in their locality.
John Lee	The Rise of the Brokered State - Situating Administrative Expansion of Choson Korea 	Similarly, the function of Choson granaries (sachang) underwent a key shift during this period. Whereas early Choson granaries had mainly served as a source of famine relief, seventeenth and eighteenth-century granaries served as sources of local finance. Local officials would lend out grain and fund themselves through interest and surcharges. By the end of the eighteenth century, every district in Korea relied on some form of the grain loan system to fund local government affairs and official livelihoods. While such a localized system was less draining on the central treasury, it also rendered administration subject to an array of middlemen.
John Lee	The Rise of the Brokered State - Situating Administrative Expansion of Choson Korea 	The functions of the military during the late Choson era also shifted, especially in the realm of finance. The Imjin War and the Manchu incursions of 1627 and 1636 had devastated the economy and left agriculture in need of reconstruction. Rather than rebuilding the countryside with funds from the depleted central treasury, the government allowed certain agencies, including the military, to appropriate more lands and directly collect revenues.
John Lee	The Rise of the Brokered State - Situating Administrative Expansion of Choson Korea 	For instance, in the middle of the seventeenth century, reformist minister Kim Yuk (1580–1658) championed military farms (tunjon 屯田) as a cost-effective form of military finance that could also alleviate social and environmental problems plaguing the countryside. Kim Yuk had made his name as the architect of the Uniform Tax Law (taedongpop 大同法) that streamlined methods of tax payment in seventeenth-century Korea. Late in his illustrious career, in 1653, he heard reports of a disturbing trend: in western Kangwon Province, peasants were fleeing their villages to avoid military service and tax payments. Worried, Kim submitted a memorial to the king describing the situation:
John Lee	The Rise of the Brokered State - Situating Administrative Expansion of Choson Korea 	These vagrants (yumin 流民) are solely cultivating mountain lands as their livelihood and roaming around like birds and beasts ... The fields are abandoned, and famous mountains day by day are stripped away. Needless to say, these are serious concerns.
John Lee	The Rise of the Brokered State - Situating Administrative Expansion of Choson Korea 	Kim proposed that the government establish, on suitable empty areas (konghan 空閑), agricultural garrisons to be governed by special military commanders (pyolchang 別將) and allotted between ten and one hundred vagrants each. A three-year tax break to the vagrants was offered as an enticing lure; in exchange, these vagrants-turned-garrison tenants (tunmin 屯民) were prohibited from cultivating mountain areas. The end result, argued Kim, would be upright hearts and minds for the people and the benefits of conservation for the state.
John Lee	The Rise of the Brokered State - Situating Administrative Expansion of Choson Korea 	Kims proposal reflected a growing trend. The mid-to-late seventeenth century would witness the significant expansion of the Choson states administrative capacities throughout the countryside. The problem of vagrancy, in particular, became a common justification for the establishment of new military farms and protected forests, particularly in the western parts of mountainous Kangwon Province and the coastal areas of Chungchong and Cholla provinces. The sedentary bureaucrats revulsion to vagrancy, a phenomenon well noted by anthropologists, compounded seventeenth-century Korean concerns over environmental degradation and fiscal health.
John Lee	The Rise of the Brokered State - Situating Administrative Expansion of Choson Korea 	As the seventeenth century wore on, the government continued to implement stricter measures aimed at controlling populations and the countryside. In 1674, an official named Yun Hyu (1617–1680) proposed the reintroduction of the Five Household Control Law. The law, based on examples from the Rites of Zhou, had been discussed in the court during the fifteenth century, but widespread implementation was never undertaken. Now, in the postwar environment of the seventeenth century, Yun cited the ongoing vagrancy problem as a major impetus for reintroducing the Five Household Control system.
John Lee	The Rise of the Brokered State - Situating Administrative Expansion of Choson Korea 	Yun proposed that every settlement be organized into a basic unit of five households that in turn were subordinated to larger administrative villages (ri 里) and, on the next level up, townships (myon 面). The law exhorted the five-household units to assist their members in key rituals such as weddings and funerals and to ensure the fulfillment of tax payments and corvée service. Household units were also to maintain irrigation works and grain storage facilities. Furthermore, the regulations prevented most people from moving into any unregistered or unverified locality. Uncooperative village leaders were threatened with deportation.
John Lee	The Rise of the Brokered State - Situating Administrative Expansion of Choson Korea 	Due to the infrastructural and technological limits of the pre-industrial Choson polity, the Five Household Control Law was unevenly implemented in the late Choson era. As with the state forestry system, the government had trouble recruiting lower-level administrative personnel. Evasion and irregularities were also rampant, largely due to the machinations of local elites.
John Lee	The Rise of the Brokered State - Situating Administrative Expansion of Choson Korea 	Yet, seen in long-term perspective, the Five Household Control Law was part of a significant expansion of administrative control over daily life in the Choson Dynasty. The suppression of vagrancy, the recovery of revenue, and the reorganization of villages into legible units all followed a determined post-Imjin effort to re-establish order in the countryside. Early Choson officials had batted around similar proposals, but they only reached wider implementation after the depredations of the Imjin War and Manchu invasions. Likewise in other spheres, particularly forestry, the postwar Choson government laid the groundwork for a more legible administrative landscape to be implemented by a growing array of lower-level agents and middlemen.
John Lee	The Rise of the Brokered State - Situating Administrative Expansion of Choson Korea 	Brokering the Protected ForestsForests during the seventeenth and eighteenth centuries were increasingly managed through a series of brokers: wardens (sanjik 山直) corvéed from localities, stewards (kamgwan 監官) appointed by the local yangban association, and military and civil officials to oversee the protection process. New edicts, moreover, cracked down on local elite collusion with forest managers. Various social institutions ranging from Buddhist monasteries to village kye 契 were incorporated into the infrastructure of the Chosŏn state.
John Lee	The Rise of the Brokered State - Situating Administrative Expansion of Choson Korea 	In 1684, the Border Defense Command (Pibyõnsa) produced a set of statutes titled Pine Prohibition Regulations (songgum samok 松禁事目) that revised and strengthened government-controlled Reserved Forests (pongsan 封山). Official jurisdictions and the Reserved Forest selection process were clearly delineated, investigative procedures were meticulously ordered, and the punishments of corrupt forestry officials were described in detail. In the statute preface, the authors noted that “the coasts are limitless in the peoples distress, while the prohibitions fall apart day by day. The preface went on to attest that these corruptions (pye 弊) originate in the navy commanders inability to enforce and the magistrates inability to act while forests wardens and stewards were “too many in number” and hence were “pestering the people. Accordingly, the regulations regulated the number of wardens per forest, while stewards were to be selected from the local yangban association.
John Lee	The Rise of the Brokered State - Situating Administrative Expansion of Choson Korea 	The governments complaint about wardens and stewards being too many in number” and “pestering the people reflected the more prominent role for a variety of lower-level officials in seventeenth-century Choson. During the eighteenth century, the central government tried to rectify problems related to official corruption by sending more inspectors (õsa 御使) to surveil local governments. New regulations dictated strict punishments for officials who illegally seized goods (changni 贓吏) or turned a blind eye to wrongdoers (pulgak sirinyul 不覺失因律, literally the law regarding failing to reveal escaped prisoners).
John Lee	The Rise of the Brokered State - Situating Administrative Expansion of Choson Korea 	Villages also underwent significant changes in internal organization. In the late Choson era, Koreans of all status groups increasingly formed themselves into mutual aid organizations known as kye. Kye purposes ranged from granary and forest management to supporting funerary rituals and collecting taxes, and their proliferation generally coincided with the localization trend seen in the spheres of yangban, clerks, and the military. Social and institutional relationships within kye were quite varied; Pak Chongchae has found that Pine Associations (songgye 松契) meant to protect local forests could be exclusive to certain status groups, mixed across status lines, or even run by local officials.
John Lee	The Rise of the Brokered State - Situating Administrative Expansion of Choson Korea 	One Pine Association charter, from Hadong district in southeastern Korea and dated 1860, starts with the following quote: “In the governance of the state, there is nothing more important than the protection of pines. Whether the villagers actually believed this is doubtful; the line quotes a 1788 iteration of the governments Pine Protection Regulations. Still, the Pine Association document does reflect how central policies could become enmeshed in local organizations. Each village in the district was to appoint one warden and one steward, and furthermore, each village was to implement the Five Household Control Law to ensure that their neighbors did not cut down any pines. If any villagers were caught, the headman of the perpetrators five-household group would be punished as well.
John Lee	The Rise of the Brokered State - Situating Administrative Expansion of Choson Korea 	Concluding RemarksSometime around the year 1800, near the picturesque hamlet of Kangjin in southwestern Korea, an exiled official named Chong Yagyong (1762-1816) came across a most disturbing sight. A monk was methodically killing pine seedlings across a hillside. Thousands of seedlings, most barely a few inches tall, were being removed to their roots and then discarded. When Chong inquired about the commotion, to his surprise, the monk burst into tears. Once recovered, he told his story.
John Lee	The Rise of the Brokered State - Situating Administrative Expansion of Choson Korea 	The surrounding forest was actually a state-managed reserve for supplying naval-grade pine timber, and some years earlier, the provincial navy headquarters had charged the monks monastery with managing the woods. The monks took the job seriously, patrolling the forest night and day, according to the monk, even eating cold rice “to save on firewood. They succeeded to the point that the woodcutters of the town did not dare to approach the mountain. Yet, the monks labor would be in vain. One day, a military officer from the provincial navy headquarters arrived to inspect the monks efforts. He angrily pointed at a few felled pine trees, victims of an earlier storm, and then violently punched a monk in the chest. Though the monks beseeched that they were innocent of any wrongdoing, the officer had no sympathy, and the monks were forced to pay a substantial restitution. The traumatic ordeal triggered a new realization at the monastery. Pine protection was a disastrous burden, not a duty. Minimizing forest growth could minimize chances of punishment.
John Lee	The Rise of the Brokered State - Situating Administrative Expansion of Choson Korea 	Tasan saw the monks plight as an indictment of the late Choson administrative system, a declining order that, in his eyes, was overrun with avaricious officials. Yet, Tasan and other later Choson commentators may not have fully realized the long-term course of Chosons brokered state. The central government had maintained an amazing level of stability by co-opting various local powerholders and lower-level officials as the states cultural, administrative, and economic brokers. Brokerage helped the dynasty propel both a legitimating cultural vehicle in the form of Confucianism and a systemizing institutional vehicle in the form of the bureaucracys local arms, the clerks, military, wardens, and stewards. Cooperation with local elites helped the dynasty survive late sixteenth- and early seventeenth-century cataclysms that overturned Koreas neighbors. Incorporation of local bureaucratic elements allowed the dynasty to recover and prosper in the seventeenth and eighteenth centuries.
John Lee	The Rise of the Brokered State - Situating Administrative Expansion of Choson Korea 	Bruce Cumings begins his seminal work, The Origins of the Korean War, by noting that a Korean from the fifteenth century strolling the streets of Seoul in 1875 would find very little that would startle him. I attest that if a fifteenth-century Korean had embarked on a countrywide tour in 1800, the contrasts between the centuries would have been eye-opening. The visitor would have seen vibrant academies in the southeast spouting politics and philosophy; well-organized lineages nestled in remote corners like Haenam and Yean; a host of clerks, soldiers, and middlemen brokering wide varieties of resources; and a robust array of local organizations configuring intellectual culture and workaday life.
John Lee	The Rise of the Brokered State - Situating Administrative Expansion of Choson Korea 	But what made the Choson system work did not necessarily apply after 1800. While the brokered state was effective in maintaining domestic stability, its institutions could not quell rising social and economic inequities. Corruption in the taxation, granary, and forestry system plagued their efficacy and contributed to local resentments leading to major rebellions in 1812, 1862, and 1894. And when series of centralizing attempts emerged from the 1860s onward, the central government would find it difficult to disengage the state from its brokers.
Javier Cha	To Build a Centralizing Regime - Yangban Aristocracy and Medieval Patrimonialism 	This article examines the ambiguous roles of birth and merit in Korea from around 900 to 1500 CE. Medieval Koreas yangban aristocracy valued pedigree but did not guarantee heredity. Many illustrious houses failed to retain their status, and the void created opportunities for provincials to try establishing themselves as new and lasting capital-based yangban courtiers. The mesh of patron/client ties and conjugal bonds generated in this social process explain the centralization of authority and the consolidation of the peninsular society after the collapse of first-generation states in the Korea-Manchuria region.
Javier Cha	To Build a Centralizing Regime - Yangban Aristocracy and Medieval Patrimonialism 	As scholars of humble origin, we cannot rise to prominence on our own. We need to have like-minded benefactors in high places and be recommended [into office] through that tie. Only then can we straighten that which is bent and put into motion that which is dormant.Yi Kok 李穀 (1298-1351)
Javier Cha	To Build a Centralizing Regime - Yangban Aristocracy and Medieval Patrimonialism 	IntroductionFirst-generation Korean-Manchurian state-societies were largely structured on the notion of divine rulership. One such example was the bone-rank aristocracy (kolpum che 骨品制) of Silla 新羅 (−935 CE). The bone-rank system was an unusually rigid and exclusive de jure aristocracy in which a large portion of ones life was determined by legally defined and legally protected heredity. A detailed set of regulations prescribed the highest office one could attain, the kind and size of house one could build, the type of clothing one could wear, and the districts in which one could reside. The prohibition of marriage across status boundaries reinforced the systems divisions. Status was a birthright. Limited attempts to introduce meritocratic features into government were met with resistance.
Javier Cha	To Build a Centralizing Regime - Yangban Aristocracy and Medieval Patrimonialism 	The bone-rank aristocracy was made possible by two far-reaching legacies of the so-called unification wars among early Koreas Three Kingdoms. First, Silla/Tang allied forces victory over Koguryo 高句麗 (−668 CE) and Paekche 百濟 (−660 CE) brought Silla under the hegemony of Tang 唐 (618–907). Sillas sheltered environment acted as a disincentive to institutional innovation or reform, especially efforts that would have sought a wider distribution of authority. Sillas involvement in coastal trade and cultural exchanges with neighboring communities was for the most part unofficial and associated with powerbrokers and lesser nobles who were disenchanted with the political establishment. Second, Silla and Tang uprooted a large number of conquered Koguryo and Paekche nobles and resettled them in ethnic enclaves within the Tang empire. The only documented exception was Ansŭng 安勝 (fl. 668-683), who was given true-bone status, and the multiethnic community of Koguryo and Malgal 靺鞨 stock attached to him. With almost no major conquered noble houses left in the former territory of the Three Kingdoms, Silla managed to create a rigid aristocracy in the primary and secondary capitals that did not share its authority, status, or privilege with provincials. The bone-rank establishment did not even assign surnames, let alone feudal estates or noble titles, to the common folk, regardless of their influence within the local community. The absence of a feudal structure was instrumental for the bone-ranks extraordinary exclusivism.
Javier Cha	To Build a Centralizing Regime - Yangban Aristocracy and Medieval Patrimonialism 	Medieval Koreans of Koryo 高麗 (918–1392) and the early part of Choson 朝鮮(1392-1910), for their part, started to build a new sociopolitical order that-peculiarly-both valued birth and demanded that status be earned. Membership in the aristocracy had to be gained through formal appointment in yangban 兩班, or two branches: the central governments civil and military bureaucracy. As a social system, yangban was a de facto aristocracy in which hereditary norms were enforced by social practice. No legislation guaranteed the protection of status or wealth. Status had to be reinforced through civil or military service in the central government, and the gateway to building such a career was the demonstration of ones talent and capability in the state examinations. Over time, yangban aristocrats added more sources of qualification to the mix, such as membership in prestigious organizations, association with respected intellectual figures, and the memory of an ancestor who had served in civil or military office. A yangban household that failed to fulfill such expectations over several generations effectively lost its right to be treated as yangban.
Javier Cha	To Build a Centralizing Regime - Yangban Aristocracy and Medieval Patrimonialism 	Why was this the case? Koryo was founded by strongmen who toppled the bone-rank order of Silla and participated in another round of unification wars involving the so-called Later Three Kingdoms. By definition, those outsiders were unable to trace their ancestral pedigree to pre-Koryo times. With the exception of very few former true-bone nobles, most yangban claimed to have been actively involved in the unification campaigns of the Later Three Kingdoms and to have received their surname from Koryos founder in return for their merit. The house of Kyongwon Yi 慶源李氏 claimed to have received the Yi surname when a distant ancestor, an emissary of the Silla court, allegedly accompanied Emperor Xuanzong of Tang 唐玄宗 (r. 712-756) to Sichuan 四川 soon after the outbreak of the An Lushan Rebellion (755–763). This fabrication was probably accepted at face value because of the Kyŏngwon Yis exceptional wealth and power during much of the eleventh century. In most cases, yangban houses were unable to produce verifiable stories of ancestry dated to the times before the tenth-century unification campaigns.
Javier Cha	To Build a Centralizing Regime - Yangban Aristocracy and Medieval Patrimonialism 	Medieval Koreas style of government falls neatly into Max Webers definition of patrimonial domination in a traditional society. To borrow Julia Adams succinct reworking of Max Weber, patrimonialism is characterized by “a style of administration structured by the rulers ad hoc, unstable, and always revocable delegation of powers. In Koryo, the central state exercised the authority to retract symbolic and economic rewards at will. The court ennobled hundreds of meritorious princes, courtiers, and office-holding provincials without offering legislated protection of status and wealth. Local strongmen were granted estates and sinecure posts, but at the discretion of personnel representing the will of the center. In principle, titles and estates were not inheritable without the courts sanction. The medieval aristocracy in Korea was held together strictly by hierarchical relations of personal loyalty. Personalities and houses failed to stay in power for an extended period. Monarchs, princes, noble houses, and illustrious courtiers formed fiercely competitive cliques, and numerous provincials entered the capital in search of opportunities. At the helm, the monarch or the regent and his henchmen wielded tremendous influence and fame; upon falling out of power, entire segments of an aristocratic family risked permanently losing everything their leaders and predecessors had built. The twin solutions of patronage and marriage forged relations of mutual protection with the collective aim of rising to the top and securing advantageous positions by social practice.
Javier Cha	To Build a Centralizing Regime - Yangban Aristocracy and Medieval Patrimonialism 	Patronage and Marriage in Medieval KoreaMedieval patrimonialism was a mélange of ad hoc creations and institutional experiments. Koryos search for a working replacement for Sillas bone-rank aristocracy resulted in a type of government that lacked a clear logic, or, in Weberian terms, a legal-rational bureaucracy with impersonal structures of domination. Despite the wish to create an aristocratic society akin to Silla and to enforce status-based prescriptions in the manner of bone ranks, Koryo did not (and could not) guarantee birth rights to monarchs, regents, and courtiers who lacked distinguished ancestors. The degree of power differentiation was low, and the bureaucratic apparatus provided only limited checks and balances.
Javier Cha	To Build a Centralizing Regime - Yangban Aristocracy and Medieval Patrimonialism 	Yi Sugon and John Duncan, two leading medieval historians, have collected the most comprehensive data germane to tracking the changing fortunes of official-producing medieval Korean houses (see Tables 1A: Yi Sugons List of Major Medieval Houses, 1B: Yi Sugons List of Medieval Houses, and 1C: John Duncans List of Medieval Houses). In collating these data, these historians originally intended to answer the question of whether the history of Korea from the early Koryo to the early Choson period should be interpreted as a history of continuity or change. That is, they wanted to know whether the same ruling families that had dominated the high-ranking bureaucratic positions in the tenth and eleventh centuries continued to do so in the fifteenth. Indeed, the medieval houses in these data sets may be arranged and divided into the following types: (1) three to four persistent performers (Type A); (2) twenty to twenty-one prominent early medieval houses that disappear from the political scene by the fourteenth century (Type B); (3) twenty-seven to thirty newcomers (Type C) who enter the medieval court during the eras of military regency (1170–1270) or Mongol rule (1270-1351); (4) and those that seem to follow irregular patterns (Type D). These data sets should not be analyzed as representative samples of medieval Korean society. While it is striking that only three to four known medieval houses consistently produced officials from the beginning to the end of Koryo, the question about continuity or change is not a productive way of gaining insight into the workings of medieval patrimonialism. These lists of medieval houses are valuable for what the individual houses in the aforementioned four divisions qualitatively represent, such as perished houses.
Javier Cha	To Build a Centralizing Regime - Yangban Aristocracy and Medieval Patrimonialism 	The twenty or twenty-one perished houses identified through the rearrangement of the data collected by Yi Sugon and John Duncan include Chungju Yu 忠州劉氏, Yongchon Hwangbo 永川皇甫氏, Kwangyang Kim 光陽金氏, and Kyongwon Yi (cf. Table 2B: The Background of Early and Middle Koryo Queens). In the tenth and eleventh centuries, these noble houses were the byword for power and wealth, and they monopolized the supply of queens and regents to the throne. Other houses joined the court later, during the activist reforms in the late eleventh and early twelfth centuries: e.g., the Haeju Choe 海 州崔氏, Nampyŏng Mun 南平文氏, and Chongan Im 定安任氏, which produced the likes of Choe Sachu 崔思諏 (1034–1115), Mun Kongmi 文公美 (d. 1137), and Im Wonhu 任元厚(1089–1156). A grandson of Choe Chung 崔冲(984– 1068), Choe Sachu was deeply involved in the activist programs of Kings Sukchong 肅宗 (1095–1105) and Yejong 睿宗 (1105–1122); Mun Kongmi and his brothers were a family from a destitute background that rose to prominence as part of the Han Anin faction in the 1110s and 1120s; Im Wonhu, the offspring of a prominent institutional reformer, survived the political infighting of the early 1120s and enjoyed a spectacular career along with his two brothers. In the post-Han Anin era, Im Wonhu betrothed his daughter to King Injong 仁宗 (r. 1122-1146) to become one of the most powerful noblemen in Koryo. All these houses shared two features: they enjoyed unrestrained power during times of political success but struggled to pass down their status, privilege, and authority to posterity. In fact, most of their descendants completely disappeared from Koryos political scene after three to four generations. What happened?
Javier Cha	To Build a Centralizing Regime - Yangban Aristocracy and Medieval Patrimonialism 	Medieval Koreans regarded lifelong nobles and the royal kin as courtiers of effectively equal footing. Irregular succession, regicide, and usurpation took place time and again, and there was no guarantee of a smooth transition of authority to the reigning monarchs posterities (see Table 2A: Royal Succession in Early and Middle Koryo). As a result, the king, paralleling the behavior of his courtiers, prudently built networks of marriage and patronage to strengthen his authority and safeguard the passage of the throne to his designated heir. He found it difficult, however, to bypass the looming presence of powerful nobles, who were at once his most dependable associates and immediate threats.
Javier Cha	To Build a Centralizing Regime - Yangban Aristocracy and Medieval Patrimonialism 	Some traditional historians recognized this paradox and expressed their estimations at length, though modern historians tend to dismiss such writings as mere projections of Confucian” or moralistic historiography. Yi Chehyon 李齊 賢(1287-1367), a fourteenth-century Confucian scholar-official, left behind a thought-provoking and succinct appraisal of King Munjong 文宗 (r. 1046- 1083) that enumerated the points of success and failure during the reign of the monarch responsible for launching activist reforms. In the paragraphs that follow, I will delineate the workings of the Koryo court as a commentary on Yi Chehyons opinion piece.
Javier Cha	To Build a Centralizing Regime - Yangban Aristocracy and Medieval Patrimonialism 	Kings Hyonjong 顯宗 [r. 1009–1031], Tökchong 德宗 [r. 1031–1034], Chongjong 靖宗 [r. 1034–1046], and Munjong passed the throne from father to son or between brothers. Those eighty years may be called an age of splendor.
Javier Cha	To Build a Centralizing Regime - Yangban Aristocracy and Medieval Patrimonialism 	Yi Chehyon defined the eighty years leading up to the late eleventh-century activist reforms as “an age of splendor solely on the basis of regular succession. As a hereditary monarchy, the Koryo Dynasty determined the order of succession on the basis of a twofold formula. The preferred arrangement was patrilineal succession by primogeniture, but at times the throne was passed to a brother if the heir was deemed too young to oversee the realm effectively. The ambiguity of this formula divided the court into interest groups advocating for a contender to succeed to the throne. The patriarch of an influential house established conjugal bonds with the claimant and upon successful enthronement served as the regent. Beginning in the early years of the dynasty, the fight for the throne surfaced as a source of political fragmentation and intrigue. King Taejo 太祖 (r. 918-943), the dynastic founder, upon establishing marriage relations with more than twenty local strongmen to pacify the provinces, designated his elder son as the official heir to the throne. However, fearing that [the heir] would not be able to accede the throne due to the humble background of Consort O, his mother, King Taejo placed the crown prince under the protection of Pak Surhŭi 朴述熙 (d. 945), a strongman from Hyesong County 槥城郡(present-day Tangjin 唐津) who is described in his official biography as a man “of lionhearted character who enjoyed devouring meats of all sorts including toads, frogs, crickets, and ants.” The plan succeeded to a degree, and King Hyejong 惠宗 (r. 943-945), the designated heir, ascended to the throne. However, his reign was curtailed with the purge of Pak Surhui, his protector, and his own death under suspicious circumstances after less than two years of rule. Thereafter, the throne changed hands between his half-brothers, and for nearly thirty years Koryo experienced frequent conflicts among supporter groups struggling to crown their royal candidates.
Javier Cha	To Build a Centralizing Regime - Yangban Aristocracy and Medieval Patrimonialism 	This game of thrones prompted the monarch and his fraternal contenders to forge conjugal bonds with one another and with influential houses. Over generations, Koryos princes took intermarriage with close kin and cognatic recognition of relations and status as the norm, which bewildered the later medieval Confucian historians. One anonymous official historian claimed: King Taejo was determined to transform our customs after the models of antiquity. However, people customarily followed the native practice of betrothing sons to their own daughters, who deceptively would assume their maternal surname as their own. Their offspring regarded this as the household norm without questioning its aberrance. Alas!” Whether marriage between close kin and the cognatic assignment of surname were “native practices (tosúp 土習) is questionable. Intraclan marriage probably took place for pragmatic reasons. King Hyejong, for example, “consigned his elder princess to [his brother] So to strengthen his authority. The princess assumed the surname Hwangbo of her mothers clan. Since then, everyone who practiced intraclan marriage has adopted their maternal surname. This marriage between an uncle and his niece was the fruit of the reigning monarchs effort to placate his fraternal rival. Upon marriage, the princess adopted her maternal surname, though in fact it was not Hwangbo, but Im, the surname of her maternal grandfather Im Hui 林曦(tenth century). The adoption of affinal surnames, usually the mothers surname or the fathers maternal grandmothers surname, among married daughters of royal kin may have represented the princesss or queens affiliation with a particular faction in the court societys hostile milieu.
Javier Cha	To Build a Centralizing Regime - Yangban Aristocracy and Medieval Patrimonialism 	That is not to suggest that exogamy was the convention in Koryo society. Broadly speaking, “Marriages with close cognates were customary,” as Martina Deuchler, No Myongho, and Yi Sugon have demonstrated in detail, but the collapse of the bone-rank aristocracy lifted the legal restrictions and social taboos against marriage across status boundaries. In Koryo, marriage and patronage took place on the basis of pragmatic considerations. Numerous studies that aimed to discover patterns in Koryo societys marriage norms proved futile, probably because the medieval Korean elite observed few, if any, prescriptive regulations in partner selection. On several occasions in the medieval era, reform-minded monarchs called for the prohibition of marriage between relatives belonging to the mourning circle. Most such efforts failed for nearly five centuries, and they continued to emerge as a subject of court discussion as late as the fifteenth century. Nonetheless, Koryos aristocrats could not afford to limit their affinal connections to clan members and other nobles of comparable standing. Their desire to compete in the political arena and bequeath their privileged position to posterity forced them to seek out promising outsiders.
Javier Cha	To Build a Centralizing Regime - Yangban Aristocracy and Medieval Patrimonialism 	The period between 1009 and 1083, shared by the reigns of Kings Hyonjong, Tokchong, Chongjong, and Munjong, marked a transition away from the tenth centurys muddled politics. The succession and marriage patterns of kings between 936 and 1170 reveal an intriguing shift (see Tables 2A and 2B). After King Hyejongs suspicious death in 945, the throne passed to his half-brother with the backing of a military faction. His brothers reign lasted a mere four years. King Kwangjong 光宗(r. 949–975), his fraternal rival, succeeded King Chongjong 定宗(r. 945-949), and the court society enjoyed relative stability during the twenty-six years of his rule. For thirty-two years after the end of Kwangjongs reign in 975, Koryo experienced a period of grave instability. The throne changed hands four times, including twice by irregular succession and once by regicide, while the kings defended the realm against a series of devastating Khitan invasions. King Hyonjongs accession in 1009 marked a new beginning. Eleventh-century monarchs turned to court bureaucrats for support while aiming to rid themselves of dependence on tenth-century high nobles, including the Yongchon Hwangbo, Chongju Yu 貞州柳氏, and Chungju Yu. The early Koryo kings eventually succeeded (see Table 2B: The Background of Early and Middle Koryo Queens). They devised a hybrid strategy that combined with no apparently consistent patterns—marriage with agnatic relatives and non-agnatic courtiers, including both affinal relatives and those with no blood relations. The eleventh-century marriage network among the Kyōngju Kim 慶州金氏, Ichon So 利川徐氏, Tanju Han 湍州韓氏, and Kyongwon Yi allowed peaceful transfers of power for reasons implied in Yi Chehyons second point.
Javier Cha	To Build a Centralizing Regime - Yangban Aristocracy and Medieval Patrimonialism 	King Munjong was diligent and frugal. He employed men of talent and wisdom and lightened penal sentences out of affection for his people. He venerated learning and respected the elders. Noble titles and attire were not conferred on scoundrels; power and authority did not transfer to their kin. Even among his close kin, he did not reward those without merit; even among his most favored men, he punished those with faults.
Javier Cha	To Build a Centralizing Regime - Yangban Aristocracy and Medieval Patrimonialism 	Kings Munjong, Sukchong, and Yejong aimed to build an activist monarchy that operated through institutions, free of interventions from royal kin and power-wielding courtiers. The new regime downplayed personal ties of reciprocity and promoted loyalty to the dynastic state as an adumbration of Samhan 三韓 civilization. Choe Sajon 崔思全 (1067–1139) admonished King Injong: The Samhan is the Samhan of the Samhan and does not stop at being Your Majestys Samhan. King Taejo, our former lord, worked laboriously to arrive at where we are. I beg Your Majesty not to be negligent of this task.” In this discourse of abstract bureaucratic order, the head of state assumed the responsibility of operating his court on meritocratic principles, valuing experience, talent, and acts of distinction. Those procedures were expected to be handled with minimal attempts by court personalities to sway political decisions in their favor, with the understanding that impartial proceedings would earn the compliance and trust of the people without the need to resort to harsh penal laws.
Javier Cha	To Build a Centralizing Regime - Yangban Aristocracy and Medieval Patrimonialism 	The state examination institution was the emblem of this impartial order. This elaborate procedure of staff recruitment demanded that the offspring of courtiers prove their worth and provided a crucial gateway of opportunity for qualified provincials to seek bureaucratic advancement at the center. By the reign of King Munjong, one century had passed since the institutions intro- duction in 958, and Koryos courtiers had by then accepted it as the most respected means of entry into office. In 986, the Koryo court had awarded merely fifty degrees after thirteen examination sessions and had faced difficulty in encouraging provincial candidates to relocate to the capital for scholarly training. King Songjong 成宗 (r. 981–997) opted to provide a long-term incentive to foster the growth of education:
Javier Cha	To Build a Centralizing Regime - Yangban Aristocracy and Medieval Patrimonialism 	Despite my shameful lack of virtue, I sincerely venerate scholars and intend to restore the mores of the Duke of Zhou and Confucius. I hope to effect the model of Yao and Shun, nurturing scholars in schools and recruiting them via examin- ations. Now, some of you, students who entered the capital from the provinces, yearn for your people at home. I hereby permit you to decide whether you will stay or leave at will. All of you mark my words—you are not to abandon your study. I award 1400 bolts of silk to 207 of you who elected to return home, and the fifty-three of you remaining in the capital will be granted 106 hats and 265 sök of rice.
Javier Cha	To Build a Centralizing Regime - Yangban Aristocracy and Medieval Patrimonialism 	The situation changed considerably in the following century, as demonstrated by the aggregation of Koryo state examination data in twenty-year intervals (see Chart 1). After experiencing a steady decline until 1040, the examination system steadily increased the number of degrees granted, and the state operated twelve prestigious provincial academies to attract candidates. The Koryo state passed about two hundred candidates every twenty years during institutional reforms between 1040 and 1100. From 1100 to the demise of the Choe regency in 1258, that figure soared to an average of four hundred students, as did the number of students enrolled in the National Academy (Kukchagam 國子 監 or Kukhak 國國學). In 1130, the court, facing a situation that would have been absurd to King Sŏngjong in 986, cut expenditures in public education upon identifying the National Academy as a major revenue drain. The students launched a collective protest and successfully reversed the decision.
Javier Cha	To Build a Centralizing Regime - Yangban Aristocracy and Medieval Patrimonialism 	By the eleventh century, thousands of provincials were drawn to the allure of the center. The activist reforms in the late eleventh century inspired these provincials to compete for a bureaucratic career, although the availability of such positions was severely limited. At the same time, activist monarchs improved the size and quality of the standing army, enlarged the tax base, and streamlined the bureaucratic procedures. The total number of staff was kept low to reduce expenditures, which in turn further improved the states fiscal health and reduced the collective influence of the nobility. Hundreds of students flocked into the examination halls, and thousands of men of valor joined the military. In 1107, more than six hundred candidates took the civil examinations, and only twenty-seven received degrees. The Koryo court subsequently restricted participation to three times in a lifetime to cope with this intractable demand. Likewise, military institutions experienced unprecedented growth. According to Xu Jings observation, as many as thirty thousand soldiers were stationed on active duty in Kaesong 開城 in 1123.
Javier Cha	To Build a Centralizing Regime - Yangban Aristocracy and Medieval Patrimonialism 	Through this combination of examinations and patronage, the Koryo court attracted a large number of provincials to the center. Many personalities with biographies listed in The Dynastic History of Koryo were reportedly men of obscure or humble” background, without explicit mention of their legally ascribed status. For example, Mun Kongmi of Nampyong came from a humble household, Kwon Supyong 權守平 (d. 1250) was described as “a man from Andong, of obscure past and unknown house pedigree,” and Kim Chongsun 金正純 (1086–1145) was described simply as someone who “arose from destitute conditions. All of those men ascended the social ladder in the mid-Koryo period. Mun Kongmi had no notable officeholding ancestors before his father, Mun Ik 文翼 (fl. 1098–1102). Kwon Supyong was probably a local functionary who sought gradual promotion into the court bureaucracy by means of a sinecure post. Kim Chongsun, whose ancestral seat was not mentioned in the primary sources, may have been a commoner and was apparently a chivalrous man who valued resoluteness and excelled in archery and horseback riding. His gifts in the military arts helped him earn merit in the northern pacification campaigns, thereby securing his status as a bona fide court bureaucrat.
Javier Cha	To Build a Centralizing Regime - Yangban Aristocracy and Medieval Patrimonialism 	Activist monarchs benefited immensely from the inundation of provincials who needed royal benefaction to boost their career prospects. Meritocracy in Koryo ultimately served the interests of the king or regent, and the various avenues of entry into officialdom were neither a product of goodwill nor a result of impartial institutions administered with legal rationality. The exami- nation system operated on a set of regulations that designated the career path of candidates based on their subject and excluded certain undesired segments of the population from official candidacy. In practice, the king or regent frequently made exceptions. Unusually, the aforementioned Choe Sajon advanced to civil officialdom with a medical examination degree. He relocated to Kaesong from Cheju Island as a palace doctor, maneuvered shrewdly in court politics, and rose to a second-rank chancellery post. During an examination procedure, the court appointed a Chief Examiner (chigonggo 知貢擧) to oversee the selection of worthy candidates, but upon the conclusion of each session, the king personally assumed the responsibility of final evaluation. The monarchs participation in the proceedings, which occurred regularly until 1110, was more than a symbolic gesture; it communicated his intention to provide personal benefaction to the candidates from that point forward.
Javier Cha	To Build a Centralizing Regime - Yangban Aristocracy and Medieval Patrimonialism 	Numerous examination candidates who by legislation should have been disqualified advanced to the court bureaucracy by royal prerogative. In 1043, the court prohibited unfilial sons, the lowborn, and their descendants from partaking in the examinations and, under institutional reforms, expanded the scope of the prohibition to everyone who lacked official record of his ancestry in household registration documents and to the offspring of incestuous unions. No Chun 魯準 (fl. eleventh century) was born to parents belonging to intersecting mourning circles. He attained the high-level chinsa 進士 degree nonetheless, but the court objected to his birth from an endogamous union when he sought promotion. Choe Sök 崔奭 (fl. 1051–1088), the Minister of Personnel, enacted a move to terminate his bureaucratic career, against which King Munjong opined: In recruiting talent, we need not strictly adhere to ordinary regulations. Perhaps he could be awarded a bureaucratic post to open a path into court membership. King Munjong and Ch’oe Sök disagreed, but eventually reached a compromise, following the latters recommendation and rationale: “Ordered household leads to proper governance of the state. [No] Chuns father had an indecent marriage that disturbs the cardinal human relationships. However, our ongoing veneration of Confucian methods established the recruitment of scholars as the priority. It may be fitting to assign him a lower-rank duty. In another case, Chong Mun 鄭文 (d. 1106), whose maternal grandfather was from a lowborn district, attained a civil examination degree to enter officialdom. His lowborn link surfaced as a point of debate only when he was recommended for a censorial position. King Sukchong agreed with the arguments launched against appointing him as a censor, but promoted him to other upper-tier civil bureaucratic posts. Chong Mun served as an important contributor to activist reforms. In 1105, he served as the crown princes tutor and Minister of Rites, and subsequently completed a successful diplomatic mission to the Northern Song 北宋 (960-1127), where he acquired a large number of books.
Javier Cha	To Build a Centralizing Regime - Yangban Aristocracy and Medieval Patrimonialism 	Besides the king, Koryos courtiers also engaged in the practice of patronage. In the early eleventh century, Yi Chujwa 李周佐 (d. 1040), described in the official biography as “a man of Kyongju, who came from a humble household but was a bright child, was spotted by Yi Songgong 李成功 (fl. ca. 997–1039), then the District Regent of the Eastern Capital (tonggyong yusu 東京留守), who brought Yi Chujwa to Kaesong. At the capital, Yi Chujwa enrolled in the National Academy at the recommendation of his patron and passed the civil examinations sometime between 1000 and 1009, leading to a bureaucratic career that reached the senior third rank. Later in the same century, Kwak Sang 郭尚(1034–1106) experienced rapid promotion in social status from a functionary to a courtier: “Kwak Sang, styled Wollo, was a man of Chongju. Originally a minor functionary, he climbed up the social ladder by currying favor and served King Sonjong at National Residence. Of course, “currying favor is simply a way of describing in a negative light Kwaks ability to seek and establish connections with the right people in positions of power.
Javier Cha	To Build a Centralizing Regime - Yangban Aristocracy and Medieval Patrimonialism 	Whether within civil or military officialdom, a successful bureaucratic career in the medieval court society required the establishment of strong bonds with influential patrons, preferably an aristocratic courtier or a top-tier military official. Permanent resettlement in the dynastic center, in contrast, necessitated marriage alliances with courtiers of equal or higher status. The gradual enforce- ment and adoption of consanguinity laws in later medieval times curbed the widespread practice of kinship and regional endogamy, and two centuries of hegemonic rule under the Choe dictatorship and Mongol domination consid- erably disturbed the foothold of the early medieval aristocracy in the Koryo court. Between circa 1170 and 1350, many local functionaries and men of obscure origin progressively filled the bureaucracy alongside the surviving members of the old aristocracy. Those who hedged their bets prudently in this political game of patronage and marriage became the interchangeably civil and military courtiers known as the yangban, who preserved their privileged status through inclusion in a cohesive web of relinked affines. The Andong Kwon 安東 權氏 coalition was one among many such intellectual and marriage networks of courtiers.
Javier Cha	To Build a Centralizing Regime - Yangban Aristocracy and Medieval Patrimonialism 	Marriage and Patronage under Mongol RuleThe Mongol rule of Korea from 1258/1270 to 1351 was a turning point in the making of the yangban aristocracy. Going back to the list of medieval houses collated by Yi Sugon and John Duncan, this discussion concerns the twenty- seven to thirty newcomers grouped under Type C (see Table 1B and Table 1C). Like their early and middle Koryo counterparts, the majority of members of late Koryo houses gained employment in the central governments civil or military service that is, yangban—via patronage and sought to secure their relocation to the capital through marriage with other yangban. The dynamic changed in three ways. First, the Mongol leaders in Daidu 大都 (Khanbaliq 汗八里; present- day Beijing), the capital of Yuan元(1271–1368), replaced the civil and military regents as the head patrons of yangban courtiers. Second, examination degrees declined in value and popularity for about sixty years after the Mongol conquest of Koryo; however, this trend was reversed soon thereafter (see Chart 1).
Javier Cha	To Build a Centralizing Regime - Yangban Aristocracy and Medieval Patrimonialism 	Examples are abundant. Consider the Haengju Ki 幸州奇氏 and Pyongyang Cho 平壤趙氏, who were notable beneficiaries of Mongol patronage. The Ki originally worked as Choe House retainers and gained political power when one of the daughters was married to Emperor Shundi of Yuan 元順帝 (r. 1333– 1368; Toghon Temür 妥懽帖睦爾). Cho In’gyu 趙仁規(1237–1308), the progenitor of the Pyongyang Cho, was a low-ranking functionary or sinecure official in a small district near Pyongyang. His political success came from his proficiency in Mongolian, and after working as the Koryo kings translator, he rapidly moved up to become an ennobled courtier with patronage and marriage ties in Daidu. Others, such as the Changnyong Song 昌寧成氏 and Kwangju Yi 廣州李氏, were local strongmen who entered the capital by collective examination performance. Sõng Yowan 成汝完(1309–1397) entered office in 1336 upon attaining a civil examination degree and worked his way up in the court bureaucracy as an active participant in King Kongmins 恭愍王 (r. 1351–1374) reforms. When Yi Songgye 李成桂 (1335–1408) launched the dynastic coup, he opposed the move and retreated to the countryside in protest. However, Song Songnin 成石璘 (1338–1423), his son, joined the northeasterners cause and was given a merit subject privilege. In the case of the Kwangju Yi, the first try at the court bureaucracy happened with Yi Chip 李集 (1314–1387), who passed the civil examinations in 1368 but held an official post for no more than three years. Their conversion into a bona fide yangban house had to wait until Yi Inson 李仁孫(1395-1463) supported the Usurpation of 1454; his clansmen attained examination degrees in large numbers over a short period soon thereafter.
Javier Cha	To Build a Centralizing Regime - Yangban Aristocracy and Medieval Patrimonialism 	Many of these newcomers originated in the south. As the data collected by Yi Sugon and Kang Ungyong suggest, Mongol rule devastated the power base of courtiers and functionaries with their ancestral seat in the northwest (see Table 4B: Local Strongmen After Mongol Rule). This “devastation involved the near-total elimination of those established surnames. Table 4B replicates Kang Ungyongs province-level aggregation of “established and perished surnames based on her interpretation of the various categories that appear in the gazetteer. The subsequent three tables are my breakdown of three of those provinces. This simple exercise of aggregation and ratio calculation reveals an astonishing pattern. The southernmost provinces of Cholla and Kyongsang remained unscathed, while the central provinces of Hwanghae, Kyonggi, and Kangwon saw forty to forty-five percent of established functionary surnames disappear. Established surnames in Kyongsang Province collectively comprised nearly eighty-three percent of all of the surnames represented, whereas in Kyonggi the equivalent figure was fifty-eight percent. The figure in Kyonggi paled in comparison with areas further north. In Pyŏngan Province, the gazetteer identifies a total of 452 surnames. Of those, only twenty-seven, or six percent, are listed as established surnames. A staggering ninety-four percent, or 425, were outsiders, and 404 out of those 425 had moved in, probably as a result of the post-Kongmin Koryo and early Chosŏn states resettlement policy.
Javier Cha	To Build a Centralizing Regime - Yangban Aristocracy and Medieval Patrimonialism 	One of the most successful southern clans that laid the foundation for their lasting yangban status was the Andong Kwon. The Kwons claimed descent from the progenitor Kwon Haeng 權幸/行 (fl. early tenth century), a strongman from the southeastern county of Koch’ang 古昌郡. During the civil war in the early tenth century, he initially opposed King Taejo 太祖, but he later reversed his position. For his cooperation, Kwon Haeng received investiture as a “merit subject and saw his home county promoted to Andong prefecture 安東府. In 930, the inchoate Koryo state sent him back to his ancestral seat and appointed him Taesang 大相, a local functionary position in the fourth rank. For ten generations, the Kwons resided in Andong as an “established surname” (tosong 土姓) and preserved their status as local notables through a balance of kinship endogamy and marriage with other local clans of similar pedigree. Starting from the tenth generation, two segments achieved courtier status and forged a cohesive network of marriage alliances consisting exclusively of courtier, royal, and imperial lineages. Patronage and marriage played decisive roles in those two segments status promotion and long-term preservation of their elevated social position.
Javier Cha	To Build a Centralizing Regime - Yangban Aristocracy and Medieval Patrimonialism 	In early and middle Koryo, the Kwon generally remained content with their position as local functionaries and did not seek bureaucratic careers in Kaesong. That is, with the exception of one documented personality. Kwon Chok 權適 (1094–1147; not shown in the network graph) passed the literary examinations in 1112 at the age of nineteen. However, the sudden death of his father before the final stage of the examination obstructed his entry into the court bureaucracy. Upon completing the funerary rite, he caught the attention of Yi Chahyon 李資玄(1061-1125) at Mañjuśrī Monastery (Munsusa 文殊寺) near present-day Chunchon 春川. This encounter proved a turning point for Kwons career, as Yi Chahyon was of the illustrious Kyongwon Yi house and the younger brother of the regent Yi Chagyom 李資謙 (d. 1126). In 1115, when the Northern Song court invited Koryos bureaucrats to receive training in the Imperial Academy (Guozijian 國子監), Kwon Chok was granted the exceptional privilege of being sent to Kaifeng 開封 along with four other promising students, a privilege he likely owed to Yi Chahyons considerable influence on the recommendation procedure. As contrived as this practice of patronage may appear, Yi Chahyon precociously evaluated the ability and talent of this youthful academician. His circle of immediate agnatic and affinal network, after all, produced the most respected men of letters in Kaesong at the time. In China, Kwon Chok impressed Emperor Huizong 徽宗(r. 1100–1126), attained the prestigious jinshi degree 進士, received an honorary bureaucratic title, and returned to Koryo in 1117 along with a team of emissaries led by Yi Chahyons brother Yi Charyang 李資諒 (d. 1123). Kwon Chŏk subsequently enjoyed three decades of a successful bureaucratic career in the middle and upper-middle ranks until his death in 1147 while serving as Assistant Master of the National Academy (kukchagam cheju 國子監祭酒; junior third rank).
Javier Cha	To Build a Centralizing Regime - Yangban Aristocracy and Medieval Patrimonialism 	Kwon Chok experienced a meteoric rise in status: starting as a local notable, he became a middle-level civil official who visited China. However, his family lasted only a single generation in the capital, as did the family of Kwon Choks great-grandfather. According to Kwon Choks epitaph, his great-grandfather Kwon Kyunhan 權均漢 (dates unknown) served as a low military official in the junior ninth rank, while his grandfather and father held honorary titles attributed posthumously. After a brief stint in the capital, they probably returned to their ancestral role as hereditary functionaries in Andong. Kwon Choks literary talent and participation in the civil examinations opened the door for this provincial man to enter a bureaucratic career in Kaesong, but his success thereafter depended heavily on the benefaction of the influential courtier Yi Chahyon. The Andong Kwons second documented attempt at courtier status turned out to be ephemeral. Following the purge of the Kyongwon Yi in 1126, Kwon Chok failed to secure ties with a new influential patron and competed with other established courtiers. His five sons failed to live up to their fathers achievement as an eminent academician; at the time of Kwon Choks death, Kwon Taebang 權大方(fl. 1148) was a student at the National Academy and along with Kwon Tollye 權敦禮 (fl. 1148) held a sinecure position; Kwon Palchin 權發真(fl. 1148) and Kwon Tonsin 權敦信 (fl. 1148) became Buddhist monks; and Kwon Choks youngest son was still a toddler. None of his descendants engaged in activities worthy of documentation, and the editors of the 1476 genealogy did not register Kwon Chok and his children as members of the Andong Kwon descent group.
Javier Cha	To Build a Centralizing Regime - Yangban Aristocracy and Medieval Patrimonialism 	Descendants of the ninth-generation progenitor Kwon Iyo 權利輿(dates unknown) drafted the 1476 edition of the Andong Kwon genealogy, which for the initial eight generations recorded only the direct line of ancestors leading to Kwon Iyo and suppressed the entry of the extended branches, citing the paucity of sources. Kwon Choks father Kwon Togyo 權德輿 (fl. circa 1094) may have belonged to the same generation as Kwon Iyo, but this connection cannot be established empirically.
Javier Cha	To Build a Centralizing Regime - Yangban Aristocracy and Medieval Patrimonialism 	Regardless of the precise line of descent connecting Kwon Chok and his possible uncle Kwon Iyo, more Kwons from Andong pressed to become a courtier household in Kaesong. Three segments of Kwon Iyos line attained bureaucratic positions and enjoyed varying degrees of success at relocating to the capital and solidifying their courtier status. Kwon Iyo and his sons remained in Andong as functionaries; status differentiation began to occur in the subsequent generation. The line of Kwon T’ong 權通 (dates unknown) remained as hereditary functionaries in Andong for an additional four documented generations. Kwon Chehwa 權棣和 (dates unknown), of another segment, succeeded in receiving a sinecure military post in the capital, but his patrilineal line ended prematurely with his two sons. One son became a Buddhist monk, and the other son, with unknown social standing, produced three daughters. Two of his daughters married the local functionaries Kwon Yangjun 權良俊 (dates unknown) and Kim Igyon 金利堅(dates unknown), both probably of Andong, in what may be evidence of kinship and regional endogamy. The above examples, from Kwon Chŏk to Kwon Iyo, demonstrate the Andong Kwons eagerness to relocate to Kaesong as well as the difficulties they encountered in this process.
Javier Cha	To Build a Centralizing Regime - Yangban Aristocracy and Medieval Patrimonialism 	Kwon Supyŏng succeeded in permanently relocating his family to the capital, though he did not live to see his offspring grow into one of the most illustrious descent groups in early modern Korea. The official biographical sketch in The Dynastic History of Koryo paints Kwon Supyong as a frugal man of obscure ancestry who lived in destitute conditions. At the height of the Choe regency, he entered as a military official of the junior ninth rank and patiently worked his way up in the military branch of the bureaucracy. By the time he left office, he had served as deputy head at the Bureau of Military Affairs (chumirwon pusa 樞密院副使), a prestigious position in the senior third rank. No details survive regarding the life of his son, Kwon Wi 權違(dates unknown), except that he worked as a Hallim Academician (Hallim haksa 翰林學士). This generation marked the Andong Kwons permanent change from a military to a civil officeholding yangban house.
Javier Cha	To Build a Centralizing Regime - Yangban Aristocracy and Medieval Patrimonialism 	Subsequently, the unambitious Kwon Tan 權胆(1228–1311) entered the picture. As a youth, Kwon Tan wished to lead a life in seclusion but decided against it at the urging of his father, who apparently exhausted the familys finite resources to provide for Tans education. Tan had a knack for literary composition and passed the civil examinations upon the recommendation of the Chancellor Yu Kyong 劉璥 (1211–1289), who told him: You have training in the literary arts; you ought not be doing administrative tasks.” His successful career as a local magistrate, civil bureaucrat, and state examiner ended with voluntary early retirement. A pious follower of Buddhism who had followed a vegetarian diet for forty years, Kwon Tan finally, in his late years, fulfilled his wish to become a monk despite the repeated protests of Kwon Pu 權溥 (1262-1346), his ambitious heir.
Javier Cha	To Build a Centralizing Regime - Yangban Aristocracy and Medieval Patrimonialism 	Kwon Pu played a pivotal role in establishing the Andong Kwon as the most illustrious and recognizable descent group in medieval and early modern Korean history. In the Choson Dynasty, his offspring, along with members of a secondary branch, would produce more than three hundred civil examination degree holders, second in rank only to the royal family. According to a demographic survey from 2015, Andong Kwon is the eleventh largest choronym in South Korea, with a total population of nearly 700,000. The origins of this spectacular rise in number, wealth, and prestige can be traced back to 1279, when Kwon Pu passed the civil examinations at the tender age of seventeen and started his bureaucratic career. He stayed in office for a staggering sixty-seven years, forty years of which were in chancellery positions, until his death in 1346 at the age of eighty-four.
Javier Cha	To Build a Centralizing Regime - Yangban Aristocracy and Medieval Patrimonialism 	Under Kwon Pus patriarchy, the Andong Kwon witnessed the ennoblement of five sons and four sons-in-law, maximizing the advantageous aspects of Mongol rule. Wang Hu 王煦 (1296–1349), born Kwon Chae 權載, entered office at the recommendation of his brother Chun 權準(1280–1352). Both King Chungson 忠宣王 (r. 1298–1313) and King Chungsuk 忠肅王 (first reign 1313– 1330; second reign 1332–1339) took a liking to Kwon Chae. The former king conferred on him the royal surname, adopting Kwon Chae as his godson Wang Hu, and the latter king ennobled him as the Lord of Kyerim (Kyerim Puwongun 雞林府院君). In 1314, the Yuan court deposed King Chungson and recalled him to Daidu. Wang Hu followed his king to the Yuan court, during which time he built a solid network of patrons and received the Mongol name Tuohuan 脫歡. After returning to Kaesong in 1325, he quickly rose to the rank of State Councilor and endeavored to tackle the widespread problems of extortion and land grabbing. Ironically, many of the culprits were his own family members and their political associates.
Javier Cha	To Build a Centralizing Regime - Yangban Aristocracy and Medieval Patrimonialism 	During the era of Mongol rule, families backed by powerful patrons used their clout to accumulate wealth by illicit means. In the final evaluation of Kwon Pu, The Dynastic History of Koryo states: “As a sociable character, he held the position in charge of appointing personnel for a long time, building his wealth by selling offices. The people at the time thought of him as a far cry from his fathers frugal life.” Other families took a more aggressive stance, the most common act being the seizure of estates and slaves. No Ch’aek 盧頭 (d. 1356) was said to have “a rapacious disposition that enjoyed seizing others slaves. Ki Samman 奇三萬 (d. 1347), a relative of Ki Ch’ŏl 奇轍 (d. 1356), “relied on his political influence to unlawfully take lands belonging to others. He died in the midst of an interrogation headed by Wang Hu. A brother of Wang Hu, Kwon Kyom 權謙 (d. 1356), eagerly sought Mongol patronage early in his career, for which he became a myriarch (wanhu 萬戶) and was able to marry his daughter to the Yuan crown prince. In 1356, Kwon Kyom colluded with Ki Chol and No Chaek to depose King Kongmin because of conflicting views regarding the diminishing Mongol hegemony. The plot failed, resulting in the execution of Kwon Kyom, Ki Chŏl, and No Chaek along with their henchmen and the courts seizure of their property. King Kongmin cited the illicit seizure of land and property as one of the reasons for their purge. One edict read: “Ki Chol and Kwon Kyom have marriage ties to the imperial house. Drawing on the power of this influence, they defied the rule of law and seized the peoples land and possessions and engaged in wrongdoing at will.
Javier Cha	To Build a Centralizing Regime - Yangban Aristocracy and Medieval Patrimonialism 	King Kongmins edict in no way overstated the scale of their illicit activities. Ki Won 奇轅, a brother of Ki Chŏl, led an extravagant lifestyle that was described as follows: Once, Ki Won gathered his clansmen to host a banquet for his mother using extremely luxurious vessels, utensils, and delicacies. Observers thought of this as a rare sight in Korea.” However, Ki Wons lifestyle was not as extraordinary as this account implies. Kwon Chun 權準 (1281-1352), a loyal supporter of King Kongmin who died before his brother committed treason in 1356, owned a luxurious compound. King Chungsuk was said to have toured his residence in admiration at one point and exclaimed: “This is well beyond my own ability. As for how Kwon Chun managed to build this luxurious compound that astonished even his king, the official biographical sketch in The Dynastic History of Koryo gives an explanation that by now must sound like a common trope: He accumulated his massive wealth by relying on his political influence to seize lands and take bribes. Kwon Ko 權皐 (1294–1379), the final Andong Kwon of this generation to be discussed, provides a slightly different story. He had a property dispute with his son, Kwon Kan 權侃 (fl. 14th century), that led to a litigation battle. When his son did not show up for the hearing, Kwon Ko kicked Kans wife out of anger, causing a miscarriage as well as her death. During the official investigation of this incident, an unnamed figure apparently testified: “Kwon Ko is a rapacious and violent character. He who kicked his sons wife to death is no father. Kan, who disobeyed his fathers will, is no son either.” The early Choson editors of Koryo records did not deliberately insert these episodes to vilify the degenerate conditions of the preceding dynasty. Indeed, these editors included the offspring and intellectual heirs of the Andong Kwon. While the death of a daughter-in-law was clearly regarded as a tragedy, and some details might have been adjusted or amplified, violent clashes occurred rather frequently in Koryo under Mongol rule. In this fiercely competitive environment, the new breed of yangban courtiers ruthlessly built power and wealth, a process that involved land grabbing, extortion, and sometimes kidnapping, rape, and murder. The Andong Kwon survived this turbulent late Koryo era and reaped the benefits of this gain for centuries afterward.
Javier Cha	To Build a Centralizing Regime - Yangban Aristocracy and Medieval Patrimonialism 	ConclusionThe foregoing discussion is a new way of thinking about the ambiguous roles of birth and merit in medieval Korean society, which have been treated as a paradox in the established historiography and periodization schemas. Under the influence of modernization theory, historians of Korea have approached the medieval era using the dichotomy of feudal aristocracy and bureaucratic centralization. This reworking of Max Weber implicitly defines the latter as a more evolved modern form of government that operates on the meritocratic qualities of impersonal institutions, which in preindustrial East Asian societies were purportedly provided by the Confucian tradition. Thus, a heated debate in modern historiography has been about the point at which Korean society transitioned from patrimonial domination to legal-rational forms of governance.
Javier Cha	To Build a Centralizing Regime - Yangban Aristocracy and Medieval Patrimonialism 	There is a remarkable lack of consensus on whether this Weberian social change took place in Koryo, in Choson, or at all in preindustrial Korea. Some historians opine that Buddhism was the state religion of Koryo, and that Koryo marked a gradual shift from the native” customs and practices of the Three Kingdoms era to the Neo-Confucian world of Choson. However, Remco Breukers revision paints Koryo as a world in which “native” and “Buddhist” ideas and practices coexisted alongside Confucianism and the pluralistic notion of Samhan unifi- cation. The extent of the bureaucratic centralization in Koryo has remained a point of dispute as well. The political system of Koryo is described as a combi- nation of aristocratic” and “bureaucratic elements because in staff recruitment, the Koryo state adopted the civil service examinations in a manner that valued candidates pedigree. With respect to official appointment, the Koryo state did appoint magistrates, but only to about thirty percent of local districts.
Javier Cha	To Build a Centralizing Regime - Yangban Aristocracy and Medieval Patrimonialism 	In the 1970s, Pak Changhui and Kim Uigyu proposed that the implementation of the state examination institution distinguished Koryo from Sillas putative autocratic despotism. However, Yi Kibaek and Pak Yongun questioned the extent to which the Koryo states bureaucratic apparatus penetrated into the lower levels of administration. Their empirical research laid bare the medieval Korean states remarkably limited capacity to dispatch magistrates to the localities the abovementioned thirty-percent figure-and the endurance of feudal characteristics in local administration, the economy, and land tenure well into the later stages of the dynasty. Yi and Pak held the opinion that the bureaucratic stage of Koreas historical development had to await the coming of Neo-Confucian rule in Choson.
Javier Cha	To Build a Centralizing Regime - Yangban Aristocracy and Medieval Patrimonialism 	In North America, James Palais and John Duncan laid out another perspective in which the focus was the persistence of “aristocratic elements throughout Silla, Koryo, and Choson, despite the process of Confucian bureaucratization. This thesis of aristocratic/bureaucratic balance challenged the claims of progress and modern elements made by some South Korean historians. The making of this framework began in Palais 1975 study, Politics and Policy in Traditional Korea, in which he meticulously examined the recalcitrance of landed aristocratic elements in implementing state-directed modernization efforts in the late nineteenth century. In the 1980s and 1990s, Palais extended the application of his thesis to the medieval and early modern eras. This effort began with a series of critical evaluations of canonical studies in private land ownership, social mobility, and Confucian intellectuals and institutions. John Duncan, who aimed to reaffirm Palaiss thesis of aristocratic/bureaucratic balance, gathered a wealth of empirical data to argue for the enduring dominance of early Koryo “aristocratic households into the subsequent Choson Dynasty. In Duncans version of aristocratic/bureaucratic balance, Koryos elite consisted of a core group of descent groups [that] persisted from the beginning to end but also experienced some “minor accretions and deletions...over the centuries. Duncan attributed this social change to the civil service examinations and the beginnings of bureaucratic governance in Korea.
Javier Cha	To Build a Centralizing Regime - Yangban Aristocracy and Medieval Patrimonialism 	This article has proposed a third way of understanding the social dynamics of medieval Korea: as a push/pull relationship between the center and the provinces. The implementation of “bureaucratic elements was a way to become an aristocratic society in the absence of legislated means of status protection. After the collapse of bone-rank order, Koryo assigned surnames to local strong- men who had collaborated with the regime during the unification campaign. A few among them wielded tremendous power and prestige as ennobled houses in the capital, but the influence of these illustrious houses rarely lasted more than four generations. Monarchs and regents to the throne who led the patrimonial aristocracy exercised nearly unrestricted authority, but only in select parts of the realm and for short periods. The central state was connected to the provinces via strong and vertical relationships of coercion and loyalty, but with limited institutional reach into local communities. Over time, however, the yangban sociopolitical order managed to establish long webs of interdependence between the capital and the provinces and increased state centralization to levels previously unknown in the Korea-Manchuria region.
Javier Cha	To Build a Centralizing Regime - Yangban Aristocracy and Medieval Patrimonialism 	Koryo was a volatile environment. In Kaesong, the struggle for power among the monarch and noble houses prompted members of the political establishment to recruit outsiders as a means of enhancing their political leverage, and conjugal bonds were accepted as the most trusted practice of solidifying such patron/client ties. On the flip side, instability in the establishment created a wealth of opportunities for outsiders who aspired to higher social positions. Koryos transformation into an “aristocratic” society happened by social practice, rather than by prescription, to address a challenge that was shared by the dynastic house, noble houses, and provincial newcomers. This practice was closely entwined with the processes associated with bureaucratic centralization, such as staff recruitment by civil examinations. The adoption of Sinitic offices and the civil service examinations was a consequence of this fierce competition for power at the center. With the exception of those with Sillas true-bone or head-rank ancestry, Koryos social elite consisted of those with no pedigree in pre-Koryo times. In this environment, protection appointment of offices and the recruitment of new retainers from a pool of exam degree holders via patronage and marriage provided a means of self-perpetuation.
Javier Cha	To Build a Centralizing Regime - Yangban Aristocracy and Medieval Patrimonialism 	The formation of the medieval aristocracy consisted of two major phases. Initially, the push/pull relationship between the center and provinces generated strong centripetal forces. This push/pull mechanism had an unstable center that experienced rapid turnover but forced provincials to establish ties because the state exercised the authority to revoke privileges. After the period of Mongol rule, as shown in the case of the Andong Kwon and their associates, this arrangement began to stabilize to the point where the life chances of provincials entering the capital substantially diminished. The coalitions of yangban forged robust ties of mutual protection via patronage and marriage, and the success of this practice transformed the center into a stable environment with a pool of capital-based courtier houses that performed exceptionally in the state examin- ations. A related social change during this period was the adoption of Confucian marriage practices, which prohibited marriage with kin within six degrees of consanguinity. As a consequence, prominent courtier houses in the later medieval period did not enjoy such a high concentration of political power as did their early medieval counterparts, such as the Kyongwon Yi. The marriage restrictions forced the yangban to diversify the pool of their marriage partners, which had the inadvertent effect of promoting the lineages long-term survival and contributing to the growing stability of the center.
Javier Cha	To Build a Centralizing Regime - Yangban Aristocracy and Medieval Patrimonialism 	Over time, the coalescence of the central establishment discouraged provincials from considering the risky endeavor of advancement and relocation to the capital. With the center enjoying a sociopolitical stability that it had not known for centuries previously, the latecomers to the post-Mongol rush to relocate to the capital had to devise creative new ways of marking their distinction at the local level. Neo-Confucian learning was an intrinsic part of this new local culture, and so was the formation of various organizations to protect local interests. The middle of the sixteenth century saw the beginnings of the early modern localizing order, which from the medieval standpoint was the perfection of an aristocratic order that would have been the envy of early Koryo monarchs. From this long-term perspective, the early modern localizing order was an unlegislated status system that was made possible by a stable center and a constellation of provincials who pursued local interests while remaining loyal to the state.
Sixiang Wang	What Tang Taizong Could Not Do 	In 1259, Wang Chon 王倎 (1219-1274), the heir apparent of Koryo 高麗 (918-1392), traveled thousands of miles across northern China to offer his surrender to Khubilai 忽必烈(1215-1294). Anticipating a bitter struggle for the now empty Mongol throne, Khubilai abandoned a campaign against the Southern Song, and was traveling back north when he encountered Wang Chon on the “frontier of Liang and Chu.” According to the Koryo History (Koryo sa 高麗史), he was overjoyed and said:
Sixiang Wang	What Tang Taizong Could Not Do 	Koryo is a country of a myriad miles. Since the time of Emperor Taizong of the Tang, who personally led an expedition against it, it could not be subjugated. Now that its Heir Apparent has come to submit to me, it must be the will of heaven! 高麗萬里之國,自唐太宗親征,而不能服。今其世子自來歸我,此天意也。¹
Sixiang Wang	What Tang Taizong Could Not Do 	According to the logic of historical analogy in this passage, the surrender augured Khubilais eventual accession as Great Khan and reign as Emperor Shizu of the Yuan dynasty 元世祖 (r. 1260-1294). When ruled by the kingdom of Koguryo 高句麗 (trad. 37 BCE-668 CE), Korea had once repelled the armies of even the paragon Tang emperor Taizong 唐太宗 (r. 626-649).² Now that it had submitted to him, Khubilai was convinced that he would not only be the Tang emperors successor, but also destined for even greater glory.
Sixiang Wang	What Tang Taizong Could Not Do 	As is the case for many such quotations in dynastic histories, it remains an open question whether such words were ever actually uttered.³ But Khubilais statement should not be dismissed as the mere fancy of Korean chroniclers, for it is a pithy recapitulation of a subtle but no less consequential dynamic of this period in Mongol-Koryo relations: the intertwining of Koryo diplomatic strategy, the political objectives of Khubilai and his court, and efforts by Khubilais officials to cast the Mongols as heirs to a long-standing imperial tradition. The passage is also a key node in a whole complex of writings and rewritings about how Koreas relationship to this tradition should be understood.
Sixiang Wang	What Tang Taizong Could Not Do 	By the time of Wang Chons surrender, Koryo had been at war with the Mongol-Yuan empire 蒙元(1206-1389) for decades.⁴ The first outbreak of hostilities was in 1211, when Mongol forces killed the Koryo emissaries to the Jurchen Jin 金 (1115-1234).⁵ Koryo, then controlled by the Choe family and its military clique (Choe ssi musin chonggwon 崔氏武臣政權,1189-1258), negotiated various pacts in the ensuing years, but could not secure a lasting peace with the Mongols.⁶ Only after the assassination of the last Choe dictator in 1259, did the Koryo court comply with Mongol demands to send Wang Chon, the authentic heir apparent, the future king Wonjong 元宗 (r. 1259-1274), as a hostage.
Sixiang Wang	What Tang Taizong Could Not Do 	His surrender was a watershed moment in Korean history. The ensuing epoch, usually described in Korean historiography as the “period of Yuan intervention” (Wön kansopki 元干涉期),⁷ witnessed Koryos integration into the Mongol empire, a process with broad social, cultural, and political consequences.⁸ Koryo elites who traveled to Yuan China exposed Korea to the now ascendant Zhu Xi Neo-Confucianism,⁹ while wide circuits of trade¹⁰ brought cultural influences from Central Asia, Tibet, and beyond.¹¹ The period also saw shifts in the power dynamics among the Koryo elite. Under Choe control, the kingship had become a figurehead position, but Wonjong, supported by his Mongol overlords, restored it as a locus of political power. His son, the future King Chungnyol 忠烈王 (1236-1308; r. 1274-1308), married Khubilais daughter, the Princess of Qi 齊國長公主(1259-1297). With these imperial connections, Chungnyol sidelined the traditional Koryo elite to concentrate power in his own hands.¹² After King Chungnyŏl, Koryo rulers not only were descendants of Khubilai through the Princess of Qi, but also married Chinggisid women to maintain their dual status as imperial consort and Koryos king (Fuma Gaoli wang/ Puma Koryo wang 駙馬高麗王).¹³ Dependence on their Mongol kin also meant, however, the Koryo royal family was often embroiled in Yuan dynastic intrigues, with Korean political fortunes swaying with developments at the Yuan court in Dadu.¹⁴
Sixiang Wang	What Tang Taizong Could Not Do 	Royal pageantry made explicit the kingships reliance on imperial approval. In a departure from pre-Mongol period practices, new court rituals emphasized the Yuan emperors superiority over the Koryo king and codified Koreas integration into its universal imperial order. Korean rulers relinquished many symbols of Koryo political autonomy.¹⁵ As widely noted in existing scholarship, Koryos rulers now represented themselves as vassals of a universal emperor, a shift with consequences for Korean relations with the Ming and Qing empires during the Choson dynasty (1392-1910).¹⁶
Sixiang Wang	What Tang Taizong Could Not Do 	The ritual transformation of Korean kingship, however, had ramifications beyond Korean royal politics or Koryo-Mongol relations per se. It also had lasting effects for Chinas imperial tradition as a whole. Here, the imperial tradition refers to two distinct notions, that are often intertwined in practice. The first is the concept of zhengtong (chongtong 正統), which tied political authority to a diachronic transmission through a line of previous imperial dynasties.¹⁷ The second, broader view of the imperial tradition points to the repertoire of political technologies tied to this genealogical notion of legitimacy.¹⁸ These political technologies could take the form of institutions such as civil service examinations, court rituals, and a Confucian-style bureaucracy, or articulations of political ideals in the image of a Sage King and the civilizing mission of universal rulership. As part of repertoires, rather than fixed models, they could be enormously malleable. How they intertwined with protracted debates over the genealogies of imperial legitimation lends to a sense of enduring, if not timeless, continuity in the discourse of this tradition. In practice, however, the specific implementation of any of these technologies required creative reinvention and adaptation to the circumstances at hand.¹⁹
Sixiang Wang	What Tang Taizong Could Not Do 	Recognizing the potential malleability and open-ended nature of the imperial tradition is key for understanding how Korea related to it. This essay makes several arguments concerning this relationship. The first is that Koryo diplomatic strategy during this period involved interpolating Korea into the repertoire of imperial legitimation, which rested on the idea that Koreas submission confirmed imperial legitimacy and that a proper empire ought to preserve Koreas political integrity. The second argument concerns the context of this interpolation. During the first six decades of Mongol rule in East Asia, the status of this imperial tradition was an open question. Only after Khubilais accession did the Mongol court seek to explicitly link its political authority to this tradition and its repertoires.²⁰ But even before the Mongols claimed this tradition, Koryo already appealed to a notion of a moral empire rooted in a common cultural inheritance. These appeals did not target Khubilai or his predecessors per se, but rather made common cause with the agenda of their Confucian-minded officials by portraying Korea as a repository of its cultural and political legacies of the imperial past. For these officials, Korean submission and cooperation was likely welcome as a tangible demonstration to Khubilai of the value of the imperial tradition they hoped he would adopt. Finally, the essay works against the grain of conventional understandings of Koryos surrender. It argues that the survival of the Koryo royal house and Korea as a political entity was the logical consequence of neither Mongol cooptation strategies nor a pre-existing model of tributary relations. Instead, it depended on how Koryo diplomacy interfaced with Chinas imperial tradition, manipulating and shaping its operation.
Sixiang Wang	What Tang Taizong Could Not Do 	The Koryo History Account and Its Rhetorical FunctionThere are many reasons to question the veracity of the Koryo Historys account of the 1259 surrender. Nearly two centuries separate the account from the events it describes. The Choson dynasty, which had overthrown the Koryò in 1392, compiled it as a dynastic history in the Chinese style over several decades before finally promulgating it in 1451, suggesting the text may reflect better the perspectives of its fifteenth-century compilers than serve as a reliable telling of thirteenth-century events.²¹ The paucity of intervening source material elsewhere compounds the problem.²² Both the official Yuan History, finished in 1381 by the Ming court, and the Yuan Gaoli jishi 元高麗紀事, an early fourteenth-century chronicle of Yuan-Koryo relations, are frustratingly laconic regarding the incident.²³ Nonetheless, the Koryo Historys episode resonates with narratives of Wonjongs surrender in surviving diplomatic missives to the Yuan, suggesting it reflected, at the very least, late Koryo understandings of the incident. Its logic and rhetoric therefore warrant closer examination.
Sixiang Wang	What Tang Taizong Could Not Do 	Later Koryo officials and diplomats treated Wonjongs surrender to Khubilai, not in terms of defeat, but as a political restoration. Yi Kok 李穀 (1289-1351), a Koryo literatus who passed both the Korean and imperial civil service examinations, praised the “Glorious Imperial Yuan” for ending the long period of disunion following the Tang collapse. This tract, a eulogy to the Koryo minister and diplomat Cho Ingyu 趙仁規 (1237-1308), also called it a “pivotal moment for the states survival,” a chance for “the Three Han [Korea] to begin anew.”²⁴ The Choson period compilers of the Koryo History also follow this interpretation, crediting Wonjong with rescuing Koryo from the “domineering ambitions of power-hungry officials, and ensuring the people of Korea could enjoy a century of peace after suffering from repeated invasions. The pivotal moment was when he, “recognizing heavens mandate and the inclination of the peoples will,” chose to surrender to Khubilai Khan, thereby receiving his favor.²⁵
Sixiang Wang	What Tang Taizong Could Not Do 	From the perspective of the Koryo kingship, it makes sense to see the Mongol conquest as a royal restoration. In 1260, Khubilais armies escorted Wonjong to Koryo to inherit the throne, but the Koryo kingship, long relegated to a symbolic existence by the Koryo military, was a vulnerable institution.²⁶ In 1269, the Koryo military, dissatisfied with both the new peace and their diminished power, orchestrated a coup détat, deposing Wonjong and installing another Koryo prince as its puppet. At this critical juncture, Wonjongs own heir apparent, the future King Chungnyol, who was in the Mongol capital as a hostage, appeared before Khubilai Khan in supplication. According to the Koryo History, to prepare for this audience, the Korean prince discarded his Koryo-style robes and coiffure, and instead “knotted his hair into braids and dressed in Mongol attire as his attendants looked on tearfully. Thus, demonstrating his loyalty to the Mongols, he convinced Khubilai to send troops to support his father.²⁷ By 1273, Mongol forces destroyed the last remnants of the Koryo military who resisted the uneasy peace.²⁸
Sixiang Wang	What Tang Taizong Could Not Do 	Whether these events point to a successful Mongol conquest, achieved by coopting the Koryo kingship, or a genuine royal restoration depends on what political narrative they are employed to serve. Elsewhere, Yi Kok and other Koryo statesmen, especially in diplomatic missives challenging Yuan policies that were unfavorable to Koryo, portrayed Mongol support as reciprocating Wonjongs surrender. In 1323, the Koryo official Yi Chehyon 李齊賢 (1287-1367), in a letter protesting the Yuan courts plans of annexing Koryo,²⁹ recalled that in 1259, King Wonjong traveled six thousand leagues to meet Khubilai” because Wonjong “[already] knew that Heavens Mandate had a proper place.”³⁰ When the Koryo king Chungson 忠宣王, Wang Won 王源, later Wang Chang 王璋 (1275-1325; r. 1298, 1308-1313) was punished with exile by the Yuan emperor Yingzong 元英宗(1302-1323; r. 1320-1323), Koryo petitions for his release highlighted the same events. They claimed, “with the felicitous submission of a distant man [i.e., King Wonjong], all-under-heaven recognized that Heavens Mandate belonged [to Khubilai],” and submitted to his rule.³¹ In a letter demanding an end to the presentation of young Korean women as tribute to the Mongols, Yi Kok employed similar rhetorical moves, claiming the Yuan owed Koryo special treatment because it was their “first vassal.” Anticipating the Koryo Historys account, Yi Kok stated that the Koryo submitted voluntarily to the Mongols, even though its predecessors, the kingdom of Koguryo, had successfully resisted Tang Taizong, in spite of “all his virtue and power.³²
Sixiang Wang	What Tang Taizong Could Not Do 	For these Koryo officials, the surrender was a source of political capital. Central to the rhetorical strategy of these later Koryo diplomats was casting Wonjongs act of coming to submit before all others” (shuaixian guifu | sõlson kwipu 率先歸附) as a “meritorious deed” (gong/kong功). All subsequent favors Khubilai disbursed: royal marriage with his daughter, the Koryo kings elevation as a prince-consort, and Korean freedom to retain their “old customs” and “ancestral temples,” were all in recognition of this deed. With the “edicts of Emperor Shizu [i.e., Khubilai] as a basis, Koryos status as an exceptional space was guaranteed by past imperial sanction. To rescind this status would be to undermine ancestral authority.³³ As Korean historian Yi Ikchu has argued, invoking the legacies of Emperor Shizu” (Sejo kuje 世祖舊制), provided the institutional basis for Koryos political autonomy within the Mongol-Yuan empire.³⁴ Through them, later Mongol policies could thus be contested, the Koryo royal family protected, and Koryos autonomy defended.
Sixiang Wang	What Tang Taizong Could Not Do 	But what sort of accomplishment is an act of surrender? An argument from a position of weakness, the rhetorical effectiveness of this cornerstone of Koryo diplomacy derived from a familiar political trope in the construction of imperial legitimacy. According to the Book of Documents, the sage ruler Shun brought his enemies to submission, not through the force of arms, but by propagating civil virtue,” and attending to the rites of state.³⁵ The voluntary submission of foreigners and barbarians therefore demonstrated a rulers resemblance to sage rulers of yore. The Koryo Historys account follows the contours of this narrative, but it is not content to let the Koryo heir apparent only reenact classical tropes. Rather than play a secondary role, merely confirming Khubilais imperial destiny, Wonjong takes center stage by deliberately choosing Khubilai. Originally en route to submit to Möngke Khan 蒙哥 (1209-1259; r. 1251-1259), Wonjong learned the Great Khan had died while on campaign in Sichuan. A succession dispute ensued. His youngest brother, Arigh Böke 阿里不哥 (or 阿里孛哥, 1219-1266) remained in Mongolia to challenge Khubilai for the throne. At the time Wonjong was in the Liupan mountains region of modern Ningxia and Gansu, but instead of proceeding to Arigh Böke, who was closer, he traveled south to Khubilai. Though “all the feudal lords were confused, unsure of where to go and whom to follow,” Wonjong, by being the “first” to submit to Khubilai, demonstrated to the world through his example the identity of the rightful heir. The Koryo prince, by purposely turning to, not Arigh Böke, but Khubilai, had, in effect, chosen the new son-of-heaven.
Sixiang Wang	What Tang Taizong Could Not Do 	The Koryo History insisted Wonjongs surrender to Khubilai was by choice, rather than coerced. Although it was unlikely Wonjong had much independence in the matter, underscoring his agency here does more than demonstrate Khubilais legitimacy.³⁶ It inverted both the usual sense of ruler-vassal relations and the trope of a sage emperor civilizing benighted subjects and distant barbarians. Elsewhere in the same account, the submitting vassal shines as a beacon of civilization and propriety. While en route to meeting Khubilai, Wonjong was invited by his Mongol handlers to bathe in the springs of Huaqing Palace. His refusal to do so earned acclaim for his “understanding of propriety. His reasoning, because it was where Emperor Xuanzong of the Tang 唐玄宗 (685-762; r. 712-756) had bathed” and he though “a man from a different time,” was still a “vassal” and “dared not sully its waters,” seemed only to reinforce the terms of a ruler-vassal relationship. But something subtler is at play. Evoking the Tang tied his submission to a longer tradition, suggesting actions of the present day were to be judged in light of past models, thereby establishing the norms and precedents that would govern his relationship with Khubilai. The surrendering Koryo prince also anticipated Khubilais reaction to his surrender by preemptively identifying Khubilai as a successor to the Tang. But even before Khubilai could make the same comparison, Wonjong adorned himself in a black-gauze headdress with soft-horned tassels, wide-sleeved robes of violet silk, shoes of rhinoceros horn, and an ivory tablet. He came to see [Khubilai] on the left side of the road, bringing his gifts of tribute. His visage was beautiful like a painting and his behavior was a model for others. His retainers lined up behind him, all wearing their official robes and arrayed according to their rank.王服軟角烏紗幞頭、廣袖紫羅袍、犀鞋、象笏,奉幣迎謁道左。眉目如畫,周旋可則。群僚皆以品服排班于後。³⁷
Sixiang Wang	What Tang Taizong Could Not Do 	The Koryo prince and his entourage stand as exemplars of propriety. The finery in which they were clothed were not simply beautiful; carefully calibrated in color, material, and style, each item was legible only within a ritual discourse of caps, gowns, ceremony, and institutions” (yiguan lizhi| ŭigwan yeje 衣冠禮制), manifest in the sartorial regime of a civilized state.³⁸ These ritual adornments also hearkened back to a bygone past, a poignant display of the political traditions Koryo and the now destroyed Jin once shared.³⁹ The Koryo prince and his retinue, in a triumph, not of arms and strength, but civilization, overshadowed the conqueror Khubilai. It was witnessing their ritual display that inspired Khubilai to recognize himself as Tang Taizongs successor. Koryos submission, far from passive surrender, became a self-conscious act to remind the future emperor of the path he ought to take. Rather than simply recognize Khubilais imperial destiny, the surrendering Koryo prince, as a vessel of this tradition, cognizant of its propriety and embodying its ceremony, induced Khubilai to recognize it for himself.
Sixiang Wang	What Tang Taizong Could Not Do 	Peaceful Conquest: Strategies of Cooptation and the Khans AdvisersThe significance of the Koryo History account extends beyond Korean and Mongol dynastic politics and into how Mongol rule should square with a preexisting imperial tradition. It is still of course possible that the account was retrofitted to cohere with the narratives used in Koryo diplomacy. A limited source base precludes a firm assessment of how the Koryo Historys narrative relate to the events of 1259, but situating the Koryo surrender in the political and intellectual context of Khubilais rise, especially the rhetorical and symbolic transformation of the Mongol empire in East Asia into the Great Yuan, leads to a plausible interpretation.⁴⁰ For decades, Khubilais Chinese advisers sought to recast their Mongol overlords as emperors within a native imperial tradition, complete with the rhetorical, ritual, and bureaucratic trappings of Confucian government. Wonjongs arrival could have been useful for demonstrating the validity of their ideas and programs, serving as much the political and ideological needs of these Confucian-minded officials as it did Khubilai himself.
Sixiang Wang	What Tang Taizong Could Not Do 	Although defeated by Khubilai on the battlefield, his younger brother Arigh Böke was arguably the more legitimate contender. Like all preceding Great Khans, Arigh Böke was selected through a khuriltai, the congress of princes.⁴¹ Khubilai, denied traditional Mongol modes of political sanction, was motivated to construct his authority in alternative ways. With his power base in northern China, Khubilais regime turned to techniques of legitimation which had been defunct in the region since the Jin dynastys demise in 1234. In 1260, Khubilai proclaimed the reign era of Zhongtong 中統 (lit. Central Rule) in the Chinese style, the first that any Mongol ruler ever used. In 1271, he adopted a dynastic title, the Great Yuan, and granted posthumous imperial titles to his deceased predecessors.⁴²
Sixiang Wang	What Tang Taizong Could Not Do 	Relations with Koryo reflect these shifts in Mongol political orientation. When the Mongols vanquished the Jin, they paid little heed to the diplomatic protocols governing interstate relations in the region.⁴³ Mongol envoys during this early period repeatedly offended the Koryo court through their (whether actual or feigned) ignorance of protocol.⁴⁴ There were noticeable shifts after Khubilais accession in 1260. Whereas Mongol dispatches to Koryo had been written in a slipshod vernacular,⁴⁵ now Khubilais envoys came to deliver an imperial proclamation written in literary Chinese by a former Jin high official named Wang E 王鶚 (1191-1274).⁴⁶ Some of them were well-versed in Chinese composition, pleasing Koryo courtiers by exchanging poetry in literary Chinese during the reception banquet, much as ambassadors from the Jin would have done in the past.⁴⁷
Sixiang Wang	What Tang Taizong Could Not Do 	Earlier Mongol rulers took little interest in adopting Chinese-style institutions, but Khubilais advisers sought to frame Mongol rule, both in rhetoric and in practice, in terms of Han, Tang, and even Jin models. The Tang, in particular, provided a template for the grand goal of total unification (hunyi 混一), which eluded the lesser rulers of continental East Asia since the tenth century.⁴⁸ In 1260, Khubilai also dispatched his most famous envoy Hao Jing 郝經 (1223-1275) to proclaim his new reign era and to demand tribute payments from the Southern Song.⁴⁹ Having met with refusal, he was detained for fifteen years before Khubilais envoys recovered him from captivity.⁵⁰ During this extended embassy, Hao Jing attempted to convince the Song that Khubilai possessed not only heroic brilliance,” “the hearts of [those] in the central plains,” and “the support of many kings, but also sufficient “virtue and destiny to be ranked among the great emperors of yore, notably Han Gaozu 漢高祖 (256-195 BCE; r. 202-195 BCE) and Tang Taizong. These comparisons obeyed the same logic of historical analogy as the Koryo Historys account of Koryos surrender. The Han once ruled the lands of Korea. Later, Tang Taizong had tried, in vain, to reclaim them. Now, by succeeding where his predecessors had failed, he was destined to glories even the Tang could not enjoy. Since the Han and Tang possessed empires spanning the whole of the Sinitic cultural space, such comparisons implied Khubilai would not only emerge victorious over his younger brother Arigh Böke, but also achieve a “grand unification by conquering the Southern Song and other lands beyond. Hao also underscored Khubilais commitment to Confucian rule, demonstrated by delight in gowns and caps and reverence of ritual and music.” Such paeans embedded a less flattering assessment of Khubilais predecessors. It was Khubilai, not earlier Mongol khans, who “founded a new dynasty in response to the times. Without Khubilais appreciation for Confucian governance, they had fallen short of Haos imperial ideal. Assuring the Song elite that Khubilai was fundamentally different from his predecessors and that they would retain their social station and cultural institutions might not have compelled surrender, but likely mitigated resistance to the new regime when the Song was finally conquered.⁵¹
Sixiang Wang	What Tang Taizong Could Not Do 	Rooting conquerors in a local political tradition could make them more acceptable to those they hoped to rule. But invoking imperial pasts did more than legitimize Khubilai in the eyes of his would-be subjects. When Hao Jing mentioned the Xianbei Turkic emperor Xiaowen of the Northern Wei 北魏 (386-535), or compared Khubilai to the Jurchen Jin emperor Shizong 金世宗 (1123-1189; r. 1161-1189), both non-Chinese rulers who patronized Confucian learning and statecraft, he was suggesting this imperial tradition was not intrinsic to any one ethnic group or regime, but consisted of universal standards ready to be employed by any good ruler. As Christian Soffel and Hoyt Tillman have argued, this inclusive culturalism allowing for so-called “alien” rulers to inherit the Mandate of Heaven helped reconcile the exclusion of “barbarians” in Confucian political thought with Khubilais ambitions. This reconciliation was a precondition, not only for Khubilai to be seen by Chinese literati as a potential sage ruler in the Confucian mode, but also for Khubilais own acceptance of this political tradition.⁵²
Sixiang Wang	What Tang Taizong Could Not Do 	Khubilais Chinese advisers, especially those, who in Herbert Frankes words, were of vaguely Confucian” inclination, achieved only limited success when implementing “traditional Chinese ideas of statecraft into the nascent Sino-Mongol state in Northern China.”⁵³ As only one contingent of purveyors seeking imperial sponsorship, they competed with other protégés in Khubilais service representing a variety of political traditions, cultures, and regions. When one influential Chinese official, Wang Wentong 王文統 (1190-1262), was implicated in a rebellious conspiracy, Khubilai withdrew support for the initiatives he advocated, such as the revival of the civil service examinations and the compilation of the official dynastic histories of the Liao, Jin, and Song dynasties. Imperial support only resumed decades after Khubilais death.⁵⁴ During the rest of his reign, Khubilai handed the task of government to his semu physiocratic administrators.⁵⁵ Mongol adoption of what scholars have often called Chinese” imperial forms, then, pointed less to a turn towards any cultural identity than the adoption of a set of political technologies. Seen in this respect, the imperial tradition was but one instrument for rule, even if its advocates invested it with intrinsic moral and cultural importance.⁵⁶
Sixiang Wang	What Tang Taizong Could Not Do 	It was here, in this dynamic of patron and purveyor, that associating Koryo and the Tang past would have been useful. While Hao Jing sought to alter his patrons self-perception by inducing him to identify as a successor to enlightened Confucian paragons, more relevant to Khubilai was their success as conquerors. Prompting Khubilai to identify with the likes of Tang Taizong, Hao Jing implied that he could achieve similar, if not greater, success as a ruler of a vast territory. As Hao Jing reasoned for Khubilai, since the Mongol empire had already surpassed the Han and Tang in size, it was only logical that Khubilai should exceed them in these arenas as well.⁵⁷ Inverting the usual causal logic implied by a process of legitimation, Hao did not so much provide a means to rationalize a conquerors power than insist that following the models of imperial exemplars was what led to power in the first place. The catch was that these models provided not only templates for military glory, but also a whole cultural and political program.⁵⁸ By linking territorial ambition with the political traditions they espoused, Hao Jing and his colleagues slipped in their own priorities through a rhetorical Trojan Horse.
Sixiang Wang	What Tang Taizong Could Not Do 	The Mongol rulers realization of his imperial destiny through the comparison to Tang Taizong in the Koryo History converges with this rhetorical strategy. Since Khubilais willingness to identify with his Confucian advisers political tradition was key, the Korean surrender, as evidence of Khubilais supercession of Tang Taizong, potentially showcased the efficacy of the political program they offered their patron. Although no surviving texts from Chinese writers at the time indicate that the Koryo surrender was employed explicitly in this manner, traces of how it suited the ideological program of Khubilais Confucian officials do appear in the Yuan History. Shortly after Wonjongs surrender, his father King Kojong 高宗 (r. 1213-1259) died. Khubilai repatriated Wonjong with an armed escort, supporting his claims to the throne of Koryo. According to the Yuan History, these policies followed the proposal of one of his advisers, Zhao Liangbi 趙良弼 (1217-1286):
Sixiang Wang	What Tang Taizong Could Not Do 	Koryo is said to be a small country by the seas edge and cut off by mountains, but Our Country has warred with it for twenty-odd years and it still has not submitted as vassals. A few years ago, their Crown Prince Chon [i.e., Wonjong] came to court when the Imperial Entourage was campaigning west. He has lingered in our country for two years now. We have provisioned him meagerly. There is nothing that would bind his heart [to us]. Once he leaves for home [to Koryo], he will not return to us again. It would be better to increase the provisions for his residence and treat him according to the rites befitting a vassal ruler. Now, when he hears that his father has died, we can surely establish Chõn as king and escort him back to his country. He will certainly be moved by our beneficence, filled with appreciation, and be willing to accept the position of a subject. In this manner, we can acquire a country without expending a single soldier.高麗雖名小國,依阻山海,國家用兵二十餘年,尚未臣附。前歲太子供來朝,適鑾輿西征,留滯者二年矣。供張聶薄,無以懷輯其心,一旦得歸將不復來,宜厚其館穀,待以藩王之禮。今聞其父已死,誠能立倎為王,遣送還國,必感恩戴德,願修臣職,是不勞一卒而得一國也。⁵⁹
Sixiang Wang	What Tang Taizong Could Not Do 	Though a minor concern, the subjugation of Koryo had long proved difficult.⁶⁰ Zhaos suggestion, which promised to secure cooperation from the Koryo ruler at minimal expense, was attractive, especially since Khubilai had other military priorities at the time. This strategy, seconded by the influential Uyghur Confucian official Lian Xixian 廉希憲(1231-1280), also aligned with long-standing Mongol practices of cooptation by exploiting the opportunity to accommodate indigenous forms of authority for the empires benefit.⁶¹
Sixiang Wang	What Tang Taizong Could Not Do 	The Mongols sought to reorient the loyalties and aspirations of local elites, because they recognized military prowess did not always readily convert into political control.⁶² Khubilais predecessors, for instance, effectively decapitated the Jurchen Jin by eliminating the imperial family, but retained the service of regional military leaders.⁶³ At the outset of their wars with Koryo, the Mongols demanded that scions of the Korean elite, including the heir apparent, be sent as hostages. Their incorporation into the kesig, the khans bodyguard, was one way to integrate conquered elites into the Mongol ruling strata.⁶⁴ The Koryo court, however, viewed the arrangements to be demeaning, complying only in moments of duress. When the Mongols besieged their capital of Kaesong in 1231, Koryo agreed to send the heir apparent as hostage, but it reneged once Mongol armies withdrew.⁶⁵ To stall for time, Koryo later resorted to sending a lesser royal, Prince Yongnyong 永寧公(Wang Chun 王綧; 1222-1283), as an impostor for the heir apparent in 1241.⁶⁶ The Koryo dispatch of the actual heir in 1259, and his later accession as King Wonjong, could therefore be seen as a successful denouement of this Mongol strategy.
Sixiang Wang	What Tang Taizong Could Not Do 	Viewing these events as an example of the Mongol strategy of accommodation, while valid, does not adequately account for how Koryos relationship with Khubilais empire would unfold. The Koryo king was not the only candidate for cooptation. The impostor heir apparent, Prince Yongnyong, who had become a bona fide member of the Mongol nobility, was a viable alternative.⁶⁷ Indeed, the Mongols need not have turned to the Koryo royal family at all; neither was the continued existence of Koryo as a political entity inevitable. There were also prominent Koryo defectors such as Hong Pogwon 洪福源 (1206-1258) and, later, his son Hong Chagu洪茶丘(1244-1291).⁶⁸ Even as Khubilai supported Wonjongs claim to the throne, first in 1260 and again when he restored him to power after the coup détat of 1269, Koryos annexation remained a possibility. In 1271, Khubilais advisers proposed using the invasion of Japan as a smokescreen to annex Koryo and place its territory under direct imperial administration as “prefectures and counties.”⁶⁹ Others questioned the wisdom of the move, considering that Khubilais forces were still fighting the Song. One official, Zhao Bi 趙壁 (1220-1276), reiterated Zhao Liangbis position that protecting the Koryo ruler against his own subjects was the best way to ensure Koryo compliance.⁷⁰ In the end, Khubilai pursued a middle-of-the-road approach, annexing Koryos northern territories but letting the Koryo king retain control over the capital Kaesong and the southern regions.⁷¹ Mongol support for the kingship, then, reflected temporary expedients rather than steadfast commitment to his client.
Sixiang Wang	What Tang Taizong Could Not Do 	The uncertainty of Koryos future lends greater significance to Zhao Liangbi and Zhao Bis counsel. Supporting Wonjong in order to “acquire a country without expending a single soldier may have been an instance of realpolitik. Indeed, their counsel would appear bereft of ideological content, had it not resonated with other advice Khubilai received over the years, especially the kind tinged with irenic overtones offered by his Confucian retainers during military campaigns. The Yuan History credits Yao Shu 姚樞 (1201-1278) and Zhang Wenqian 張文謙 (1216-1283) for restraining Khubilai during the 1253 conquest of the kingdom of Dali 大理(937-1253) in modern Yunnan.⁷² Yao did so by relating to Khubilai the example of the Northern Song (960-1127) general Cao Bin 曹彬(931-999) who conquered the Southern Tang 南唐 (937-975) “without killing a single person.” Khubilai, swearing he could achieve the same results, was congratulated by Yao as follows: “The benevolence and wisdom of your Sagely heart truly are the fortune of the common people and the state!⁷³ Zhangs biography relates a rather different episode. Khubilai, enraged that the Dali ruler had executed his envoys, vowed vengeance by massacring the entire population of Dali. Zhang and Yao then remonstrated in unison to spare the people retribution better reserved for a single person. Following their advice, the Dali ruler was coaxed to surrender. He nominally remained Dalis ruler, though his domain was placed under Mongol administration.⁷⁴
Sixiang Wang	What Tang Taizong Could Not Do 	The two accounts of the Dali conquest are contradictory in their portrayal of Khubilais temperament but are consistent in their service of a historiographical trope, where a virtuous official, through moral suasion, could influence the behavior of his ruler. Pared of its moral valence, this advice for Dali essentially anticipates the strategy Zhao Liangbi and Zhao Bi advocated for managing Koryo. Although the two Zhaos emphasized resource efficiency rather than the minimization of bloodshed, as was the case with Zhang and Yao, they all sought a negotiated surrender, a diplomatic conclusion to the war. Of course, the promise of leniency and the cooptation of local elites were long part of the Mongol repertoire of conquest. The hackneyed opposition between wise official and wayward ruler in these accounts, which Morris Rossabi sees to be a product of “Chinese myth-making,” habitually overestimate the influence of these advisers.⁷⁵ But even if Khubilai did not necessarily prosecute these wars in light of received advice, their successes were nonetheless presented, both to posterity and to contemporaries in terms of the ideological rationales of his advisers.
Sixiang Wang	What Tang Taizong Could Not Do 	As was the case for the Koryo Historys version of events, key to the Yuan History accounts was Khubilais thinking that his conquests followed the footsteps of past imperial exemplars. At least rhetorically, the voluntary surrender of the Koryo royal house, along with the conquest of Dali, was used to burnish his image as a sage ruler. In 1266, Khubilai dispatched envoys bearing a state letter that hoped to use the pacification of Koryo to impress Japan:
Sixiang Wang	What Tang Taizong Could Not Do 	When I first acceded to the throne, I commanded my troops to withdraw from Koryo, because its innocent people had long suffered the ravages of war. I restored to them their territory and repatriated captives, both aged and young. The rulers and officials of Koryo were moved by [my magnanimity] and came to court [i.e., submitted to me]. Though our bonds are now of ruler and subject, we share between us the feelings of father and son.朕即位之初,以高麗無辜之民久瘁鋒鏑,即令罷兵,還其疆域,反其旄倪。高麗君臣感戴來朝,義雖君臣,歡若父子。⁷⁶
Sixiang Wang	What Tang Taizong Could Not Do 	Promising that Japan would receive the same treatment, Khubilai and his envoys hoped to convince Japans rulers to submit to Mongol suzerainty.⁷⁷ The Mongols also followed Koryo precedents in negotiations with the Trần rulers 陳朝 of Vietnam (1225-1400).⁷⁸
Sixiang Wang	What Tang Taizong Could Not Do 	In these cases, diplomatic overtures appear to have done little more than provide a casus belli for invasion. Some of these embassies, having failed to convince rival rulers to submit, were received as provocations. Zhao Liangbi, the same official who called Khubilai to support King Wonjong, traveled to Japan twice as an envoy, but was denied access to its Hōjō rulers.⁷⁹ After a failed invasion in 1274, another group of envoys fared even worse, and were executed by the Japanese. Khubilai retaliated with another failed invasion in 1281.⁸⁰ Overtures to Vietnam were initially promising, but diplomacy eventually broke down with Trần court, leading to several Mongol invasions, all of which the Vietnamese repelled.⁸¹ In the Song, the force of arms triumphed where diplomacy had failed. Even so, during the final campaign against the Song in 1273, Khubilai supposedly instructed his commander, Bayan of the Baarin 伯顏 (1236-1295) to become [his] Cao Bin, and conquer the Song without killing a single person.⁸² This rhetorical reenactment of Cao Bins peaceful” conquest of the Southern Tang certainly occluded a great deal of brutality.⁸³ For Khubilais advisers and eulogizers, however, the fixation on conquest “without expending a single soldier” or “killing a single person emerged not from a naive faith in the power of rhetoric, but from a desire to construct a particular kind of moral authority for Khubilai.
Sixiang Wang	What Tang Taizong Could Not Do 	Hao Jing and his contemporaries presented Khubilai as a ruler whose actions could be interpreted within the framework of a preexisting imperial tradition. Common to their rhetorical strategy is an insistence that adherence to past imperial models could affect voluntary submission of other rulers and peoples. Situating Mongol rule within a local imperial idiom also transformed Khubilai from a foreign interloper into a dynastic founder, a veritable heir to the sage kings of yore. The usefulness of the Koryos submission for Hao and his colleagues would have been less to legitimize Khubilais rule or rationalize his conquest of the south, than to demonstrate in tangible terms the effectiveness of the political program they had advocated. It was to convince Khubilai of the merits of an imperial tradition and a form of government where men like them, masters of Confucian learning and Chinese letters, would sit near the apex. Ironically, it was the same tradition that Khubilais predecessors had effectively cut off when they destroyed the Jin. As will be discussed in the next section, the Koryo court hinged its diplomatic rhetoric on making common cause with this project of imperial revival.
Sixiang Wang	What Tang Taizong Could Not Do 	Koryo Diplomatic Letters: Recovering the Empire and Making EmperorsThe appeal to the imperial past was never simply about the legitimation of rulership. Guiding Khubilai in the memory of past exemplars also opened a path for exhortation according to the moral and political standards this tradition represented. When Hao Jing portrayed Khubilai as having already attained the lofty Confucian standard for a model emperor of China,” he did so to remonstrate against indiscriminate slaughter.⁸⁴ Irenic overtones tinge Haos writing, prevalent not only in his many lamentations of war, but also in these letters of counsel. Evoking the heavenly mandate to mitigate the violence of conquest, he wrote to Khubilai: “If Heaven bestows on us [the empire], there would be no need to kill people; if Heaven does not bestow it, what benefit could killing people bring?”⁸⁵ In this rhetorical strategy for constraining monarchical power, rulers are raised on a pedestal of imperial majesty only to make them unable to descend from the heights of its lofty ideals. In theory, if Khubilai could be made to identify with a particular imperial tradition, then his actions and desires could likewise be restrained through appeals to it.⁸⁶
Sixiang Wang	What Tang Taizong Could Not Do 	But it was not only his Chinese advisers who tried to lead their conquerors captive. Korean diplomats, in their efforts to mitigate the devastation of the Mongol invasions, had long attempted to do the same. A similar rhetorical strategy could be gleaned from Koryo diplomatic missives from the era. Resonances between Koryo narratives of surrender and the policies advanced by Khubilais Confucian officials, then, were far from coincidental. They both were part of an unfolding of a decades-long project of co-construction, where subjugated groups attempted to impose their own notions of political order upon their erstwhile overlords.
Sixiang Wang	What Tang Taizong Could Not Do 	Koryo had in fact cast Mongol rulers as Confucian emperors long before Khubilais accession. In the wake of renewed Mongol aggression after 1235, the Koryo court dispatched envoys bearing missives to the Mongols in 1238 and 1239. The Koryo envoy from 1238 bore a diplomatic memorial (biaojian / pyojon 表箋) recognizing Ögödei Khan as an emperor in the Confucian mode. Written on behalf of the Koryo ruler by his renowned minister Yi Kyubo 李奎報 (1168-1241), this document followed the rhetorical conventions and stylistic format of earlier memorials written to the Jin court. As such, it signaled to the Mongols that Koryo was ready to accord to them whatever prerogatives their predecessors once enjoyed, with the expectation that the Mongols too inhabit the imperial roles modeled for them by the sages of yore.⁸⁷ This message, however, would have been literally lost in translation without a mediator who was steeped in the same literary and political tradition.
Sixiang Wang	What Tang Taizong Could Not Do 	The true audience for the memorial was not the illiterate Ögödei.⁸⁸ Instead, it was his minister, Yelü Chucai 耶律楚材 (1189-1243), a former Jin official who had administered northern China for the Mongols.⁸⁹ Only with the mediation of someone like Yelü could these concepts of rulership have been meaningful to Ögödei, for whom the traditions and symbols of a regime he just destroyed would have meant little. As part of its strategy of negotiation, the Korean court exploited political fractures within the Mongol empires ruling echelons. It pursued multiple channels of communication, appealing to the Mongol general in charge of the Koryo campaign to restrain his armies on the one hand, while trying to entice the Chinese and Jurchen military officers in his army to defect to Koryo on the other.⁹⁰ In this case, the same envoys bearing memorials to the Great Mongol emperor” 大蒙古皇帝, also delivered the Korean rulers personal letters to Yelü Chucai.⁹¹
Sixiang Wang	What Tang Taizong Could Not Do 	One of the kings letter to Yelü portrays imperial virtue, not as springing from the Mongol ruler himself, but generated from the efforts of Yelü Chucai. It was he the Prime Minister who “beautified the civilizing power of the emperor”⁹² and took “the management of the four seas to be [his] duty.⁹³ Another letter to Yelü deployed similar tropes, claiming the minister was pregnant with the [teachings] of the Duke of Zhou and Confucius.” By “exalting the beauty of writing, literature, morality, and virtue,” he “ornamented the civilizing power of the emperor, and had for a long time brought waves of pure winds and clear rhymes all across the four seas.⁹⁴
Sixiang Wang	What Tang Taizong Could Not Do 	Better treatment of Koryo became a natural extension of his efforts to civilize the world on the Mongol emperors behalf. Hoping to acquire Yelü Chucais support in lightening Koryos tribute burden, the second letter apologized for missing the annual tribute, which it described as a great violation of ritual duty. Underneath the veneer of deference, however, lurked a forceful critique, a message that Yelü could not have missed. It explained that Koryos “people are diminished, goods drained and its fields lay fallow and uncultivated,” because it was the great armies of the Higher Country [i.e. the Mongols], arriving in quick succession,” that devastated Koryo in the first place. Though the wording of the letter insisted the Koryo king now, having “committed a crime punishable by myriad deaths,” expected “pity from no one,” the juxtaposition of facts lodged a clear protest against Mongol aggression to Yelü Chucai.⁹⁵ In the following lines, the Koryo king returns to Yelüs erudition and commitment to cultural revival:
Sixiang Wang	What Tang Taizong Could Not Do 	But, Your Excellency the Prime Minister has mastered the classics of Songs and Documents, examined the Rituals and Music, loves literature and calligraphy, and has the rank of Chancellor; and so, how could the meaning of what the ancients have called “cultivating wen in order to bring over those from afar” not be nurtured within your heart?但丞相閣下通詩書、閱禮樂、好文墨、位宰相,則其古人所謂「修文來遠」之意,豈不蓄之於胸次耶?
Sixiang Wang	What Tang Taizong Could Not Do 	This appeal echoed a familiar theme in classical texts, elucidated in the Documents and discoursed upon in the Analects: the notion of “cherishing men from afar” (rouyuan 柔遠).⁹⁶ As stated in the Analects, if men from afar do not submit, then one [should] cultivate wen 修文德 (civil and literary virtue) to bring them over.”⁹⁷ Again, the language of praise barely concealed a pointed critique. Implied here is that anyone with even a rudimentary classical education, let alone one with the erudition of Yelü Chucai, would understand that the submission of foreigners depended on the virtue of the emperor. Koryo could not be blamed for missing timely tribute; its intransigence only reflected the Mongol failure to cultivate wen.” Indeed, for the Mongols in 1238, whose empire was founded on martial prowess, the cultivation of “civil and literary virtue” as championed in the Koryo letter was at best an afterthought.⁹⁸ But even if the Mongols neglected “cultivating wen,” Yelü Chucai, privy to the lessons of the classics, could not. It was incumbent upon him, the emperors minister, to bring Mongol rule in line with classical injunctions. As the letter spelled out, the way to do so was to “explain well the pitiable situation” of Koryo to the emperor and convince him to protect Koryo by allowing the remnants of its broken people, who survived by gasping with fading breaths, to become whole again.”⁹⁹
Sixiang Wang	What Tang Taizong Could Not Do 	Yelü Chucai did not see eye to eye with his Korean interlocutors. The minister, in poems written to the Koryo envoys, posited a different relationship between military force and imperial virtue. For him, the Mongols possessed a “divine martial force, but delight in killing they did not, for martial prowess was meant only to “awe.” Instead, with “broad compassion, they too “regretted raising troops over and over.” Here, violence and benevolence were complementary forces, not antithetical. Their soothing compassion” and “thundering martial power” rendered the Mongols without rival,” so it was only natural that envoys arrive “from the four seas to offer submission all the same.¹⁰⁰ Koryos submission was foreordained by Mongol political destiny. When other polities, such as the Tangut Xia and Jurchen Jin, resisted, the Mongols annihilated them. In Yelüs words, the Mongols “brandished their arms in Qinghai and extinguished the Western Liang, where the Tanguts once ruled. They also forded their horses across the Yellow River and emptied the Southern Bian,” the Jins last stronghold. Yelü Chucai offered the Koryo an alternative path. If the Koreans were to submit to the Mongols, “envoy carriages, rather than armies, could one day travel between the two courts.¹⁰¹
Sixiang Wang	What Tang Taizong Could Not Do 	A political apology for Mongol aggression, Yelüs rebuff to the Koryo emissary attempted to reconcile the tensions between his Confucian ideals and the ambitions of his masters. Though he promised war would cease and Koryo could be preserved, it is unclear from surviving sources whether Yelü Chucai interceded on Koryos behalf. After Möngke Khans death and Khubilais opportunistic accession, Koryo nonetheless continued to seek useful allies at the Mongol court. The Koryo tried to acquire the support of Wang E, the same official responsible for drafting Khubilais first proclamation to Koryo. The cause of cultural recovery again provided a convenient point of entry for Koryo diplomats. Penned by the Koryo official Kim Ku 金坵 (1211-1278), it left an impression on Wang, who lamented that he could not meet its drafter in person.¹⁰² Kim Ku, writing in the voice of the Koryo king, praised Wang Es “paramount and incomparable talents.” It recalled Wangs meteoric rise in youth as the very last optimus (zhuangyuan 狀元) of the Jin, and his abortive career, truncated by the Jins demise.¹⁰³
Sixiang Wang	What Tang Taizong Could Not Do 	When the Jin capital-in-exile Kaifeng was captured by Mongol forces in 1232, Hao Jings teacher, the famous Jin literatus Yuan Haowen 元好問 (1190-1257) presented a letter to Yelü Chucai. In it, he implored Yelü to rescue the men of talent in the city from imminent slaughter after the citys fall.¹⁰⁴ Whereas Yuans writing elsewhere demonstrates what Stephen West describes as “a certain resignation to the dispersal of Chinese civilization, in his letter to Yelü, Yuan placed his hopes for a future revival of Confucian governance on these individuals. While subtly chastising Yelü Chucai for shamefully “doing others bidding,” Yuan counted on the ministers commitment to civic restoration and cultural revival to rescue these men from certain death. In Yuans words, when it came to restoring “ceremonial vestments and caps, ritual and music, hawser and rope [i.e., great principles] of government, [and] literary splendor, these men were Yelü Chucais best hope.¹⁰⁵ Wang E was among the fifty-four Jin literati on the list.
Sixiang Wang	What Tang Taizong Could Not Do 	Koryo diplomats were therefore not alone to invest Wang Es life with lofty purpose. And Wang proved deserving of both Yuan Haowens assurances and Koryos praise, for his role was instrumental in reviving imperial institutions at Khubilais court. It was, however, not Yelü Chucai who brought him to the Mongols service. Wang refused to serve the Mongols for decades out of loyalty to the defunct Jin,¹⁰⁶ changing his mind only in old age when Zhao Bi recommended him to Khubilais service.¹⁰⁷ As a precondition, Wang demanded Khubilai allow him to perform belated final libations for the last Jin emperor, Aizong 金哀宗 (r. 1224-1234), who had hanged himself after his last refuge fell into Mongol hands. By performing these rites, Wang absolved himself of lingering loyalty to the dynasty he had once served.¹⁰⁸ As Koryo officials described it, Wang finally “encountered a Brilliant Sage [Ruler] in Khubilai, and after a long hiatus from government service, “stirred to action at once for the sake of living beings,” finally putting his extraordinary abilities to use.¹⁰⁹ After Khubilai became emperor, Wang became the architect of the rituals, ceremonies, and institutional organization of his new imperial court. In addition to personally drafting important edicts during Khubilais reign, including those promulgated to Koryo,¹¹⁰ Wang also brought many Confucian scholars under court patronage by reestablishing the Hanlin Academy. There, he delved into historiographical projects. In addition to editing the Veritable Records for the reigns of previous Mongol rulers, he also compiled what he hoped would become the official histories of the Liao and Jin dynasties to ensure that the Yuan be seen as their legitimate successors.¹¹¹ In the words of the Koryo kings letter, Wang E civilized the world with the “the inch-long tip of his brush, “turning all upon which the sun and moon shines into patterns and words.¹¹²
Sixiang Wang	What Tang Taizong Could Not Do 	Reminiscent of Yi Kyubos letters to Yelü Chucai, the agent of the civilizing project described in this document was not the Mongol emperor, but Wang E the scholar-official. A different Koryo letter, addressed to a Scholar Zhang,” most likely Zhang Wenqian, also invested civilizing agency to the minister:¹¹³
Sixiang Wang	What Tang Taizong Could Not Do 	Long ago, Emperor Gaozu of the Han obtained the world on horseback. With martial gallantry, he subdued the various kingdoms of China, but rites and civilization were completely lacking. It was only when Shusun Tong 叔孫通 (?-194 BCE) created the court rituals and inaugurated Confucian learning did all-under-heaven realize the glory of the Great Han. How could the merits of your work, noble sir, be spoken of in the same terms as those of Shusun Tong?昔漢高祖得天下於馬上,雖威警伏諸夏,而禮文作之闕如也。及乎叔孫通制朝儀興儒敎,然後天下咸知大漢之貴也。閣下之功業與叔孫通,豈可同年語哉?¹¹⁴
Sixiang Wang	What Tang Taizong Could Not Do 	Elsewhere early Han rulers were upheld as models for emulation by his advisers, but here, in the Koryo letter, the correspondence between Khubilai and Emperor Gaozu, implied by the comparison between Zhang and Shusun Tong, was clearly unfavorable to the Mongols. Their military success, like Han Gaozus conquests “on horseback,” amounted to little without the intervention of learned men like Zhang Wenqian and Shusun Tong. If Zhangs accomplishments in this regard surpassed even those of Shusun, then the Mongols were proportionally deficient in cultivation. By fashioning courtly rites, shouldering the burden of Confucian learning, and creating a proper state with legitimate institutions, Zhang Wenqian and others like him draped the most uncouth rulers in the robes of refined majesty.
Sixiang Wang	What Tang Taizong Could Not Do 	These Korean letters, by shifting imperial agency from the Mongol ruler to the minister, tapped into the motivations of their recipients. One letter described Zhang as having “amalgamated broad erudition and elaborated the Canons and Counsels,”¹¹⁵ so that when he “sounded the drum of civilization,” its reverberations resounded and “all those with deaf ears in the world had suddenly been cleansed of their earwax and could hear the rumbling of thunder. Telling Zhang that now was a “once in a millennium chance to set aside the martial and cultivate the civil, it reminded him that Koryos admiration owed entirely to his ability to convince the Mongols to renounce their warring ways and behave like proper emperors.¹¹⁶
Sixiang Wang	What Tang Taizong Could Not Do 	These letters also aligned Koryos preservation to the project of imperial restoration. Wang Es “natural disposition rooted in benevolence and justice explained not only his commitment to restoring Confucian government. It also explained his “empathy with those in difficult circumstances, which motivated him to give aid to Koryos tribute envoys by compelling imperial graces to be bestowed on them whenever “a baggage train of this small country arrives.”¹¹⁷ Recalling that Wang once said Koryo had “long received imperial transformation and roughly upheld Confucian airs,” the letter contextualized Koryos submission within a Confucian civilizing project. While thanking Wang for his gift of a copy of his Zutang guangji 祖庭廣記 (General Records of the Ancestral Hall),¹¹⁸ it relished that the [Confucian] Way shall spread to the East.” With Koryo as both a recipient of “imperial transformation” and an example of its success, the letter suggested its preservation was integral to Wangs mission of cultural recovery and imperial restoration.
Sixiang Wang	What Tang Taizong Could Not Do 	Koryo and the Project of RevivalTogether with the Confucian-minded advisers of Mongol rulers, Koryos diplomats and letter writers envisioned a political order that hearkened to the Han, Tang, and Jin past, one in which classical learning would be cultivated and the government of the sage kings be renewed. As part of this rhetorical strategy, they also cast their Mongol overlords as putative heirs of that same imperial tradition. These epistles also served Koryos immediate interests, opening up a space of negotiation with officials who could intercede on Koryos behalf, when its fate was still uncertain.¹¹⁹
Sixiang Wang	What Tang Taizong Could Not Do 	What few sources survive prevent assessing the effectiveness of Koryo diplomacy relative to other factors. Certainly, Mongol strategic calculations and other contingencies (many of which are unknowable) played important roles. Nonetheless, Korean appeals still resonated with the notions of cultural recovery and imperial restoration, which feature prominently in the writings of Chinese literati of this period. While Koryo itself is mentioned only occasionally in their texts, when it does, it appears in specific terms: as a civilized country where the very institutions they hoped to revive still lived on. These convergences point at least to the potential effectiveness of Koryos strategy.
Sixiang Wang	What Tang Taizong Could Not Do 	When King Chungnyòl arrived as a hostage to the Mongol court in 1261, he and his entourage were received by Khubilais officials. Wang E, Zhang Wenqian, and Yao Shu were among those present, along with Wang Yun 王惲 (1227-1304), a younger associate of Yao Shu, who later became one of Khubilais most important Chinese administrators.¹²⁰ At the time, he served as a scribe, documenting this conversation between Khubilais representatives and the Koryo entourage.¹²¹ According to Wangs account, the two groups struggled to communicate with oral interpreters, especially when the haze of wine took over. They soon dispensed with interpreters altogether and turned to brush-talk, which allowed them to delve into more exact matters of political legitimacy and Koreas history. Khubilais officials were reassured that Koryo no longer used the Song imperial calendar. They learned the Wang rulers of Koryo were descendants of a Tang imperial prince who sought refuge in Korea (an apocryphal founding myth, undoubtedly embellished by the kings attendants).¹²² Yao Shu also hoped that the Koreans were in possession of classical texts long lost in China. Though disappointed that Korean books were really “no different from that of the Central Plains,” he did learn of Koryos official examination system, which recruited civil officials through tests in composition and classical exegesis.¹²³
Sixiang Wang	What Tang Taizong Could Not Do 	These examinations must have piqued Yaos interest partly because their reinstitution had been a major policy priority for him and his colleagues. Since the Mongol conquest of the Jin in 1234, no such examinations had taken place in northern China for decades, and they would be discontinued after the fall of the Song in the south. During this time, however, the Koryo continued to hold examinations. Zhao Liangbi, for instance, once discussed the merits of the civil service examination with Khubilai. The emperor lauded the Koryo for “mastering the Classics and the Books, and the way of Confucius and Mencius” and derided the northern Chinese for only attending to belles-lettres. Zhao retorted that this deficiency was because there was no examination system in China, implying that if the emperor wanted to cultivate men of learning, he should promote the knowledge he desired, as Koryo had done.¹²⁴ Such entreaties were unsuccessful; the Mongols only restored the examinations in 1313, after Yao Shus nephew Yao Sui 姚燧 (1239-1314) managed to convince the Yuan emperor Ayurbarwada Buyantu Khan, Renzong 元仁宗 (1285-1320; r. 1311-1320), of their merits.¹²⁵
Sixiang Wang	What Tang Taizong Could Not Do 	Khubilais officials, many former servants of the Jin, saw in Koryo a version of a Confucian political and cultural order they were fighting to restore. A hint of this identification can be gleaned from Wang Yuns writings during his first encounter with Koryos diplomats. Wang was particularly impressed with the Koryo minister Yi Changyong 李藏用 (1201-1272). He noted Yi had passed the Koryo examinations as optimus at the age of eighteen. The Koryo minister, now sixty-eight years old, had a “face like a full moon, with hair and whiskers completely white and pristine, and could count knowledge of Chan Buddhism and poetry among his areas of competence.¹²⁶ Although Yi Changyongs writings do not survive, Wangs literary collection preserves one poem written to Yi, likely on this very occasion
Sixiang Wang	What Tang Taizong Could Not Do 	恩波如海際天隅, Waves of imperial grace, boundless like the sea by the horizons edge—一日京師識老蘇, One day in the capital, I meet for the first time Old Man Su.喜向巖廊瞻漢相, In joy, in the cliff-stone halls, he [I?] gaze[s?] upon the Han Minister[s],疑隨仙仗聽嵩呼。 As if in the company of a divine procession, hearing hallowed calls.衣冠自是乘槎客, The robes and caps belong to the raft-riding traveler,文采還驚照乘珠, Literary adornments only bring awe to shining carriage pearls.共羡朝天蒙寵渥, Together, in paying obeisance to Heaven, we receive the dew of imperial favor.三韓秋色滿歸塗。 May the autumn color of the Three Hans [i.e., Korea] fill your journey home.¹²⁷
Sixiang Wang	What Tang Taizong Could Not Do 	Who is the true heir of the imperial traditions cultural legacies in this poem: the Koryo envoy or the dynasty Wang Yun serves? This ambiguity emerges because the poem wavers between the two objects of its panegyrics, Yi Changyong who is compared to the Song scholar-official Su Xun 蘇洵 (1009-1066) and the imperial court where he is granted an audience as a raft-riding traveler, that is a, tributary envoy. Turns of phrase such as “divine entourage” 仙仗 and “cliff-stone hall” 巖廊, as standard clichés of Tang court poetry,¹²⁸ appear utterly conventional in this description of a courtly procession, but formal imperial ritual had been implemented only very recently. The poems invocation of the Han and Tang past thus binds ritual pageantry to timeless tradition, but conspicuously evades the subject of its novelty. The Koryo emissarys return with the dew of imperial favor” authenticates the civilizing influence of an empire restored, but his “robes and caps” and impressive “literary adornments” were his own to begin with. What results is a tension regarding how the tributary envoy fits into a narrative of imperial restoration, compounded by the uncertain identity of the “Han Minister” in line 4. Wangs praise of Yis erudition and literary prowess leave unclear whether it refers to the company of imperial officials or to Yi Changyong himself, another ambiguity which exists because of what Koryo meant to the project of imperial restoration.
Sixiang Wang	What Tang Taizong Could Not Do 	Wang Yun, like many of the officials in Khubilais service discussed so far, were all prominent members of a group of officials who hoped, in short to perpetuate Chinese cultural values, complete with court rituals, bureaucratic organization, and rhetorical trappings of imperial rule.¹²⁹ Only some of them, such as Wang E or Hao Jing, could be considered bona fide Confucians, but they all lived and matured in the tumultuous years following the Mongol conquest of northern China and the collapse of the Jin.¹³⁰ Hao Jing was only nine years old when he witnessed the death of his parents and many of their neighbors when marauding soldiers set fire to their village.¹³¹ Zhao Liangbi hailed from a Jurchen noble family, decimated during the Mongol siege of Taiyuan in 1218.¹³² Yao Shu too had tasted the violence of these wars. He was attached to a Mongol army as an adjutant during its foray into Southern Song territory. After one battle, his commander had ordered the captured Confucian scholars and all other men of learning (including Daoist and Buddhist clergy, and doctors) to be buried alive. Yao tried to save the few he could, leading them to escape through a bamboo forest.¹³³ One grateful survivor gave him copies of the Cheng-Zhu Neo-Confucian commentaries.¹³⁴ The experience prompted Yao to leave office and devote his energies to these texts. When he finally returned to officialdom, this time to serve Khubilai, he expounded the importance of formalizing government through “secretariats and ministries” (省部) and ruling according to the principles of sage rulers.¹³⁵ As former subjects and officials of the long-vanquished Jin, the ghost of the destroyed dynasty haunted their minds and hearts.¹³⁶ Against experiences of violence, personal tragedy, and a total breakdown of order, they sought to resuscitate what the Mongol invasions had destroyed.¹³⁷ The task at hand was to recreate a new imperial government that could continue to support the Confucian learning they took to be foundational to a stable and moral social order.¹³⁸
Sixiang Wang	What Tang Taizong Could Not Do 	Through these figures, Koryos political survival was connected to their discourses. Some, such as Yao Shu or Wang Yun, had only cursory contact with Koryo envoys, but others such as Wang E, Zhao Liangbi, or Zhao Bi shaped Khubilais policies toward Korea, especially the preservation of the royal house. Hao Jing stands as an exception, for no extant source suggests he was directly involved in diplomacy with Koryo. But it is his poem, the “The Koryo Lament” (Gaoli tan 高麗歎) that provides the closest Chinese parallel to the account of Wonjongs surrender in the Koryo History. It captures the link between Koryo and the recovery of the imperial tradition by identifying Korea as the repository of its cultural legacies on the one hand and empathizing with it as a victim to a common tragedy at the hands of the Mongols on the other:
Sixiang Wang	What Tang Taizong Could Not Do 	高麗立國千餘年, Koryo, a kingdom established for over a thousand years,跨山連海東北偏, Extends over mountains and reaches the sea, covering the northeast.文物制度慕漢唐, Its civilization and institutions all aspire to the Han and Tang,衣冠禮樂如中原。 Its gowns and caps, rituals and music are just like those of the Central Plains.曾蹶煬帝困太宗, They once stopped Sui Yangdi and entrapped Tang Taizong,拒險守要尤精雄, Holding the passes and guarding strategic points, especially valorous.瞰臨遼碣飲鴨綠, Overlooking the Liao River and Jie Rock, they drank from the Yalu River,風飄轉出東海東。 But strong winds swirled forth from east of the Eastern Sea;自被天兵都破碎, And since then they have been shattered by the Celestial Troops.稱臣納質兵弗退, They submitted as vassals and sent hostages, but the soldiers did not retreat;殘滅虜掠五十年, Destroyed, extinguished, pillaged, and plundered for fifty years,窮蹙無聊竟何罪。 Put to such dire straits, with no way to live—what was their crime?盡將生口賣幽燕, The whole of their people was sold to slavery in the lands of You and Yan [i.e., modern Hebei],年年探借高麗錢, And every year Koryo was exploited of its wealth.肌膚玉雪髮雲霧, Their skin [pale] as snow or jade, their hair of cloud tresses,羅列人肆真可憐。 Put out on display as human-chattel, truly a pity!前年令公輔太子, The year before last, when their Prime Minister came with the Crown Prince,釣魚山前見天子, And saw the Son-of-heaven [i.e., Khubilai] at the foot of Angling Mountain,掩面過市眾皆哭, They covered their faces, moving through the markets, all in tears,哭聲痛入燕人耳。 The sounds of weeping brought pain to all the people of Yan [i.e., Khubilais capital, Dadu],幾回事宋事遼金, All those times they had served the Song, and served the Liao and Jin,不似今番冤苦深, There was no bitterness as deep as this!甘心曲股渾不信, I would with all my heart, bend my thighs, in total disbelief,要把高麗都殺盡。 That we really are going to kill off everyone in Koryo,嗚呼哀哉, Alas, oh how terrible!何時免此殺戮運。 When will they be able to avoid this murderous fate.¹³⁹
Sixiang Wang	What Tang Taizong Could Not Do 	The juxtaposition of Koryos cultural attainments with the devastation of war recalls familiar irenic and revivalist themes, so pronounced in Haos life and work. Here, his sympathies turn to Koryo as he laments the suffering of its people. Though originally blameless, their country had been plundered by faithless Mongols, the “Celestial Troops,” even after it had offered submission. Now, survivors were sold as chattel, their pitiable wails stirring all those who witnessed their plight. Augmenting their tragedy was that Koryo shared the culture of the “Central Plains” and the tradition of the Han and Tang. Though they preserved their independence for a millennium, they and the civilization they enjoyed now faced annihilation.
Sixiang Wang	What Tang Taizong Could Not Do 	This meditation on history, like the Koryo Historys account of Wonjongs surrender, connects the Korean surrender with the imperial past. It does so not to glorify Khubilai, but to condemn Mongol depredations and their violation of precedents established in Koryos dealings with the Song, Liao, and Jin. Hao Jing, who in his other writings depicted Khubilai as a Sage Emperor surpassing his predecessors, now saw him as falling short of those ideals. It would appear that Hao Jing, a loyal servant of Khubilais court, was complicit in the very actions he condemned, but he would have seen his position differently. Hao, like his colleagues, hoped that by appealing to the examples of paragon rulers of the past, Khubilai could be enjoined to rule in their mold.
Sixiang Wang	What Tang Taizong Could Not Do 	ConclusionKoryo survived not only absorption into the Mongol-Yuan empire but also its subsequent collapse. The same could not be said for other polities in East Asia who laid claim to a shared imperial tradition. The Jin, Western Liao 西遼 (Kara Khitai, 1124-1218), Xia夏 (1038-1227), Dali, and Song effectively disappeared as political entities in the wake of the Mongol conquests. The successful cooptation of its royal house into the Mongol dynastic line was certainly one factor for Koryos resilience. Its rulers such as King Ch’ungnyol, Chungson, and Chungsuk 忠肅王(1294-1339; r. 1313-1330 and 1332-1339) employed the trappings and the substance of Mongol elite identity to seek power and prestige within the imperial system, but ultimately their political strategy also depended on the institution of kingship.¹⁴⁰ By no means inevitable, its survival had as much to do with Mongol conquest strategy as it did with how Korean diplomats aligned Koryo dynastic interests with the political program of Khubilais Confucian advisers.
Sixiang Wang	What Tang Taizong Could Not Do 	The Koryo Historys account of Wonjongs first encounter with Khubilai Khan may very well have been a later Korean apology for his surrender, but it also encapsulated the rhetorical mechanisms that enabled this alignment. Surviving records from the decades around Khubilais accession (roughly 1250s to 1270s) exhibit a strong resonance between Koryo diplomatic strategy and the political rhetoric of Khubilais Chinese and Confucian advisers. It therefore matters relatively little whether Khubilai had indeed found the Koryo heir apparents surrender as an occasion to compare himself to Tang Taizong and a sign of his imperial destiny, because even if the khan did not, some of his advisers likely would have. The account of King Wonjongs surrender to Khubilai in the Koryo History presents a plausible retrospective, grounded in political discourses surrounding the project of civilizational and imperial revival unfolding in the mid-thirteenth century.
Sixiang Wang	What Tang Taizong Could Not Do 	How Wonjongs surrender, which could have culminated in Koryos total elimination, was transformed into a political resource also speaks to the skills of Koryo diplomats. Their maneuvering reframed how Koryo related to the project of imperial unification, a reframing which Khubilais evocation of Tang Taizong also helped encapsulate. When the Tang emperors invaded Koryo in the seventh century, they, like the Sui 隋 (581-618) emperors before them, were motivated in part by irredentism. Koguryo, by occupying the former Han prefectures of Lelang and Xuantu, was a break-away local regime who had carved away the last corner of all-under-heaven, whose conquest was required to complete a grand unification, a restoration of imperial rule to its former glory.¹⁴¹ Koryos connections to Koguryo and the imperial past may have evoked feelings of nostalgia among Khubilais officials, but they were also liabilities, identifying it as a target for permanent annexation.¹⁴²
Sixiang Wang	What Tang Taizong Could Not Do 	It is against this predicament that the Koryo Historys narratives significance should be understood. The narrative presented an alternative understanding of Koreas relationship to this imperial tradition and its legitimation. It converted the view that the Korean peninsula was the last piece of a unified empire to be reclaimed into the notion that Koreas peaceful and voluntary submission and its continued political existence augmented imperial authority. In short, the emphasis shifted from Korea as an object of irredentist ambition to Korea as a legitimizer of empire.¹⁴³ This shift had lasting reverberations. After the fall of the Yuan, the Choson dynasty, Koryos successors, extrapolated on these foundations in dealing with the Ming. Though they recognized the Ming rulers as universal emperors, they also claimed to be coeval heirs to a shared cultural tradition. These claims echoed the discursive strategies of Koryos diplomats in their missives to Khubilais officials, but also reflected broader Koryo-period innovations, namely the adoption of a state Confucianism that hearkened to a common classical well-spring.¹⁴⁴
Sixiang Wang	What Tang Taizong Could Not Do 	A narrative of common descent could ward off, but not banish, the specter of irredentism. Shortly after the establishment of the Choson dynasty, tensions ran high between the new regime and the Ming. The first Ming emperor Zhu Yuanzhang 朱元璋(1328-1398; r. 1368-1398) warned Choson envoys that during the Han, Sui, Tang, Liao, Jin, and Yuan periods, former emperors eagerly raised armies to invade whenever the rulers of the Three Han [i.e., Korea] committed even the slightest offense.¹⁴⁵ During the fifteenth century, when relations between Choson and Ming were stable, Korean statesmen remained sensitive to the possibility of renewed imperial ambitions. The Choson official Yang Songji 梁誠之 (1415-1482), for instance, worried, even in times of stable and friendly relations, that one day, perhaps some “five hundred years from hence another emperor of China “who loves vainglory and delights in triumph” might “abuse the force of arms” and seek to conquer Korea.¹⁴⁶
Sixiang Wang	What Tang Taizong Could Not Do 	Despite these concerns, the conversion of an irredentist narrative into one in which Koreas preservation became a mechanism for verifying imperial legitimacy provided a useful counterpoint. In 1476, Qi Shun 祁順(1434-1497), the Ming envoy dispatched to Korea, wrote a historical meditation (yongshi shi 詠史詩) on the city of Pyongyang 平壤 in a poetry exchange with his Korean counterparts.¹⁴⁷ In recounting Koreas relations with past imperial dynasties, it decried the “barbaric” and “immoral Yuan for having “swallowed Koreas territories and infecting it with the stench of barbarity,¹⁴⁸ even as it celebrated the Tangs military triumph over the Korean states of Koguryo and Silla.¹⁴⁹ In contrast, the Ming surpassed both the Tang and the Mongols, because it brought Korea under the imperial fold, not with the force of arms, but through its civilizing power. Its magnanimity was so great that the Ming restored to Korea territories once lost to the Mongols.¹⁵⁰ In his responses, Sõ Kōjōng 徐居正 (1420-1488), Qis Korean counterpart, reiterated the superiority of the Ming for its eastward flowing civilization, but scoffed at the mention of the Sui and Tang invasions.¹⁵¹ Their “abuse of arms” was the stuff of laughing trifles, unworthy of comparison to the Ming.¹⁵² Suppressing narratives of imperial irredentism then was at once also a disavowal of the Mongol imperial legacy and a refiguring of what the Tang had represented. Of course, despite their rejection of the Mongol past, it was during this period that the ideological and institutional foundations of Choson-Ming relations were in fact forged.¹⁵³
Sixiang Wang	What Tang Taizong Could Not Do 	When the Qing emperor Hong Taiji 皇太極, or Qing Taizong 清太宗 (1592-1643; r. 1626-1643) invaded Choson in 1636, he did not seek to annex Korea to his own territories. Instead, he followed Yuan and Ming precedent, using Koreas political submission to demonstrate both the legitimacy and inevitability of his imperial claims as a prelude to the Qing conquest and supersession of the Ming.¹⁵⁴ By the end of the Qing, Koreas relationship with imperial China had taken another turn. Amid decades of unprecedented Qing intervention under Yuan Shikais governorship, alongside the resurgence of the specters of imperial irredentism,¹⁵⁵ many members of the Choson elite were ready to extract Korea from the Qings political orbit. After the Sino-Japanese War of 1894-1895, they celebrated Chosons newfound independence from Qing domination,¹⁵⁶ sentiments which were ultimately co-opted by Japanese imperialism, resulting in Koreas annexation in 1910.¹⁵⁷ For Chinese intellectuals writing on the cusp of revolution, Koreas annexation symbolized the ills of imperialism, but at the same time, the Qings loss of Koreas allegiance to Japan, its last remaining “tributary state,” had become a synecdoche for the empires dismemberment and the collapse of its traditional order.¹⁵⁸ The irony, of course, was that this narrative of Korea as the empires legitimizer was originally a Korean production, used not to justify imperial dominion, but to guard against it.
Sixiang Wang	What Tang Taizong Could Not Do 	Retrospective views of Koreas tributary relations with Chinas imperial past tend to conceive it not only as a product of Chinese imperial ideology, but also as its ideal manifestation.¹⁵⁹ What the Koryo surrender of 1259 and the narratives it inspired demonstrates, however, is something rather different. This formative moment in the history of Korean-Imperial relations emerged from a convergence of Mongol political needs, Korean diplomatic strategy, and Chinese Confucian agendas. In the process, the Koryo court, an erstwhile vassal, appropriated tributary discourse to negotiate its own political position. Most remarkably, it intervened into techniques of imperial legitimation by casting for itself a pivotal role in the construction of imperial order.
Sixiang Wang	What Tang Taizong Could Not Do 	Appendix: The Koryo History Account¹⁶⁰At first, Emperor Xianzong (i.e. Möngke Khan) was on campaign in the south and was encamped by Angling Mountain. The king (Wonjong, then Prince Chon) was traveling from Yanjing to attend to the [emperor]. On the way, he passed through Jingzhao, by the Tong Pass. There, the guards invited him to bathe in the hot springs of Huaqing Palace. The king refused and said: “This was where Tang Minghuang (Tang Xuanzong) had once bathed, although I live in another time, how dare I, a vassal, sully it?” All who heard this were impressed by his understanding of propriety.初憲宗皇帝南征,駐蹕釣魚山。王自燕京赴行,在道過京兆潼關,守土者迎至華清宮,請浴溫泉。王謝曰:「此唐明皇所嘗御者,雖異世人臣安敢褻乎?」聞者嘆其知禮。
Sixiang Wang	What Tang Taizong Could Not Do 	When he reached Liupan Mountain, he heard that Xianzong had died suddenly, whereupon Arigh Böke raised an army in the northern wilderness (i.e. Mongolia). All the feudal lords were confused, unsure of where to go and whom to follow. At that time, the Imperial Brother Khubilai was leading the troops south of the Yangzi River. The king subsequently turned his carriage south, and after many twists and turns, reached the frontier of Liang and Chu. [There he met] the Imperial Brother who was retreating north from Xiangyang. The king adorned himself in black-gauze headdress with soft-horned tassels, wide-sleeved robes of violet silk, shoes of rhinoceros horn, and an ivory tablet. He paid his respects to the Imperial Brother on the left side of the road, bringing his gifts of tribute. His visage was beautiful like a painting and his behavior was a model for others. His retainers lined up behind him, all wearing their official robes and arrayed according to their rank. The Imperial Brother exclaimed with surprised joy: Koryo is a country of a myriad miles [in size]. Since the time of Emperor Taizong of the Tang, who personally led an expedition against it, it could not be subjugated. Now that its Heir Apparent has come to submit to me, it must be the will of heaven!” He then rewarded the king greatly.至六槃山,憲宗皇帝晏駕,而阿里李哥阻兵朔野。諸侯虞疑,罔知所從。時皇弟忽必烈,觀兵江南。王遂南轅閒關,至梁楚之郊。皇弟適在襄陽,班師北上。王服軟角烏紗幞頭、廣袖紫羅袍、犀鞋、象笏,奉幣迎謁道左。眉目如畫,周旋可則。群僚皆以品服排班于後。皇弟驚喜曰:「高麗萬里之國,自唐太宗親征,而不能服。今其世子自來歸我,此天意也!」大加褒獎。
Sixiang Wang	What Tang Taizong Could Not Do 	AcknowledgmentsThis project, which began as an idea for a Masters thesis at Columbia University, has benefited from the insights of many critical readers across its various iterations over the years. I thank especially Theodore Hughes, Gray Tuttle, the late JaHyun Kim Haboush, Robert Hymes, Sun Joo Kim, Dorothy Ko, Jungwon Kim, the three anonymous reviewers from Toung pao for their critiques and suggestions, as well as the University of Pennsylvanias James Joo-Jin Kim Program in Korean Studies for its support.
Korean	이익주 용비어천가 조선왕 	1. 머리말조선은 고려 말에 성장한 신흥사대부(新興士大夫)와 신흥무장(新興武將)이 힘을 합쳐 세운 왕조이다. 왕조 개창의 결과 지배 계층의 수직적인 교체가 이루어졌으며, 그러한 점에서 고려조선의 교체는 단순한 왕조 교체 이상의 의미를 지닌다. 이와 같은 수직 교체의 양상을 가장 잘 보여주는 것이 조선의 왕실이다. 조선 왕실의 조상들은, 멀게는 전주의 향리(鄉吏)였고, 가깝게는 쌍성 지방의 토호(土豪)였다. 이러한 하급 지배층의 후손이, 게다가 고려와 몽골 사이의 경계인이었던 일개 무장이 새로운 왕조를 열고 국왕이 된 것은 당시 고려 사회를 휩쓸었던 사회 변화가 아니었다면 불가능한 일이었을 것이다.{1}
Korean	이익주 용비어천가 조선왕 	하지만 조선을 건국한 뒤 새 왕조의 왕실은 자신들의 과거를 미화할 필요를 느꼈을 것이다. 그러한 필요성은 조선 왕실의 신분 상승의 폭 에 비례하여 커졌을 것이지만, 특히 전쟁 중에 몽골에 항복하여 쌍성총 관부의 관리로 지냈던 가까운 과거의 사실에 대해서는 어떻게든 정리를 해두어야 했을 것이다. 왕실 조상의 미화 작업은 이성계를 영웅화하 는 작업과 함께 조선 건국의 정당성을 확인하고 홍보하는 국가적 사업 으로 추진되었다. 그리고 그 최종 결과물이 「용비어천가(龍飛御天歌)」라 고 할 수 있다.
Korean	이익주 용비어천가 조선왕 	세종 때 지어진 「용비어천가」는 “해동(海東) 육룡(六龍)이 날으시어 일 마다 천복(天 福)이시니 고성(古聖)이 동부(同符)하시니”라는 문장으로 시 작된다.{2} 여기서 육룡이란 세종의 선조인 목조(穆祖)·익조(翼祖) · 도조 (度祖)·환조(桓祖)·태조(太祖)·태종(太 宗)을 가리키는바, 여기에는 목조 이안사(李安社)로부터 창업의 기틀이 만들어지기 시작했다는 인식이 담 겨져 있다. 하지만 목조부터 환조 이자춘(李子春)까지 4 대는 관련 자료 가 거의 없고, 따라서 조선 왕실은 적은 자료를 가지고 조상들의 행적 을 적극적으로 미화해 나아가만 했다. (혹은 자료가 거의 없었기 때문에 미 화하기가 더 쉬웠을지도 모른다.) 그 결과가 「용비어천가」로 나타나게 된 것이며, 이러한 관점에서 본다면 「 용비어천가」의 사료적 가치는 면밀 한 검토를 거쳐 평가되어야 할 것이다. 이것이 이 글에서 「용비어천가」를 중심으로 ‘왕실의 조상에 대한 기록을 살피게 된 이유이다.
Korean	이익주 용비어천가 조선왕 	조선시대에는 「용비어천가」뿐 아니라 태조 이성계(李成桂) 개인은 물 론 그의 조상들에 대한 기록도 조금씩 고쳐지면서 새로 쓰였다. 그 최종 결과물이 왕실 족보인 선원보(璿源譜) 계통의 자료인데, 거기에는 매우 상세한 내용이 담겨져 있지만 윤색이 심하여 역사 연구에서 그대로 사용할 수 없다. 선원보뿐 아니라 왕실 관계의 다른 자료들, 심지어『고려사(高麗史)』와 『고려사절요(高麗史節要)』 같은 정사류(正史類)마저도 왕실과 관련해서는 어느 정도의 윤색이 가해져 있다. 따라서 관련 자료를 면밀하게 검토하여 왕실의 조상에 대한 역사적 사실과 윤색 부분을 가리는 일이 필요하며, 그를 통해「용비어천가」의 사료적 가치가 밝혀지게 될 것이다.
Korean	이익주 용비어천가 조선왕 	2. 고려 말, 조선 초 이성계의 선조에 대한 기록의 변화이성계의 선조에 대한 기록 가운데 가장 오래된 것은 고려 말 이색(李穡)이 지은 이자춘(李 子春)의 신도비문(神道碑文)이다.{3} 이색의 다른 글에 이 비문을 지은 사정이 기록되어 있는데{4}, 그에 따르면 1387 년 (우왕 13) 겨울에 이성계가 이색에게 부친의 신도비문을 지어줄 것을 부탁했고, 이듬해 2월 을축일(20 일)에 비석을 세운 것으로 되어 있다. 따라서 이 신도비문은 1387 년 10 월부터 1388 년 2 월 사이에 지어진 것 이다. 당시 이성계는 판삼사사(判三司事)로 3 재(三宰)의 지위에 있었으며, 1388 년 정월에는 최영(崔瑩)과 손을 잡고 이인임(李仁任), 임견미(林堅味), 엽충방(廉興邦) 일파를 몰아낸 뒤 최영에 이어 제2인자가 되었다.{5}
Korean	이익주 용비어천가 조선왕 	이색이 지은 「이자춘신도비문」은 이성계가 조선을 건국하고 왕이 되기 전에 그의 선대(先代)에 대해 기록한 유일한 자료라는 점에 각별한 의미가 있다. 조선 건국 후에는 왕실에 대한 미화 작업이 대대적으로 진행되었으므로 「이자춘신도비문」이 갖는 사료로서의 가치는 그만큼 크다고 할 수 있다. 그런데 「이자춘신도비문」이 이색의 문집인『묵은문고(牧隱文藁)』뿐 아니라 조선 전기에 편찬된 『동문선(東文選)』에도 실려 있고{6}, 둘 사이에 약간의 차이가 있는 점이 주목된다.
Korean	이익주 용비어천가 조선왕 	우선 형식면에서 국왕과 관련되는 용어 앞에 두 글자를 비우거나 행을 바꾸는 제두(提頭)가 『묵은문고』의 「이자춘신도비문」에는 있는데『동문선』의 「이자춘신도비문」에는 없는 점이 다르다. 또 자녀를 기재하는 순서도 『동문선』의 것은 적서(嫡庶) 구분 없이 아들과 딸을 구분하고 각각의 출생 순으로 되어 있다. 그에 따라 이자춘의 3남 1녀가 이원계(李元桂)이성계이화(李和)딸의 순으로 기재되었다. 반면 『묵은문고』에서 는 적서의 구별을 앞세워 이성계딸이원계이화의 순으로 기재하였고, 적서를 구분하기 위해 이원계의 생모인 이씨 앞에 ‘측실(側室) 두 글자를 추가하였다. 적서의 구분을 중시하는 것은 조선시대의 관념을 반영하는 것이므로 『동문선』에 실려 있는 「이자춘신도비문」 이 이색이 지은 원본에 가까운 것이고, 『묵은문고』에 실려 있는 것은 조선시대에 수정된 것이라고 할 수 있다.
Korean	이익주 용비어천가 조선왕 	이색의 문집인 『묵은집(牧隱集)』,[『묵은시고(牧隱詩藁)』와 『묵은문고』이 처음 간행된 것은 이색 사후 8년 만인 1404 년(태종 4) 3 남 이종선(李種善)에 의해서였다. 이 해 5월과 7월에 이첨(李詹)과 권근(權近)이 지은 서문이 남아 있어 이것은 분명한 사실로 확인된다.{7} 하지만 이 초간본(初刊本)은 현재 남아 있지 않다.{8}『목은집』의 중간(重刊)은 조선 후기인 1626 년(인조 4)에 이루어졌고, 지금 남아 있는 『목은집』은 바로 이중간본이다.{9} 그에 비해서 『동문선』 은 1478 년(성종 9)에 찬집(撰集)되었고, 초기의 판본이 지금도 남아 있으므로 여기 수록된 이색의 시문들이 오히려 『목은집』초간본에 가까운 것이라고 할 수 있다. 따라서 「 이자춘신도비문」을 사료로 이용할 때에는 『동문선』에 실린 것을 기본으로해야 한다. 그와 더불어 『동문선』과『목은집』의 「이자춘신도비문」을 비교하는 작업도 의미가 있을 것인데, 그를 통해 조선 후기에 추가되거나 변형된 부분을 찾아낼 수 있을 것이기 때문이다.
Korean	이익주 용비어천가 조선왕 	이자춘의 신도비는 조선 건국 직후인 1392 년 7 월 이성계의 4대를 추증할 때 정종(鄭 摠)에 의해 다시 지어졌다.{10} 여기에는 당연히 첫 번째신도비가 지어진 뒤의 사실들, 특히 조선 건국과 관련된 사실들이 추가되었고, 조선 건국의 정당성이 강조되었다. 또한 이 「정릉신도비문」에서는 이성계의 선대와 관련하여 새로운 내용이 추가되었다. 즉, 이색이 지은 「이자춘신도비문」에는 이성계의 선대가 신라아간(新羅阿干) 광희(光禧)로부터 시작된 것으로 되어 있는데, 정총의 「정릉신도비문」에는 그 앞에 사공(司空) 한(翰), 시중(侍中) 자연(自延), 복야(僕 射) 천상(天祥) 등 3 대가 더해졌고, 시조 이한이 신라 태종 무열왕의 10 세손인 군윤(軍尹) 김은의(金殷義)의 딸과 결혼했으며, 관직이 시중에 이르렀다는 내용이 추가되었다.
Korean	이익주 용비어천가 조선왕 	이색은 「이자춘신도비문」의 명문(銘文)에서도 이성계의 전주이씨가 신라 대아간(大阿 干), 즉 이광희로부터 시작되었음을 거듭 밝혔다.{11} 또 이성계가 이색의 「 이자춘신도비문」을 읽어보고는 “우리 집안의 족보에서 확인할 수 있는 것은 선생이 모두 썼다.”고 말했다고 기록해놓았다.{12} 따라서 이색이 「이자춘신도비문」을 지을 때까지만 해도 이 집안의 시조가 이광희로 알려져 있었던 것이 틀림없는데, 불과 4년 뒤에 지어진 「 정릉신도비문」에서 새로운 사실이 추가된 것이다. 이는 조선 건국 이후 왕실의 조상을 미화하면서 신라 왕실과의 관계를 부각시키고자했기 때문으로 추측된다.
Korean	이익주 용비어천가 조선왕 	그러나 시조인 이한이 태종 무열왕의 10 세손인 김은의의 딸과 결혼했다는 것은 사실이 아니었을 것이다. 그 기록대로라면 이한이 왕경(王京), 즉 경주에 살던 진골귀족이었어야 하는데 그럴 가능성은 거의 없기 때문이다. 만일 그가 경주의 진골귀족이었다면 그 후손들이 전주로 옮겨 살게 된 사정이 설명되어야 한다. 또 이한, 이자연, 이천상이 지냈다는 사공과 복야는 모두 고려시대에야 나타나는 관직들이다. 그리고 무엇보다도 이한이 전주이씨의 시조라면 이색이 지은 「이자춘신도비문」에 누락되었을 리가 없다.
Korean	이익주 용비어천가 조선왕 	하지만 시조를 이한으로 하는 「정릉신도비문」의 기록은 1408 년(태종 8)에 권근이 지은 태조의 신도비인 「건원릉신도비문」에{13} 그대로 계승되었다. 이후『태조실록(太祖實 錄)』총서(總書)에도 같은 내용이 실렸고, 이것이 이후 조선의 공식적인 선원계보로 자리를 잡게 되었다. 그러나 이렇게 했을 때 이색이 지은 「이자춘신도비문」의 내용이 문제가 되었을 것이다.「이자춘신도비문」은 조선 왕실의 조상을 이광희부터 기록함으로써 왕실이 조상에 대한 기록을 변조하였음을 폭로하는 것이거나 적어도 왕실의 조상에 대한 무지를 드러내는 것이었기 때문이다. 1417 년(태종 17)에 왕명으로 이색의 정릉신도비문(定陵神道碑文), 즉「이자춘신도비문」을 거두어들인 일이 있었는데{14}, 이는 왕실의 공식적인 견해에 반하는 기록을 회수하려 한 것으로 해석된다. 그런데 그때는 이미『묵은집』이 간행된 뒤였으므로 「이자춘신도비문」이 실려 있는『묵은집』 제 15 권을 거두어들이게 되었을 것이고{15}, 이것이 와전되어『묵은집』이 본래 70 권이던 것을 조선 왕실이 15 권을 삭제하여 55 권만 남게 되었다는 주장이 나오게 되었던 것이다.{16}
Korean	이익주 용비어천가 조선왕 	이상에서 살핀 바와 같이 고려 말, 조선 초의 조선 왕실에 대한 기록은 이색의 「 이자춘신도비문」, 정충의 「정릉신도비문」,권근의 「건원릉신도비문」 등이 있다. 그리고 이를 종합하여 정리한 것이『태조실록』 총서이다. 『태조실록』총서는 1413 년(태종 13) 3 월『태조실록』과 함께 완성된 것으로, 이후 조선 왕실의 조상에 대한 공식적인 역사 기록이되었다. 그 기록에 따라 시조 이한부터 이성계의 고조(高祖)인 이안사(李安社)까지의 계보를 정리하면 그림 1과 같다.
Korean	이익주 용비어천가 조선왕 	잘 알려진 대로 이성계의 본관은 전주이다. 이 사실은 「이자춘신도비문」첫머리에 “전주의 이씨는 대성(大姓)이다”라고 한 데서{17} 확인된다. 그리고 전주이씨의 시조는 「 이자춘신도비문」에 기록되어 있는 대로 이 광희였을 것으로 생각된다.
Korean	이익주 용비어천가 조선왕 	「이자춘신도비문」에는 그가 신라의 아간이 었다고 되어 있는데, 아간이란 신라의 제6관등으로 골품제하에서 6두품 이상이 오를 수 있는 자리였다. 하지만 전주에 살고 있던 이광희가 이러한 관등을 받기란 현실적으로 불가능하였으므로, 이 기록은 후대에 윤색된 것이거나 아니면 이광희가 아간을 자칭하였던 것이 아닌가 한다. 실제로 신라 말에는 지방의 호족들이 스스로를 성주(城主), 장군 (將軍)으로 부르거나 중앙 관직을 자칭한 사례가 많았다. 따라서 이광희가 신라 말 전주 지방의 호족이었고, 고려 초 태조의 토성분정(土姓分定)정책에 따라 이씨 성을 받음으로써 전주이씨가 시작되었다고 하는 것이 사실에 가까운 설명일 것이다. 『세종실록지리지』와 『신증동국여지승람 (新增東國 輿地勝覽)』의 전주부(全州府) 토성조(土姓條)에 이씨가 최(崔)·유(柳)·박(朴)·전(全)· 경(庚)·한(韓)·백씨(白氏) 등과 함께 본부토성 (本府土姓)으로 기재되어 있는 것도 이러한 추측을 뒷받침한다.
Korean	이익주 용비어천가 조선왕 	신라 말, 고려 초에 지방에서 성장한 호족들 가운데 일부는 이후 상경하여 중앙 관인이 되었다. 전주이씨도 고려 전기부터 중앙으로 진출했는데, 인종 때 재상을 지낸 이준양(李俊 陽)과 그럼으로 유명한 이녕(李寧)·이광필(李光弼) 부자 등이 전주이씨였다.18 이성계의 선조들이 언제부터 중앙 관인이 되었는지는 알 수 없지만『고려사』에서 처음 확인되는 사람은 이린(李璘)이다. 1170 년 이의방(李義方)이 정중부(鄭仲夫) 등과 함께 무신난을 일으킨 뒤에 그 아우인 이린이 재상 문극겸(文克謙)의 사위가 되었다는 기록이 있다.{19} 그리고 이것은 “대장군(大將軍) 용부(勇夫)가내시집주(內侍執奏) 린을 낳았고, 집주는 시중 문극겸의 딸에게 장가들어장군 양무(陽茂)를 낳았다”고 한 「이자춘신도비문」의 내용과 일치한다.
Korean	이익주 용비어천가 조선왕 	무신난으로 권력을 잡았던 이의방은 권력 투쟁에서 패배하여 정중부에게 죽임을 당했다. 하지만 이린은 그에 연좌되지 않고 중앙 관인의지위를 그대로 유지하였던 것으로 보인다. 「이자춘신도비문」에 이린의아들 양무의 관직이 장군으로 나타나고, 상장군 이강제(李康 濟)의 딸과결혼했다고 되어 있는 점으로부터 이러한 추측이 가능하다. 이린의 이름은 조선 전기에 만들어진『문화유씨가정보(文化柳氏嘉靖譜)』에서도 발견된다. 그에 따르면 이린은 유택(柳禪)의 처부였고{20}, 1258 년(고종 45)에 정변을 일으켜 최씨정권을 붕괴시키는 데 결정적인 역할을 한 유경(柳璥)의 외조부가 된다. 이 사실은 이린의 처부인 문극겸이 유경의 외증조라고 한 다른 기록에서 재확인된다.{21} 이처럼 이린 대에 이 가문은문극겸, 유택 등 당대의 대표적인 문신들과 혼인하여 사회적 지위를한껏 높였다고 할 수 있다.
Korean	이익주 용비어천가 조선왕 	그런데『태조실록』총서에는 이양무의 아들인 이인사가 20 여 세가될 때까지 전주에 살고 있었던 것으로 되어 있다. 그렇다면 이 가문은이린의 아들인 이양무 대에 전주로 낙향했던 것으로 보이는데, 그 이유는 알 수 없다. 전주로 낙향한 뒤에는 전주 지방의 재지사족(在地 士族)으로서, 토호(土豪)로 행세하였을 것이다.
Korean	이익주 용비어천가 조선왕 	3. 목조~환조에 대한 기록이안사(목조)부터 이자춘(환조)까지 4 대에 대한 기록은 「이자춘신도비문」을 비롯하여 「정릉신도비문」, 「건원릉신도비문」,「태조실록」총서, 그리고 「용비어천가」 등에서 산견되는데, 혼인관계와 계보 등은 큰 차이가 없다. 이 기록들을 토대로 하여 이안사 이후 이성계까지의 계보를 정리하면 그림2와 같다.
Korean	이익주 용비어천가 조선왕 	이성계의 고조인 이안사는 몽골에 항복하여 쌍성총관부에 들어가 살았고, 그로부터 이자춘이 고려로 돌아올 때까지 약 100 년 동안 이 가문은 쌍성총관부를 배경으로 고려와 대립하는 입장에 있었다. 따라서 건국 후 조선 왕실로서는 어떻게든 그에 대한 변명을 해야 할 상황이었고, 그것 때문에 이안사 이후 4대의 행적을 기록하면서 여러 가지 고민을 하였을 것이다. 이 점을 염두에 두면서, 이안사부터 이자춘까지 4 대에 대한 조선 전기 기록의 변화 과정을 살펴보고자 한다.
Korean	이익주 용비어천가 조선왕 	1) 이안사(목조)에 대한 기록고려 말에 이색이 지은 「이자춘신도비문」에는 이안사가 몽골로 들어가는 과정이 다음과 같이 기록되어 있다.
Korean	이익주 용비어천가 조선왕 	(이안사가) 일찍이 의주(宜州)의 수령이 되어서 여진 정사를 하였다. 인척 관계로 강릉부의 삼척현에 이거(移居)하였으니, 대개 그곳의 풍속을 좋아했기 때문이다. 어떤 사건 때문에 지현(知縣)의 뜻에 거슬리게 되었다. 지현이 해치려고 꾀하는 것을 어떤 사람이 공에게 알리니, 공이 가족을 이끌고 몽고씨(蒙古氏)에게 달아났다. 몽고씨가 그를 남경(南京)에 살게 하고 5천호소(千戶所)의 다루가치로 삼았다.
Korean	이익주 용비어천가 조선왕 	이 기록에 따르면 이안사는 처음에 의주의 수령이었고, 그곳에서 삼척으로 그곳의 풍속을 좋아했기 때문에 옮겼으며, 삼척에서 어떤 사건으로 지방관과 대립하게 되어 어쩔 수 없이 몽골로 들어가 다루가치가 되었다고 되어 있다. 그러나 같은 사건에 대한 「 용비어천가」의 기록은 좀 다르다.「용비어천가」에는 제3장 “우리 시조가 경흥(慶興)에 사서 왕업(王業)을 여시니에 대한 주해(註解)에서 이안사가 본관인 전주를 떠나 몽골에 항복해 들어가는 과정이 다음과 같이 서술되어 있다.{22}
Korean	이익주 용비어천가 조선왕 	처음에 목조가 전주에 살았다. 관가의 기생 일로 지주(知州)와 틈이 벌어졌 다. 지주가 모해(謀害)를 하여 목조는 강원도 삼척현(三陟縣)으로 옮겨가 살 았다. 백성 가운데 따라서 옮기려고 한 집이 170 여 가구가 되었다. 후에 새로 인렴사(按廉使)가 있는데 목조와 오래된 협의가 있었다. 목조는 장차 그 가 온다는 말을 듣고 가족을 끌고 바다로 해서 함길도 덕원부(德源府)에 이르 러 살았다. 170 여 가구가 또 모두 따라갔다. 이미 천하가 원나라에 돌아갔 다. 알동(斡東) 지방으로 옮겨갔다. 원나라는 목조를 5 천호의 다루가치로 삼 았다. 동북 사람들이 모두 마음속으로부터 불쫓았다. 왕업이 일어난 것은 이 로부터 시작되었다.
Korean	이익주 용비어천가 조선왕 	그리고 위 주해에 대한 협주(夾註)에서 좀 더 자세한 설명을 덧붙였다.
Korean	이익주 용비어천가 조선왕 	이때 산성별감(山城別監)이 전주에 와서 목조가 사랑하는 기생을 데려갔으므로 인하여 틈이 생겼다. 지주는 목조에게 화를 내고 목조도 말로 지주를 범 했다. 지주가 조정에 알리고 군대를 내어 도모하려고 하였다. 목조가 이를 알고 떠나 옮겼다.
Korean	이익주 용비어천가 조선왕 	이에 따르면 이안사는 전주에서 사랑하는 기생의 일로 지방관과 불 화를 일으켜 그 때문에 삼척으로 옮겼고, 그곳에서 다시 덕원에 갔다가 원나라 영토인 알동으로 들어가 다루가치가 된 것이었다.
Korean	이익주 용비어천가 조선왕 	이안사에 대한 기록은 「이자춘신도비문」과 「용비어천가」가 서로 다르게 되어 있는데, 태종 때 지어진『태조실록』총서에는 「용비어천가」의 것과 같은 내용이 좀 더 자세하게 실려 있다. 다음 기록이 그것이다.
Korean	이익주 용비어천가 조선왕 	(목조가) 처음에 전주에 있었는데, 그때 나이 20 여 세로 용맹과 지략이 남보다 뛰어났다. 산성별감이 객관에 들어왔을 때 관기 사건으로 인하여 주관(州官)과 틈이 생겼다. 주관이 안렴사와 함께 의논하여 위에 알리고 군사를 내어 도모하려 하자, 목조가 이 소식을 듣고 강릉도의 삼척현으로 옮겨가서 거주하니, 백성들이 자원하여 따라서 이사한 사람이 170 여 가(家)나 되었다. 일찍이 배 15 척을 만들어 왜구를 방비했는데, 조금 후 원나라 야골대왕(也窟大王)이 군사를 거느리고 여러 고을을 침략하니, 목조는 두타산성을 지켜서 난리를 피하였다. 때마침 전일의 산성별감이 새로 안렴사에 임명되어 장차 이르려고 하니, 목조는 화가 미칠까 두려워 가족을 거느리고 바다로 배를 타고 동북면의 의주에 이르러 살았는데, 백성 170 여 호(戶)가 또 따라갔고,동북의 백성들이 진심으로 사모하여 좇는 사람들이 많았다. 이에 고려에서 는 목조를 의주병마사로 삼아 고원(高原)을 지켜 원나라 군사를 방어하게 하였다. 이때 쌍성 이복 지방이 개원로(開元路)에 소속되었고, 원나라 산길대왕(散吉大王)이 와서 쌍성에 둔치고 있으면서 철령 이복 지방을 취하려고 하여 사람을 두 번이나 보내 목조에게 행복하기를 청하니, 목조는 마지못하여 김보노(金甫奴) 등 천여 호(戶)를 거느리고 행복하였다. [...] 마침내 개원로 남경(南京)의 알동에 이르러 거주하였다. 이때가 송나라 이종(理宗) 보우(寶祐)2 년(1254), 원나라 현종(憲宗) 4 년, 고려 고종(高宗) 41 년 갑인이었다. 명년 음묘(1255)에 산길이 이 사실을 원나라 황제에게 알리니, 원나라에서 알동천호소를 세우고 금패(金牌)를 내려주어 남경등처오천호소(南京 等處五千戶所)의 수천호(首千戶)로 삼고, 다루가치를 겸하게 하였다.
Korean	이익주 용비어천가 조선왕 	즉, 이안사가 20세까지 전주에 살고 있었고, 관기의 일로 산성별감과 다투었으며, 그 때문에 지주가 조정에 보고하고 군사를 내어 처벌하려 하자 삼척으로 도망해 들어갔고, 170 여 가가 그를 따라갔다는 것이다. 이어서 이안사가 삼척에서 몽골에 항복하고 쌍성총관부로 들어가는 과정을 서술하였는데, 삼척에 있을 때 몽골군의 공격을 받아 두타산성으로 피신해 있던 중 때마침 전주에서 다툼 적이 있는 산성별감이 안렴사가 되어 부임해왔으므로 어쩔 수 없이 바다를 건너 동북면의 의주로 옮기게 되었고, 그곳에서 의주병마사가 되어 몽골과 싸웠으나 결국 몽골에 항복하고 개원로 남경의 알동으로 옮겨 남경등처오천호소의 수천호겸 다루가치에 임명되었다는 것이다. 그리고 이안사가 몽골에 항복한 것이 1254 년(고종 41), 천호에 임명된 것이 1255 년이라고 하여 그 시기를 명시해놓았다. 결국 「용비어천가」의 이안사에 대한 기록은『태조실록』총서의 내용을 요약한 것이라고 할 수 있다.
Korean	이익주 용비어천가 조선왕 	「이자춘신도비문」이『태조실록』보다 앞선 자료이고, 대체로 신빙성이 더 높지만, 이성계 가문이 몽골 영토로 들어가게 된 경위를 설명한 이 대목만큼은『태조실록』총서가 사실을 전하는 것으로 보인다. 관기의 일로 산성별감과 사이가 벌어졌다는 등의 구구한 이유를 듣 것이 고의적인 윤색이라고 보기는 어렵기 때문이다. 아마 고려 말에 이성계가 이색에게 부친의 신도비를 부탁할 때에는 그저 지방관과의 불화 때문에 몽골 땅으로 들어갔다고 했던 것이, 뒤에 관기의 일을 숨길 수 없는 사정이 생겼거나, 혹은 굳이 그럴 필요가 없다는 판단에서 사실대로 기록하게 된 것이 아닌가 한다. 『태조실록』총서는 공식적인 역사 기록이었던 만큼 거기 실린 내용은 뒤에 수정이 불가능하였을 것이고, 그 때문에 「용비어천가」에 그대로 계승되었을 것이다.
Korean	이익주 용비어천가 조선왕 	하지만『태조실록』총서의 내용도 역사적 사실을 있는 그대로 보여주는 것은 아니다. 특히 왕실의 선조에 대한 공식적인 기록이기 때문 에 갖게 되는 한계를 분명히 드러내고 있다. 예를 들어, 『태조실록』총 서는 전주에서 산성별감과의 다툼을 개인적인 불화로 취급했지만, 산성 별감은 몽골과의 전투를 지휘하기 위해 중앙에서 파견한 관리로{23}. 그와 다투었다는 것은 전쟁 중 중앙에서 파견된 군사 지휘관에 대한 지방 토 호의 반발 또는 항명이었을 가능성이 크다. 그렇기 때문에 지주가 스스 로 처리하지 못하고 ‘조정에 보고하고 군사를 내어 이안사를 처벌하려 고 하였을 것이다.
Korean	이익주 용비어천가 조선왕 	이안사가 삼척으로 옮겨간 것은, 이안사의 입장에서는 피신 또는 유 망이었지만, 고려 조정에서 볼 때는 지방 토호의 반역으로 비쳐졌을 것 이다. 이안사는 그곳에서 전날 다툼 적이 있는 산성별감을 만나 전주에 서의 일이 드러나게 되자 다시 의주로 옮겼고, 결국 몽골에 항복하였 다. 그렇다면『태조실록』총서에서 이안사가 의주병마사가 되어 몽골과 싸웠다고 한 것은 믿기 어려운 사실이다. 몽골의 제5차 침략이 시작된 1253 년(고종 40) 무렵부터 고려의 항몽(抗蒙) 전열이 무너지고 몽골군에 투항하는 사태가 빈발하였는데 {24}. 이안사도 그 대열에 끼었던 것일 가 능성이 오히려 더 크다. 그리고 1255 년 이안사가 몽골의 천호가 된 뒤, 1258 년(고종 45)에 화주 이복이 몽골의 쌍성총관부로 편입되고 조휘(趙暉)와 탁청(卓靑)이 각각 총관과 천호가 되었으니{25} 이안사는 그들보다 먼저 몽골에 들어가 자리를 잡고 있었던 셈이다.
Korean	이익주 용비어천가 조선왕 	「용비어천가」제3장의 주해에서는 이안사가 몽골에 들어갈 때 동북 지방 사람들이 따라간 사실을 부각시키고, “왕업이 일어난 것은 이로부터 시작되었다”는 평가를 덧붙였다. 또한 제 17 장에서 “관기로 노하심이 관리의 탓이언마는 조기삭방(肇基朔方)을 재촉하셨습니다”라고 한 것이나{26} 제 18 장에서 “서울 사자(使者)를 꺼리시어 바다를 건너실 제 이백호(二百戶)를 어느 누가 청하니”라고 한 것도{27} 모두 이안사가 몽골에 항복한 사실을 감추지 않고 오히려 그것이 하늘의 뜻이라거나 민심에 부합하는 것이었다고 하여 정당화한 것이라고 할 수 있다.
Korean	이익주 용비어천가 조선왕 	2) 이행리(익조)에 대한 기록
Korean	이익주 용비어천가 조선왕 	이행리에 대해서 「이자춘신도비문」에는 부직(父職)을 승습(承襲)하여 천호(千戶)가 되었고, 원이 일본을 침략할 때 남경천호(南京千戶)의 자격으로 고려에 와서 충렬왕을 만났으며, 등주호장(登州戶長) 최기열(崔基烈)의 딸과 결혼하여 이춘(李椿)을 낳았다는 등의 사실이 기록되어 있다. 이 가운데 이행리가 충렬왕을 만난 사실에 대해서는 다음과 같이 비교적 자세한 언급을 해두었다.
Korean	이익주 용비어천가 조선왕 	충렬왕을 만나보는 일이 두 번 세 번 겨듭될수록 더욱 공경하고 더욱 삼가서 매양 사죄하며 말하기를, “선신(先臣)이 북쪽으로 달아난 것은 실로 호랑이의 입에서 벗어나려고 하였을 뿐이며, 감히 군부(君父)를 저버린 것이 아닙니다. 원컨대 전하께서는 그 죄를 용서하여 주십시오”라고 하였다. 이에 왕이 이르기를, “경은 본래 사족(士族)이니 어찌 근본을 잊을 리가 있겠는가. 지금 경의 행동거지를 보니 마음에 보존하고 있는 바를 충분히 알겠다”라고 하였다.
Korean	이익주 용비어천가 조선왕 	이것은 1281 년(충렬왕 7)에 있었던 제 2 차 ‘동정(東征) 때의 일인데, 당시 고려와 쌍성총관부가 적대적인 관계에 있었음을 감안하면, 충렬왕과 이행리 사이에 위와 같은 대화가 오갔으리라고는 믿어지지 않는다. 하지만 「이자춘신도비문」이 지어진 고려 말에는 이성계의 조상이 고려를 배신한 것이 아니란 점을 강조할 필요가 있었을 것이다. 그 때문에 충렬왕 때 이행리가 이미 그에 대한 용서를 구했고, 그 뒤로 고려와 우호적인 관계를 맺어왔다는 점을 부각시키고자 했던 것이다. 「이자춘신도비문」에서 이 정도의 창작은 고인의 공적을 기리는 비문의 성격상 허용되었을 것이다.
Korean	이익주 용비어천가 조선왕 	『태조실록』총서에도 위 기록이 그대로 실려 있으며, 이행리가 고려에 온 시기가 1281 년(충렬왕 7)으로 명시되어 있다. 이밖에『태조실록』총서에는 이행리가 알동에서 여진의 여러 천호들의 모해(謀害)를 피해적도(赤島)로 도망했다가 뒤에 덕원으로 옮긴 사실이 기록되어 있는데, 그 과정에서 어느 노파의 도움을 받았다거나 바닷물이 갑자기 줄어 추격을 피할 수 있었다는 등의 설화적 요소가 가미되었다. 이는『태조실록』총서에서 언급한 것처럼 “하늘이 도운 것이고 사람의 힘은 아니다”라는 말을 하기 위한 장치로 보인다.
Korean	이익주 용비어천가 조선왕 	「용비어천가」에서는 이행리가 충렬왕을 만난 사실과 알동에서 덕원으로 옮긴 사실 가운데 후자를 먼저 기록하였다. 이는 이행리가 위기에 서 벗어나 가문이 유지된 것이 하늘의 뜻임을 강조하기 위한 것으로 해석된다. 이행리가 노파의 도움을 받은 것을 가지고 제 19 장에서 “꾀 많은 도적을 모르시어 보리라 기다리시니 센 할미를 하늘이 보내시니”라고 하여{28} 하늘의 도움을 강조하였고, 바닷물이 얕아진 일에 대해서는 제 20 장에서 “삼한을 남을 주겠는가 바다에 배 없거늘 얕게 하시고 또 깊게 하시니”라고 하여{29} 역시 후손이 왕이 될 것을 예정한 하늘의 뜻임을 밝히고 있다.
Korean	이익주 용비어천가 조선왕 	반면, 이행리가 충렬왕을 만나 선친의 투몽(投蒙)에 대해 사과한 일화는 제 24 장에서 이자춘이 고려에 귀부한 사실을 기록하기에 앞서 간단히 언급하는 정도로 처리하였다. 그것도 「이자춘신도비문」이나『태조실록』총서와는 달리 이행리가 충렬왕에게 용서를 구한 대목은 삭제한 채 충렬왕이 “경은 본래 사족이니 어찌 근본을 잊을 리가 있겠는가. 지금 경의 행동거지를 보니 마음에 보존하고 있는 바를 충분히 알겠다”고말한 것만 실어놓았다. 이 대목들은 고려 말에 「이자춘신도비문」을 지을 때와는 또 다르게 이미 새 왕조를 연 시점에서 크게 중요하지 않았으므로 생략하였을 것으로 보인다. 한편, 조선 후기에 수정된 「묵은집』소재 「이자춘신도비문」에서도 이행리가 충렬왕에게 부친의 투몽을 변명하고 용서를 구하는 장면이 삭제되었는데, 「용비어천가」가 그 본보기가 되었던 것이다.
Korean	이익주 용비어천가 조선왕 	한편, 『고려사』에도 이행리가 1281 년(충렬왕 7) 제 2 차 ‘동정 당시 동복면에서 와서 충렬왕을 만난 사실이 다음과 같이 기록되어 있다.{30}
Korean	이익주 용비어천가 조선왕 	원나라에서 정동행중서성(征東行中書省) 우승(右丞) 흔도(忻都)와 홍치구(洪茶丘)를 보내왔다. 그때 우리 익조 역시 조명(朝命)을 받고 동북면에서 앉는데, 충렬왕을 만나보는 일이 두 번 세 번 거듭될수록 더욱 공경하고 더욱 삼갔다. 왕이 이르기를, “경은 본래 사족이니 어찌 근본을 잊을 리가 있겠는가. 지금 경의 행동거지를 보니 마음에 보존하고 있는 바를 충분히 알겠다”라고 하였다.
Korean	이익주 용비어천가 조선왕 	이것이 이성계의 조상에 대한 『고려사』의 첫 기록이다. 하지만『고려사』의 편찬 시기가 「용비어천가」보다 늦으므로, 이 기록은 「용비어천가」나 「태조실록」 총서의 내용을 그대로 옮긴 것이라고 할 수 있으며, 그것을 객관적인 사실로 인정할 수 있는 것은 아니다. 여기서『고려사』와 같은 정사류의 기록도 조선 왕실과 관련되는 한 사실과 달리 왜곡될 수 있었음을 알 수 있다.
Korean	이익주 용비어천가 조선왕 	3) 이춘(도조)에 대한 기록「이자춘신도비문」의 이춘(도조)에 대한 기록은 매우 소략하다. 이행리가 등주호장 최기열의 딸과 결혼하여 이춘을 낳았다고 한 데 이어서, 다음과 같이 짤막하게 언급하였을 뿐이다.
Korean	이익주 용비어천가 조선왕 	(부친의) 뜻을 이어 우리나라에 오니 충숙왕이 상품을 하사함이 더욱 풍성하였다. 그의 충성함을 권장하는 까닭이다. 찬성사가 증문하시중(贈門下侍中)박광(朴光)의 딸에게 장가들었으니, 공(이자춘)에게 아버지와 어머니이다.
Korean	이익주 용비어천가 조선왕 	이는 신도비를 지을 때 이춘의 행적을 확인할 만한 다른 자료가 없었기 때문으로 보인다. 하지만『태조실록』총서에서는 이춘과 관련된 세 가지 일화를 새로 발굴하여 소개하였다. 첫째는 이춘의 출생에 관한 것으로 이행리와 최씨 부인이 낙산 관음굴에서 기도하여 아들을 낳을 것이라는 꿈을 꾸고 이춘을 낳았다는 이야기이다. 둘째는 이춘이 백룡(白龍)의 부탁으로 흑룡(黑龍)을 쏘아 죽이고 백룡으로부터 장차 후손들에게 큰 경사가 있을 것이라는 예언을 들었다는 일화이다. 셋째는 이춘이 행영에서 백보 밖의 까치 두 마리를 활로 쏘아 한꺼번에 떨어뜨렸는데,뱀이 이것을 물고 가서 먹지 않았다는 이야기이다.
Korean	이익주 용비어천가 조선왕 	이것들은 물론 역사적 사실과는 무관하며, 기이한 이야기를 통해 왕실의 신성성을 드러내고 조선 건국이 예정되어 있었던 것임을 강조할 목적에서 창작된 것이다. 이성계의 조부인 이춘에 대한 이러한 수식은 김관의(金寬毅)의 『편년통록(編年通錄)』에서 고려 태조 왕건의 조부인 작제건(作帝建)이 용왕(龍王)의 소원을 들어주고 손자 대에 삼한(三 韓)의 왕이 될 사람이 태어날 것이라는 예언을 얻은 것과{31} 동일한 구성을 하고 있는 점이 주목된다.
Korean	이익주 용비어천가 조선왕 	「용비어천가」에서도 이 세 가지 일화를 그대로 옮겨놓았다. 우선 이춘의 탄생과 관련된 일화는 제 21 장의 주해에 실려 있는데, 본문에서는 “하늘이 가리시니 누비중 아닌들 해동여민(海東黎民)을 잊으시리까”라고 하여{32} 그의 탄생이 하늘의 선택에 의한 것이었음을 드러내었다. 또 백룡의 일은 제 22 장의 주해에, 까치를 쏘아 죽인 일은 제7장 주해에 실려 있는데, 각각의 본문에서 “자손지경(子孫之慶)을 신물(神物)이 아뢰니”라거나{33}“성손장홍(聖孫將興)에 가상(嘉祥)이 먼저시니”라고 하여{34}자손에 대한 축원을 강조하였다. 한편, 이춘이 고려에 와서 충숙왕으로부터 충성을 권유받고 하사품을 받았다는 「이자춘신도비문」의 기록은『태조실록』총서를 거쳐 「용비어천가」에도 그대로 이어졌지만, 아들 이자춘의 내조(來朝) 사실을 기록하는 앞에 간단히 처리되어 있다.{35}
Korean	이익주 용비어천가 조선왕 	4) 이자춘(환조)에 대한 기록이자춘은 이춘의 둘째 아들이고, 그 때문에 이춘이 죽은 뒤 습직(襲職)하는 과정에서 곡절이 있었다. 하지만 「이자춘신도비문」에서는 “이를 갈 만한 나이에 법상한 아이들과는 다른 바 있더니 자츰 자라면서 말타는 일 활 쏘는 일을 잘하여, 아버지의 벼슬을 계승하니 사졸들이 즐겨 따랐다”고 하여 그 구체적인 사정을 생략한 채 습직 사실만을 간략하게 밝혀놓았다. 반면, 『태조실록』총서에서는 1342 년 7 월 24 일 이춘이 죽은 뒤 장남이자 이자춘의 동모형(同母兄)인 탑사불화(塔思不花)가 세습했으나 일찍 죽고, 그 동생인 이자춘이 이복형제인 완자불화(完字不花) 및 나해(那海)와 싸운 끝에 부직(父職)을 세습한 과정을 비교적 자세히 실어놓았다. 그리고 「용비어천가」에서는 제8장 “세자(世 子)를 하늘이 가리시어 제명(帝命)이 내리시거늘, 성자(聖子)를 내신 것이외다.”라는 구절의 36 주해에서 다음과 같이 정리하였다.
Korean	이익주 용비어천가 조선왕 	목조가 죽자 익조가 이었다. 익조가 죽자 도조가 이었고, 도조가 죽자 맏아들 자홍(子興)이 이었는데 오래지 않아 죽었다. 아들 천계(天桂)가 나이가 어리므로 원나라에서는 환조에게 이을 것을 명하였다.
Korean	이익주 용비어천가 조선왕 	이자춘에 대해서는 고려 말에 이미 알려져 있었을 것이므로 새로운 내용을 추가하거나 생전의 행적을 과장해서 미화하기는 어려웠을 것이다. 이자춘에 대한 기록은 1355 년(공민왕 4) 쌍성총관부로부터 고려에 와서 공민왕을 만난 사실과, 1356 년 공민왕이 쌍성총관부를 탈환할 때 내응(內應)한 사실, 그리고 1361 년에 공민왕이 여사대의 반대를 물리치고 그를 식방도병마사(朔方道兵馬使)에 임명한 사실 등 세 가지가 실려 있는데, 「이자춘신도비문」과「태조실록』 충서, 「용비어천가」의 내용이 거의 일치한다. 「용비어천가」의 경우 위의 세 가지 가운데 1355 년과 1356 년의 일은 제 24 장의 “아우는 뜻 다르거늘 나라에 돌아오시고 쌍성(雙城)에도 역도(逆徒)를 평(平)하시니”라는 구절의{37} 주해에, 1361 년의 일은 제 26 장 “북도(北道)에 보내시거늘 글발로 말린들 가심 계심에 오늘 다르리이까.”라는 구절의{38} 주해에 각각 실어놓았다. 다만 제 24 장 주해의 말미에 “환조의 아우 자선(子宣)은 끝내 귀순하지 않았다”고덧붙여 놓았는데, 이자춘의 아우 이자선에 대한 언급은 이것이 처음이자 유일한 것이다.
Korean	이익주 용비어천가 조선왕 	「용비어천가」의 이자춘에 대한 기록은 제 25 장에서 “충성이 이러하실새 죽다가 살은 백성이 아드님께 곤포(袞袍)를 입히시니”라고 한 데서절정에 이른다. 그 충성이란 이자춘이 고려에 보인 충성을 가리키는 것으로, 그것 때문에 결국 이성계가 왕위에 오를 수 있었다는 식의 서술은「용비어천가」에서 이자춘을 비롯한 조상들의 행적을 정리한 목적을 단적으로 보여준다.
Korean	이익주 용비어천가 조선왕 	한편『고려사』에도 이자춘의 행적에 대해 거의 비슷한 내용이 실려 있다. 우선 1355 년(공민왕 4) 12 월 기사에
Korean	이익주 용비어천가 조선왕 	쌍성은 토지가 자못 비옥하여 동남방의 백성들로 항산(桓産)이 없는 자들이 많이 와 있었다. 본국(고려)이 중서성(中書省)에 아뢰니 (중서성이) 성지(聖旨)를 받들어 관리를 파견해왔고, 요양행성(遼陽行省)도 역시 관리를 파견해왔다. 왕이 청동행성(征東行省) 낭중(郎中) 이수산(李壽山)을 파견하여 가서 모여 신구(新舊)의 적민(籍民)을 분간하게 하였으니, 이를 삼성조감호계(三省照勘戶計)라고 하였다. 그 뒤 백성을 어루만지는 일이 마땅함을 잃어 백성들이 점점 떠나가므로 환조(桓祖)에게 명하여 그 일을 주관하게 하니 이로부터 백성들이 그 업(業)에 안심할 수 있었다.{39}
Korean	이익주 용비어천가 조선왕 	라고 한 것이 있다. 하지만 위 기사에서 공민왕이 쌍성 지방에 유망해 들어간 고려인들에 대한 관령권(管領權)을 쌍성총관이던 이자춘에게 주었다는 사실은 믿기 어렵다. 당시 고려와 쌍성총관부(위 기록에서는 쌍성총관부의 상급 기관인 요양행성)는 유망한 고려인에 대한 관령권을 둘러싸고 대립 관계에 있었기 때문이다. 더욱이 위 기사의 원본이라고 할 수 있는「이자춘신도비문」과 「용비어천가」에서는 공민왕이 이자춘에게 관령권을 준 이유를 “여러 대(代)의 충성을 가상(嘉賞)한 때문”이라고 밝혀놓았으나. 이 역시 사실과 거리가 멀다. 따라서『고려사』의 이 기사도 역시 「이자춘신도비문」의 내용을 바탕으로 한 것이라고 할 수 있다. 그렇다면『고려사』에 실린 이자춘 관련 기사들도 어느 정도 과장과 미화가 더해진 것으로 보고 주의 깊게 해석해야 할 것이다.
Korean	이익주 용비어천가 조선왕 	4. 맺음말조선 왕실의 조상은 멀리는 전주의 향리였고, 가깝게는 쌍성총관부지역의 토호였다. 1356 년(공민왕 5) 공민왕이 반원(反元) 정책의 일환으로 쌍성총관부를 공격하여 되찾을 때, 이성계의 부친인 이자춘이 내응하였고, 이후 고려로 돌아와 활동하게 되었다. 이성계가 조선을 건국하고 왕이 된 뒤 가문의 이러한 자랑스럽지 못한 과거를 미화하기 시작했는데, 세종 때 편찬된 「용비어천가」는 바로 그러한 작업의 최종 결과물이다.
Korean	이익주 용비어천가 조선왕 	조선 왕실의 조상에 대한 기록은 고려 말에 이색이 지은 「이자춘신도비문」을 비롯하여 조선 건국 후에 지어진 「환왕정릉비문」과「건원릉신도비문」,「태조실록」총서 등이 있다. 이 가운데 특히 「이자춘신도비문」과『태조실록』총서는 조선 건국을 전후하여 왕실의 조상에 대한 기록이 어떻게 달라졌는지 보여주는 중요한 자료이다. 한편, 「 용비어천가」에서는 이전의 각종 자료들을 토대로 태조 이전의 4 대(목조·익조·도조· 환조)의 행적을 기록하였는데, 역사적 사실보다는 왕실의 조상을미화하고 조선의 건국이 하늘의 뜻에 따른 것이며, 오래전에 이미 예정되어 있던 것이란 점을 부각시키는 데 초점을 맞추었다.
Korean	이익주 용비어천가 조선왕 	「용비어천가」에는 조선 왕실의 조상에 대한 새로운 사실은 거의 수록되지 않았다. 역사적 사실은 주로『태조실록』총서에 의거하였으며,이자춘의 아우인 이자선(李子宣)이 끝내 고려에 귀순하지 않았다는 정도가 추가되었고, 이행리가 충렬왕을 만나 부친의 투몽을 변명하는 장면을 삭제하는 정도의 변경이 있을 뿐이다. 하지만 이안사가 알동으로 옮겨 원의 다루가치가 된 것을 두고 “왕업이 일어난 것은 이로부터 시작되었다”라고 하고, 이행리가 알동에서 덕원으로 피신하는 장면에서 하늘의 도움이 있었음을 강조하고, 이춘과 관련된 설화를 소개하면서 후손의 건국을 예언하고, 이자춘의 충성 덕분에 아들이 왕위에 오를 수 있었다는 등의 서술을 통해 조선 건국의 정당성을 특별히 강조한 점이 다르다.
Korean	이익주 용비어천가 조선왕 	조선시대에 실록은 일반 신민들에게 공개되는 자료가 아니었다. 따라서『태조실록』 총서에서 왕실 조상들의 행적을 미화해서 재정리한다고 해도 그 영향력은 크지 않았을 것이다. 그러나「용비어천가」는 완성된 직후에 550 집을 간행하여 신하들에게 나누어준 데서 보듯이{40} 처음부터 널리 읽히기 위한 책이었고, 따라서 여기 실려 있는 내용이 일반에 널리 퍼졌을 가능성이 크다. 이러한 사례는 조선 후기에 중간된『목은집』에서 「 이자춘신도비문」을 수정하면서 이행리가 충렬왕을 만나 부친의 투몽에 대해 변명하는 대목을 삭제한 데서 찾을 수 있다. 이 대목을 삭제한 것은「용비어천가」가 처음이기 때문이다.
Korean	이익주 용비어천가 조선왕 	결론적으로「용비어천가」는 조선 왕실의 조상에 대한 인식이 최종적으로 정리된 책이며, 동시에 왕실의 조상에 대한 일반인들의 인식에 가장 중요한 영향을 끼친 책이라고 할 수 있다.
Korean	이태진 - 1989 - 15-6세기 한국 사회 	머리말한국 역사상 15,6 세기는 중요한 변동기 중의 하나이다. 경제적인 면에서 연작농경(連作農耕)의 집약(集約) 농업이 본격화 되고, 이를 토대로 농촌사회를 배경으로 하는 지방장시가 발달하는 변화가 바로 이 시기에 일어났다. 이런 경제적 발전은 국내적으로 정치, 사회의 구조를 변동시켰을 뿐더러, 16 세기 동아시아 국제교역의 활성화에도 크게 기여하였다.
Korean	이태진 - 1989 - 15-6세기 한국 사회 	15·6 세기의 한국의 농업 발달은 이와 같이 한국 역사뿐만 아니라 동아시아 역사상으로도 중요한 의미를 가진다. 이 논고는 그 농업 발달의 실체와 계기를 구체적으로 살피는 데 초점을 두고자 한다. 한국의 농업은 이 시기에 거의 대부분의 지역이 휴한법(休閑法)의 제약으로부터 완전히 벗어나 연작상경의 집약적 토지 이용방식이 이루어지고, 농경지(農耕地)가 고지(高地)로부터 저지(低地)로 이동하는 변화가 있었다. 전자에 대해서는 1970 년대 말부터 여러 연구자들이 참여하여 비교적 그 이해가 구체화 되어 있다. 이에 반해 후자에 대한 연구는 거의 이루어지지 않아 여기서는 주로 최근에 이루어진 나의 연구 결과를 중심으로 논지를 전개시키고자 한다.
Korean	이태진 - 1989 - 15-6세기 한국 사회 	한국 역사학계가 경제사 연구에서 농업기술 발달에 비중을 두기 시작한 것은 그리 오래지 않다. 그래서 기술 변동의 계기나 사회적 영향 등에 관한 연구가 아직 다양하지 못한 한계를 지니고 있다. 15-6 세기의 경우에 대한 연구도 연작상경법의 현실이란 역사적 일대 변화는 포착되었지만, 그 계기나 배경에 대한 연구는 거의 없다시피 한 실정이다. 이에 대한 이해를 위해서는 여러 방면의 연구가 있어야 겠지만, 인구문제는 필수적인 과제의 하나라고 생각한다.
Korean	이태진 - 1989 - 15-6세기 한국 사회 	농업이 새로운 발전상을 보인 15-6 세기는 한국 역사상 드물게 인구가 지속적으로 증가한 시기이기도 하다. 개간과 인구 증가의 관계가 직접 언급된 사료도 적지않게 확인된다. 이 논고에서는 이런 자료들을 통해 양자의 관계에 대한 체계적인 설명을 얻고자 노력한다.
Korean	이태진 - 1989 - 15-6세기 한국 사회 	곧바로 농업경제의 위와 같은 변화가 상업발달에 미친 영향을 살피기로 한다. 이는 주로 15세기 말엽부터 대두하기 시작한 지방장시(地方場市)의 발달을 대상으로 하되, 그 앞서 약 한 세기 반 정도의 기간에 전국적으로 장시가 소멸한 상황도 아울러 주목하고자 한다. 이것은 일본학에서 지적하고 있는 “역전(逆轉)” 현상에 해당하는 것으로 볼 수도 있을 것 같다. 이런 점은 비교사적 연구가 특별히 요청되는 부분이라고 생각된다.
Korean	이태진 - 1989 - 15-6세기 한국 사회 	1. 低平・低濕地 개간의 동향한국에서 연작상경법의 보급이라는 농업경제상의 일대 변화는 선진지역(先進地域)에서는 이미 14세기에 진행되기 시작한 것이었다. 따라서 15·6 세기는 그 발전기, 완성기로서 의미가 부여된다.
Korean	이태진 - 1989 - 15-6세기 한국 사회 	14 세기 이전의 농업기술이 일반적으로 연작상경법이 아니었다는 것은 다음과 같은 역사가 일차적인 근거가 된다. 즉 1054 년 3 월자의 토지의 품등(品等)에 관한 규정이 “모든 토지를 풍흉은 해를 바꾸지 않는 토지를 上, 한번 해를 바꾸는 토지를 中, 두번 해를 바꾸는 토지를 下로 한다”고 한 것이 것이다. 여기서 해를 바꾼다는 것은 곧 휴한을 의미한다. 토지 평가에서 상등(上等)은 일반적으로 중·하등전(中・下等田) 보다 많은 수확을 낼 수가 없으므로, 이 규정은 이때까지도 한해 또는 두해 씩 휴경하는 방식이 널리 채택되고 있었다는 것을 입증하기에 충분한 자료이다.
Korean	이태진 - 1989 - 15-6세기 한국 사회 	경지(耕地)의 지력(地力) 회복을 위해 이와 같이 휴한 방식을 체계하고 있는 조건 아래에서는 고지(高地) 농경의 비중이 의외로 크다는 것이 이 논고에서 강조하고자 하는 나의 중요한 관점 중의 하나이다. 이를 뒷받침해 주는 자료로서 가장 중요시 되는 것은 12 세기 초반에 고려(高麗)를 다녀간 송(宋)나라 사신(使臣)의 기록인 《고려도경(高麗圖經)》에 고려의 농경실태에 관한 다음과 같은 언급이다. 즉 “나라의 경제는 동해를 끼고 있으며 대산(大山)과 심곡(深谷)이 많아 가파르고 험준하여 평지(平地)가 적다. 그 때문에 산간(山間)에 밭(田)을 만들어 오르내리는 것으로 경간(耕墾)이 매우 힘들며, 멀리서 바라다보면 사다리나 층계와 같다”고 한 것이 그것이다.
Korean	이태진 - 1989 - 15-6세기 한국 사회 	산간(山間) 구릉지에 만들어진 경작지는 앞의 1054 년의 규정에서는 산전(山田)이라고 표현하였다. 이 규정은 토지의 품등을 위와 같이 휴한의 빈도에 따라 나누는 한전, 위치에 따른 산전(山田), 평전(平田)의 구분을 달리 두고 양자의 대비 기준을 설정하였던 것이다. 그 대비의 기준 축이 평전으로 된 것으로 보면, 평전의 우위(優位)나 선호(選好)는 부정될 수 없다. 그러나 이런 대비(對比)가 설정된 사실 자체로나 앞의 중국 사신들의 목격기로 보아 산전의 비중은 결코 가벼운 것이라고 할 수 없다. 이때까지의 경지 이용 상황은 대체로 수전(水田)은 산곡간(山谷間)의 평지에서 벗어지지 않고, 구릉지에 개발된 밭의 비중이 의외로 우세하였다고 판단하는 것이 옳을 것으로 믿어진다.
Korean	이태진 - 1989 - 15-6세기 한국 사회 	위의 두 사료에 대한 해석을 전혀 달리하는 학자들도 있다. 즉 휴한법의 제약같은 것은 고대(古代)에 이미 극복된 것이라는 전제 아래 고려시대의 위와 같은 휴한(休閑)이나 산전(山田)은 어디까지나 영세한 농민들이 구차하게 마련한 경지들에 불과한 것이라는 견해이다. 그러나 이런 이해는 구체적인 연구가 진행되면서 점차 후퇴되고 있다. 일본 중세사 연구에서 “片ありじ” “年荒” 등을 주목하면서, 최근 밭농사의 높은 비중이 재고되고 있는 것이라던가, 벼농사의 자연조건이 가장 좋은 동남 아시아에서도 15 세기까지도 고지(高地)에서의 화경(火耕) 형태의 육도(陸稻) 재배가 우세하였다는 귀중한 연구 성과가 얻어지고 있는 것 등은 모두 14세기 이전의 한국 농경에 대한 위와 같은 파악의 앞으로의 진전에 큰 도움이 되리라고 믿는다.
Korean	이태진 - 1989 - 15-6세기 한국 사회 	한국의 농업은 1430 년에 편찬된 《농사직설(農事直說)》에서 전혀 다른 모습을 나타낸다. 현전하는 한국 최고(最古)의 농서(農書)인 이 책은 당시 농업기술의 선진지역이던 남쪽 3개도의 농작법(農作法)를 정리하여 그 북쪽 지역에 보급할 목적으로 만들어진 것으로, 여기에는 휴한방식(休閑方式)이 하나도 소개되지 않았다.
Korean	이태진 - 1989 - 15-6세기 한국 사회 	《농사직설》의 농업기술은 인공적인 시비(施肥), 갈이ㆍ파종ㆍ제초 등의 때 맞추기 등을 곧바로 하여 2년 3작 내지 1년 2작까지 실현시켰다. 그리고 토지가 적은 농민들을 위해 적은 면적의 토지의 집약적인 이용방식으로 간종법(間種法)에 대한 배려를 많이 하고 있는 것도 하나의 특징이다. 인분(人糞)과 회(灰)를 활용하는 인공적인 시비법을 토대로 한 새로운 기술이 생산력에 큰 향상을 가져온 것은 말할 것도 없다.
Korean	이태진 - 1989 - 15-6세기 한국 사회 	이 논고에서 특별하게 주목하고자 하는 것은 위와 같은 기술적인 변화와함께 경지(耕地)변동이 대규모적으로 일어났다는 사실이다. 다시 말하면 휴한법의 제약 아래 광범하게 존재하던 고지(高地) 농경지가 소멸하고 대신 경지가 저지(低地)로 이동하는 추세였다. 이 변동의 기술적 매카니즘에 대해서는 앞으로 구체적인 검토가 있어야 하겠지만, 그 현상 자체는 사료를 통해 분명하게 확인된다. 저지로의 경지 이동의 동향은 대체로 다음과 같이 정리된다.
Korean	이태진 - 1989 - 15-6세기 한국 사회 	저평지를 농경지로 적극 활용하려는 의도에서 나타난 대표적인 현상은 본래 저평지에 다수 설정된 목마장(牧馬場), 강무장(講武場) 등의 군사적(軍事的) 용도의 특수지들이 다른 곳으로 옮겨지는 추세이다. 본래 연해지역의 저평한 곳에 설정된 목장의 경우, 이를 해도(海島)로 옮기는 주장이 14세기 후반부터 대두하기 시작하여, 15세기 중반에는 약 53 개, 그 후반에는 84 개의 국영 목장이 모두 해도(海島) 소재(所在)로 된 것이 확인된다. 당초 연해 지역의 저평한 곳 또는 서울 근교 평지에 주로 설치된 강무장도 그 수가 줄거나 내륙의 오지(奧地)로 옮겨지는 추세였다.
Korean	이태진 - 1989 - 15-6세기 한국 사회 	15 세기의 개간이 저평지를 중심으로 한 것에 반해, 16 세기에는 저습지 개발이 활발해 지는 변화가 있었다. 그 가운데 가장 주목되는 것은 간척지(干拓地) 개간이었다. 서남해안에서 둑을 쌓아 바닷물을 막아 경지를 확보하는 간석지는 당시 해택(海澤) 또는 언전(堰田)이라고 통칭되었다. 수백 수천에 이르는 대규모 인력(人力) 동원으로 이루어진 이런 개발사업은 가히 “공학적 적응(工學的 適應)”에 해당하는 것으로, 궁가(宮家)나 중앙 권세가(權勢家)들에 의해 주도되었다. 그리고 그 범위는 경상, 전라도의 남쪽 연안에서부터 평안도의 북쪽 연안에 이르기까지 연안 전역에 걸쳤다. 16 세기에는 15 세기에 연안 저평지로부터 옮겨진 해도의 목마장도 대부분 개간되어 벌어질 정도로 농경지(農耕地)의 저지(低地)로의 이동 추세가 활발하였다.
Korean	이태진 - 1989 - 15-6세기 한국 사회 	저평·저습지의 개간은 수전(水田)의 확대를 의미하는 것이었다. 1430 년대에 편찬된 조선왕조 최초의 지리지(地理志)의 조사에 따르면, 저평지가 많은 연안지역의 군현(郡縣)에 수전(水田)이 강한 우세를 보인 것이 분명하게 확인된다. 전국 336 개 군현의 전체 간전(墾田)에 대한 수전 비율이 27%인데 반해, 경상·전라·충청 경기 등 4개도의 접해(接海) 군현 68 개의 경우는 평균 50%에 달하는 큰 차이를 보인다.
Korean	이태진 - 1989 - 15-6세기 한국 사회 	개간 초기 단계인 15 세기의 경작(耕作)시 방식은 직파법(直播法)이 많이 쓰이고 이앙법(移秧法)은 기피되는 경향이었다. 아직 수리(水利)의 안전도가 낮았기 때문이었다. 직파법은 봄가뭄이 심한 자연조건에 대응하는 방식으로, 물이 어느정도 있는 상태에서 파종하는 수경직파(水耕直播)와 물이 없는 상태에서 하는 건경직파(乾耕直播) 두 가지가 있었다. 이중 후자는 고전(高田)의 비중이 큰 이전의 농경조건과 깊은 관련을 가지는 것으로, 저평지로 이동된 농경지가 점차 수리조건을 개선하여 감에 따라 기피되는 추세를 보였다. 산곡(山谷) 계류(溪流)를 이용하는 제언(堤堰)에만 의존하던 수리방식이 16 세기에 하천수(河川水)를 활용하는 보(洑)가 대량 보급되면서 수경(水耕) 직파법의 비중이 높아지는 추세였다. 이앙법은 이런 단계적 발전을 거쳐 17 세기 후반부터 일반화 되기 시작하였다. 15-6 세기는 결국 그러한 수전농업 발달의 최종적인 단계로 나아가는 토대로서 저평·저습 지대의 개간이 활발하게 이루어진 시대였다.
Korean	이태진 - 1989 - 15-6세기 한국 사회 	2. 인구증가와 사회구성의 변동15-6 세기는 한국사에서 드물게 인구가 지속적으로 증가한 시기이다. 한국사에서 역사인구학(歷史人口學)의 연구는 아직 깊이 열리지 못했지만, 권태환·신용하는 15 세기 이후의 인구의 전체적인 동향에 대해 신빙도가 높은 연구 결과를 내놓았다. 별표(別表)는 그 연구 결과가 요약된 것이다.
Korean	이태진 - 1989 - 15-6세기 한국 사회 	이 연구에서 인구수는 조선왕조가 개창되던 해인 1392 년에 5,549,000 명, 임진왜란이 일어난 1592 년에 13,737,000 명으로 각각 계산되고, 1,000 만을 돌파한 시점은 1511 년으로 제시되었다. 2 세기 전에는 년(年) 평균 증가율도 0.40% 내지 0.56%로 대단히 높은 것으로 파악되었다.
Korean	이태진 - 1989 - 15-6세기 한국 사회 	이 연구가 대상 시기를 조선왕조 개창부터로 한 것은 그 이전 시기는 관련 자료가 거의 없다시피 하기 때문이었다. 앞 시기 곧 고려 시대의 전체 인구수를 언급한 기록은 중국 《송사(宋史)》 고려전(高麗傳)에 남녀 210 만이라고 한 것이 유일하다. 대체로 12 세기 초반의 상황을 반영하는 것으로 간주되는 이 수자는 물론 실제 인구수보다 국가가 파악할 수 있었던 수자였다. 그 실제 인구수를 배(倍) 정도되는 것으로 잡더라도, 13 세기에 무인란(武人亂), 농민·천민의 난, 몽고(蒙古)의 침입, 왜구(倭寇) 등의 인구 감소 요인들이 잇따랐던 사실을 감안하면 14 세기 말의 550 만은 상당한 강세를 유지한 것이라 하지 않을 수 없다. 이로써 본다면, 15-6 세기에 분명하게 확인되는 높은 인구증가의 추세는 조선왕조 개창이란 정치적 사건을 계기로 한 것이라기 보다도 이전에 이미 다른 사회적 동인(動因)이 있었던 것으로 보아야 옳다.
Korean	이태진 - 1989 - 15-6세기 한국 사회 	나는 년전(年前)에 현전하는 고려시대 인물들의 묘지명(墓誌銘) 256 개에 나타난 자녀들의 출생, 사망 관계를 분석하여 그 결과를 발표하였다. 이 자료의 주인공들은 모두 상급 신분에 속하는 자들이지만, 이를 통해 인구 동향에 대한 이해에 조금이라도 도움을 얻고자 하였다. 이 분석에서 가장 주목된 것은 13 세기 중반을 계선으로 이전과 이후 간에 자녀 조졸율(早卒率)에 상당한 차이가 있는점이었다. 즉 이전이 출생 자녀중 10%(남아), 13%(여아)를 차지한 반면, 이후는 3%(남아), 2% (여아)에 불과한 것으로 나타났다. 이에 따라 생존한 평균 자녀의 수(母 중심)로 이전이 3.08 명인 반면, 이후는 3.55 명이나 되는 차이를 보았다.
Korean	이태진 - 1989 - 15-6세기 한국 사회 	13 세기 중반을 계선으로 하여 그 전후 간에 위와 같은 차이가 나타나는 중요한 이유로는 의술(醫術)의 발달이 주목되었다. 고려사회는 초기부터 송(宋)나라의 발달한 의술에 큰 자극을 받아 이의 수용에 여러가지 노력을 꾀하던 끝에 13 세기 중반에 마침내 토산약재(土產藥材)를 활용하는 이른바 향약의술(鄕藥醫術)이 새로운 체제를 세우고, 이를 토대로 14 세기에는 여러 종의 향약의서(鄕藥醫書)가 만들어지는 사실이 확인되었다. 국가는 또한 농업 노동력의 증대라는 목적아래 그 혜택의 확산을 위한 노력을 정책적으로 강화한 사실도 확인할 수 있었다. 위의 묘지명 분석에 나타난 이 시기의 자녀 조졸율의 감소는 상급 신분층이 이런 의술적인 혜택을 미리 받고서 나타난 결과라고 판단되었다.
Korean	이태진 - 1989 - 15-6세기 한국 사회 	향약의술은 15 세기 조선왕조에서 더 크게 발달하였다. 1433 년에 그간에 발달한 의술을 총정리하여 편간된 《향약집성방(鄕藥集成方)》은 무려 959 가지의 증제(症劑)와 10,706 가지의 처방을 수록하는 거질(巨帙)의 의서였다. 이 뒤를 이어 1445 년에는 중국 의서의 처방법까지 망라한 의학사전으로 전 365 권의 《의방유취(醫方類聚)》이 편찬되기도 하였다.
Korean	이태진 - 1989 - 15-6세기 한국 사회 	향약의술은 일반 민(民)도 그 혜택을 쉬이 누릴 수 있는 조건을 많이 갖추었다. 약제가 토산이었을 뿐만 아니라, 의서도 나중에는 《향약집성방》처럼 거질(巨帙)이 만들어지기도 하였으나, 응급방(應急方)・촬요(撮要) 등 긴요한 형식의 것이 많아 한자(漢字)를 알면 누구나 쉬이 활용할 수 있었다. 제도적으로 지방 군현에 의원(醫員)을 두기도 하고, 약제를 민간에서도 쉬이 구할 수 있게 하였다. 1453 년에 최 북방 지역인 함경도의 도(道) 장관이 이곳은 개척지로서 의원(醫員)과 의서(醫書)가 없어 요사(夭死)자가 많으므로, 의서와 약제를 빨리 보내 달라고 중앙정부에 요청하고 있는 것은 당시 사람들이 의술이 조사(早死)를 막아주고 있다고 실제로 생각하고 있었던 것을 보여 주는 예증(例證)으로 중요시 된다.
Korean	이태진 - 1989 - 15-6세기 한국 사회 	14 세기 이래 향약의술을 발달시키는 데 중요한 역할을 한 사람들은 이 시기에 새로운 지배 신분층으로 부상한 이른바 신흥 사대부(士大夫)들이었다. 대개 지방 중소지주 출신이 중심을 이룬 이 새로운 사회 주도세력은 농업과 의술의 발달 두 가지를 “이생(理生)” 곧 생활 개선의 능동적 노력의 요건으로 하나의 묶음 속에서 파악하였다. 1375 년부터 지방관의 업적 평가 기준에 개간과 호구 증가의 실적이 첫번째, 두번째 사항으로 각각 체제된 것은 그러한 의식이 제도화된 것이었다. 14 세기 후반에 시작된 이 제도는 19 세기까지 거의 변함없이 계속 존속하였다. 농업경제의 향상(向上)이 인구수에 달렸다는 인식이 이처럼 14 세기 후반에 이미 대두할 수 있었다는 것은 곧 이 시기가 농업기술 상 일대 변화기였다는 것을 입증하는 것이다. 이런 사실들을 착안하면, 15·6 세기에 확인되는 지속적인 인구증가 추세가 실상은 14 세기의 어느 시점에서 이미 시작된 것이란 파악은 사실로 받아들여져도 좋을 것이다.
Korean	이태진 - 1989 - 15-6세기 한국 사회 	15 세기의 개간에 관한 자료 중에는 인구 증가의 사실을 함께 언급한 것들이 적지 않다. 특히 연해지역에 대한 언급에서 그러하다. 인구가 번성하여 물판이 모두 개간되었다는 표현이 상투적으로 쓰이다시피 하였다. 새로운 개간활동의 중심이 되어온 경상, 충청, 전라 등 남쪽 3개 도(道)가 15 세기 초반에 개간과 인구 증가로 생태계에 변화가 생겨 지금까지 배정된 특정한 공물(貢物)을 새로 조정해 달라는 요청이 제기되고 있는 것은 이 시기의 새로운 변화에 대한 중요한 자료로 특별히 주목된다. 1417 년, 1426 년, 1427 년에 잇따라 3 개도의 장관들은 이전에는 땅이 넓고 사람들이 적어 노루와 사슴이 번식하여 그 말린 고기와 가죽을 공물로 쉽게 마련할 수 있었으나, 지금은 인구가 늘고 개간이 많이 이루어져 군사를 동원해도 잡기 어렵게 되었다고 호소하였다.
Korean	이태진 - 1989 - 15-6세기 한국 사회 	농업기술의 발달과 인구 증가는 사회 구성과 국가의 통치체제에 많은 변화를 가져왔다. 그 가운데 이 글의 논제와 관련되는 것 몇 가지만 거론하면 다음과 같다.
Korean	이태진 - 1989 - 15-6세기 한국 사회 	우선, 가족 관계에서 재산 상속이 균분(均分)의 원칙을 세우고 있는 점이 주목된다. 앞 시기의 고려사회에서는 노비(奴婢)만이 균분이 적용되고 토지는 적장자(嫡長子) 단독 상속의 원칙이 적용되었다. 그런데 15 세기 중반에 확정된 조선왕조 최초의 법전(法典)인 《경국대전(經國大典)》은 전지(田地) 상속도 균급(均給)의 원칙을 적용한다고 명시하였다. 이러한 상속법의 변개는 중요한 사회적, 경제적 변화 없이는 일어나기 어려운 것으로, 새로운 개간의 가능성이 많은 시대일수록 분가(分家)를 전제로 한 균분상속(均分相續)이 우세해 진다는 견해가 이 변화에 대한 설명으로 가장 합당한 것이 될 수 있을 것 같다.
Korean	이태진 - 1989 - 15-6세기 한국 사회 	농업노동력의 동원과 관련하여 사회의 공동체적 결속에도 중요한 변화가 일어났다. 한국 역사상 17 세기까지 농촌사회의 공동체적 구성은 향도(香徒)라 불린 조직이 가장 중심적인 것이었다. 10 세기 초반에 각 지방에 할거한 호족(豪族)들이 세력권 내의 주민들을 결속하여 만들기 시작한 향도는 구성원이 수천을 헤아릴 정도로 규모가 큰 것이 특징이었다. 그런데 이런 규모의 향도는 12 세기 중반부터 점차 사라지기 시작하고 14 세기 이후로는 30~100호(戸) 향도의 소규모적인 것으로 바뀌게 된다. 다시 말하면 명칭은 그대로 쓰면서 자연촌락 단위로 구성만 바뀌어 규모가 작아지는 변화가 생겼던 것이다.
Korean	이태진 - 1989 - 15-6세기 한국 사회 	지역공동체로서의 향도 구성의 변화와 농업기술 발달과의 관계에 대한 만족할 만한 설명은 아직 얻어지지 못하고 있다. 그러나 14 세기 이후의 소규모적인 항도가 농경의 공동 노동조직의 기능을 가졌던 것은 분명하게 확인되므로, 농업기술의 발달이 그 변화의 중요한 원인이 되었을 것으로 짐작된다. 새로운 농업기술은 집약성(集約性)을 일단 획득한 것이었으므로 한번에 다수 노동력을 동원해야 하는 것보다도 소수 노동력의 장기적인 투여를 더 필요로 하였다. 이에 따라 농업 노동력의 공급과 깊은 관련을 가지기 마련인 지역공동체 구성에도 촌단위 이상의 규모는 필요로 하지 않게 된 것으로 보인다.
Korean	이태진 - 1989 - 15-6세기 한국 사회 	어떻든 14 세기 후반 이후 중앙정부는 모든 군현(郡縣)에 관리를 파견하여 향도조직으로 결속되어 있는 자연촌락들을 직접 파악하고 다스리는 것을 통치의 기본 방향으로 삼았다. 이러한 통치방식은 지금까지 토착 호족들인 향리(鄉吏) 집단에게 지방통치를 거의 맡기다시피 하고 중앙정부는 정기적인 순찰 감독만하던 것과는 판이한 것이었다. 농민들의 자연촌락 단위의 향도에 대한 직접적인 통치의 추구는 자연히 정치체제를 중앙집권적인 것으로 만들어 갔다. 지방관들이 이러한 향도의 직접적인 통제는 16 세기 이후 재지(在地) 중소지주들이 향약(鄉約)과 같은 성리학적(性理學的)인 방식의 도입을 통해 그들이 통솔의 주체가 되고자하는 도전을 강하게 받지만, 후자에 의해서도 중앙집권적인 통치체제 자체가 근본적으로 부정되지는 않았다.
Korean	이태진 - 1989 - 15-6세기 한국 사회 	조선왕조가 15 세기에 중앙집권적인 통치체제의 기틀로서 전세제도(田稅制度)를 대폭적으로 고쳐 농민의 부담을 줄이면서 세수(稅收)는 늘어나게 하고, 병농일치(兵農一致)의 원리에 입각한 것이기는 하나 군역(軍役)의 의무자를 대폭 늘일 수 있었던 것 등은 모두 이 시기의 경제, 인구의 획기적인 성과를 토대로 가능한 것이었다. 이러한 국가적 성취는 기본적으로 농민사회의 정주성(定住性) 제고(提高)를 전제로 한 것으로, 집약적인 농경의 추구만이 그것을 보장할 수 있는 것이었다. 15 세기의 위와 같은 국가적 성취 실현 과정에서 농민 사회의 정주(定住)에 대한 대책으로 인보법(隣保法), 오가통제(五家統制) 등이 유난히 강조된 것도 결코 우연이 아니었다.
Korean	이태진 - 1989 - 15-6세기 한국 사회 	3. 상업 발달에 미친 영향14·5 세기에 일어난 것과 같은 농업경제의 변화는 규모와 질 어느 면으로나 상업에 영향을 끼치기에 충분한 것이었다. 15 세기 말엽에 그간의 농업발달의 선진지역이던 남쪽 3 개도에서 실제로 상업상의 주목할 만한 변화가 일어나기 시작하였다. 하나의 군(郡) 또는 현(縣) 내의 여러 곳에 장시(場市)들이 생겨 사람들이 이곳에 몰려나와 물건을 사고파는 일이 벌어졌다. 이런 새로운 현상은 곧 다른 도(道)에도 확산되기 시작하여 16 세기 초반에 이르면 이미 거의 전국화되는 추세가 뚜렷하였다. 그리고 이러한 새로운 변화에 따라 예상되는 농업 노동력의 감소를 방지하기 위해 정기 시일제(定期 市日制)가 체제되는 추세를 보였다. 나중에 5 일장(場)으로 널리 알려지는 한국의 전형적인 농촌장시는 15 세기말엽에 농업경제의 새로운 발전을 토대로 이렇게 대두하기 시작하였던 것이다.
Korean	이태진 - 1989 - 15-6세기 한국 사회 	이 상업 발달문제와 관련하여 여기서 특별히 주목하고자 하는 것은 농업 경제상의 일대 변화가 일어나고 있었던 14·5 세기에 상업은 정작 쇠퇴하는 양상이었다는 사실이다. 이에 대한 설명으로 지금까지 특별히 제시된 것은 없으나, 앞에서 언급하였듯이 “역전(逆轉)”의 이론을 이에 적용하면 이 시기의 경제발전의 진행은 훨씬 순리적인 체계화가 가능한 것같다.
Korean	이태진 - 1989 - 15-6세기 한국 사회 	지방장시는 저평지 개간과 인구 증가의 새로운 변동이 일어나기 전의 시기에 주군(州郡)을 단위로 이미 한차례 발달한 적이 있었다. 12 세기 전반기의 기록인 중국 송(宋)나라 사신 서긍(徐兢)이 고려의 상거래(商去來)에 대해 언급하기를 “주군(州郡)의 토산(土産)이 모두 관가(官家)로 보내져 상고(商賈)들이 멀리 가지를 않고 오직 정해진 날이 되면 큰 고을의 저자로 가서 각자 가진 것으로 없는 것을 바꾸기를 활발히 한다.”고 하였다. 고려 시대의 지방통치는 앞서 언급하였듯이 지방 향리들의 집단적인 지배체제에 맡겨지고 있었으므로, 장시도 그 집단 지배체제의 중심부인 주군(州郡)의 치소(治所)를 중심으로 이루어 지고 있었던 것이다. 따라서 그 수는 한 고을에 하나로서, 15 세기 말엽 이후에 한 고을 안에 여러 개가 성립 된 것과는 상황을 달리 하는 것이다.
Korean	이태진 - 1989 - 15-6세기 한국 사회 	그런데 한 고을에 하나씩 있던 장시마져도 14·5 세기에는 그 자취를 찾아 볼 수 없게 되었다. 고려왕조는 13 세기에 내란과 외침으로 심한 혼란에 빠졌다. 주군시(州郡市)의 소멸은 이런 혼란의 결과라고 보기가 쉽다. 그러나 그러한 혼란이 거의 다 극복된 15 세기에 들어와서도 장시체제는 쉽게 재현되지 않았다. 15 세기 말엽에 남쪽 지역에서부터 장시가 새로 대두하기 직전까지도 도성(都城)을 비롯해 경주, 전주, 나주 등 도(道)를 대표하는 특정한 몇 개의 고을에서만 시장이 존속하였다. 그 외의 지역의 상거래는 육상(陸商), 수상(水商, 江商), 해상(海商) 등으로 불리는 행상(行商)들이 담당하였다. 대상(隊商)의 성격을 띠는 이 행상들의 상행위는 중앙정부의 과세(課稅) 대상이 되기도 하였지만, 그 수가 사회계층적으로 큰 비중을 차지하는 것은 아니었다고 생각된다.
Korean	이태진 - 1989 - 15-6세기 한국 사회 	어떻든 12·3 세기에 존재하던 지방장시로서의 주군시(州郡市)는 14·5 세기에 분명히 소멸하였으며, 육·수송로(陸·水路)로 농민들이 지역간을 왕래하면서 필요한 물품을 조달하는 형태로 상업이 바뀌었다. 이러한 변화는 경제 기반의 절대적인 일대전환을 상징하지 않고서는 이해하기 어려운 것으로, 같은 시기에 농업경제상의 일대 변혁이 있었던 것이 확인된 이상 일차적으로 이에서 변화의 원인과 배경을 찾는 것이 옳을 것이다.
Korean	이태진 - 1989 - 15-6세기 한국 사회 	12·3 세기에 존재한 주군(州郡) 단위의 장시는 당시의 농업이 아직 휴한법의 제약으로부터 완전히 벗어나지 못한 상태였으므로, 기본적으로 이 조건 아래서 그 성격을 파악해야 마땅하다. 이런 관점에서 주목되는 것은 일본 중세사 연구에서 최근 제시되고 있는 새로운 중세의 역사상이다. 사이토 오사무(齋藤修) 교수의 간요(簡要)한 소개를 빌리면, 그 새로운 역사상은 대체로 다음과 같다. 즉 경지(耕地)가 개척되고 있었던 것은 산간(山間)의 계곡 사이이거나 소분지(小盆地), 혹은 선상지(扇狀地)였으며, 경지는 대단히 불안정하여 수년에 한 번씩 경작이 방기되는 것이 많았으며, 특히 수전(水田) 벼농사가 불안정하여 밭농사의 비중이 높았다고 한다. 그리고 그 때문에 한전으로는 농민의 정주성(定住性)이 약하고 따라서 “부랑성(浮浪性)”이 높고, 다른 한쪽으로는 시장(市場)으로 향하는, 곡작(穀作) 이외의 생산활동은 종래 생각했던 것 이상으로 성행하였으며, 따라서 사회 전체적으로 보면 비(非)농업인 즉 교통과 유통에 관계하는 사람들이나 수공업자(手工業者)들의 비율이 대단히 높았으며, 또 화폐의 사용도 그것에 수반하여 상당한 정도로 행해졌다는 것이다.
Korean	이태진 - 1989 - 15-6세기 한국 사회 	일본 중세사회에 대한 위와 같은 새로운 파악에서의 농업조건은 앞에서 살폈듯이 한국의 고려시대의 그것과 기본적으로 거의 비슷하다. 따라서 그러한 농업경제의 토대에서 성립한 상업의 기본 성격을 고려시대의 주군시(州郡市)를 중심으로 한 상업에 적용해도 큰 잘못은 없으리라고 본다. 화폐 사용만 하더라도 한국사에서도 10~12 세기 간에는 금속화폐의 발행이 여러 차례 있었다. 그런데 14·5 세기에서는 금속화폐는 크게 해체하고 미·포(米·布)가 오히려 교환의 수단으로 선호(選好)되는 경향이었다. 이러한 변화에 대한 좀더 합리적인 설명을 얻고자 나는 중국 은(銀)이 동부 이슬람으로 계속 유출된 국제적 경제 상황과의 관계에 대한 배려를 촉구한 바 있지만, 농업경제의 점진적 전환에 따른 “역전(逆轉)” 현상의 한 부면으로 보는 것이 더 본질적인 이해일 것으로 생각된다.
Korean	이태진 - 1989 - 15-6세기 한국 사회 	고려사회의 상업인구, 수공업자 등의 수적 비중은 사료(史料) 부족으로 거의 연구되어 있지 못하지만, 수공업자들이 일반 농민과는 주거지역을 달리 하여이라고 불린 특수 지역에 살고 있었던 것은 명백한 사실이다. 중요한 것은 그 소(所)라는 행정적 특수지역단위가 15 세기에는 점감하여 크게 줄어든 사실이다. 특정한 수공업인들이 농업경제의 획기적인 발달아래 농민화의 길을 걷어 일반 농민과의 구별이 없어지게 된 결과였던 것이다.
Korean	이태진 - 1989 - 15-6세기 한국 사회 	15 세기 초반 조선왕조 정부가 취한 재인(才人), 화척(禾尺) 등에 대한 특별한 대책은 “부랑인”을 농업인구로 정주(定住)시키려는 노력의 전형적인 예로 주목된다. 재인 이란 도살(屠殺)과 그것에서 얻어지는 피물(皮物)의 가공제품을 매매하는 것을 생업으로 하는 부류로, 본래 달단(韃靼)의 무리로 고려에 흘러 들어온 자들로 알려져기도 하였다. 그리고 화척이란 것도 말린 버드나무 가지로 물건을 만들어 파는 것을 생업으로 하는 자들이었다. 이 두 부류는 15 세기 초엽에 이르도록 저희 들 끼리 모여 살면서 법상으로 일반 농민사회에 동화(同化)되지 않았다. 그래서 중앙정부는 중농(重農)정책의 일환으로 농우(農牛)를 이들에게 파는 소부터 금지하는 한편, 신분이 일반농민과 같으면서 군역(軍役)을 특별히 면제한다는 뜻으로 백정(白丁)이라 부르게 하고, 토지를 주어 일반농민과 혼인을 하면서 섞어 살도록 하였다. 이렇게 해서도 이 부류의 특수성은 쉽게 사라지지 않았지만, “부랑인”을 농민 으로 “정주”시키려는 국가의 기본 입장은 이 예에서 극명하게 드러난다.
Korean	이태진 - 1989 - 15-6세기 한국 사회 	고려시대의 주군시(州郡市)가 14-5 세기에 소멸한 것은 결국 농업경제의 조건이 기술의 발달로 크게 호전됨으로써, 사회의 모든 노동력이 농업에 투여된 결과였다. 상업, 수공업에 종사하는 부류가 모두 없어진 것은 물론 아니지만, 그 비중의 상대적인 저하로 시장은 소멸하고 행상이 수요 물품을 각지에 조달하는 형태로 교역체제가 바뀌어 유지되었다. 그러나 이것은 큰 변혁 속에서 일어난 일시적인 “역전(逆轉)” 현상으로, 내적으로는 새로운 발전을 기약하는 충전(充電)이 이루어 지고 있었던 것이다.
Korean	이태진 - 1989 - 15-6세기 한국 사회 	15 세기의 농업기술의 발달은 농업조건의 변화로 농민사회의 정주성(定住性)을 높이는 한편, 생산력의 향상으로 일반농민들도 시장에 낼 수 있는 잉여(餘剩)의 산물을 가질 수 있게 되었다. 15 세기 말엽에 그 간의 농업경제 발달의 선진지역인 곳에서 농촌사회를 배경으로 하는 새로운 형태의 지방장시가 대두하기 시작한 것은 전적으로 이러한 달라진 소농민(小農民) 사회의 경제조건을 기반으로 하는 것이었다. 수공업품 생산관계를 달리 거론하지 않더라도, 저지개발을 통해 수전(水田)이 늘어난 것은 언제나 상품성이 높은 쌀의 생산량이 증대한 것을 의미한다. 이것 하나만으로도 시장 성립의 조건은 이전에 비해 훨씬 좋아진 것이라고 하지 않을 수 없다.
Korean	이태진 - 1989 - 15-6세기 한국 사회 	15 세기 말엽 이후의 새로운 장시 발달에서 일반농민의 새로운 생산물로 특별히 유의할 것은 면포(綿布)이다. 14 세기 후반에 처음으로 한국에 도입된 목면(木綿)은 15 세기 전반기에 남쪽 지역에서 재배 보급에 성공하여 그 후반에는 다른 지역으로의 보급도 활발해지기 시작하였다. 면포 생산이 이와 같이 확대일보에 있었다는 것은 이 시기의 시장 발달에 대단히 중요한 조건이었다. 면포는 그 용도상 혁명적인 상품으로 국내 시장뿐만 아니라 국제교역 특히 일본과의 교역에서 폭발적인 수요를 보였다. 면포는 이런 우월한 상품성을 배경으로 16 세기 일대에서는 화폐로서의 기능을 대신하기까지 하였다. 면포의 이와 같은 높은 수요 아래 고조지(高燥地)에서 목면(木綿) 재배가 보급되어 간 것은 저지(低地)로의 경지(耕地) 이동 후에 이루어진 새로운 고지(高地) 활용 체계였다. 한국의 농업은 16 세기 말, 17 세기 초에 일본, 여진 등으로부터의 침입을 잇따라 받은 뒤에도 전란의 피해를 반 세기 안에 거의 회복하면서 고조지(高燥地)에서의 목면의 재배 면적을 늘이고 벼농사에서 이앙법을 확대하는 등 다시 새로운 발전을 이루어 나갔다.
Korean	이태진 - 1989 - 15-6세기 한국 사회 	맺음말고지로부터 저지로의 경지 이동은 대부분의 농경사회가 역사적으로 거친 과정이었다. 그 시기는 나라나 지역 각기의 자연적, 사회적 조건에 따라 선후(先後)의 차이가 있었다. 이 논고는 한국에서는 그 과정이 15·6 세기에 본격적으로 진행되었다는 것을 논증하였다.
Korean	이태진 - 1989 - 15-6세기 한국 사회 	저지로의 이동의 구체적인 모습은 연안지역 또는 하천 주변의 저평지가 일차적인 대상이 되고, 16 세기에는 저습지 개발 단계로 나아갔던 것을 알 수있었다. 후자는 “공학(工學)의 적용”의 형태로 이것은 그 개발 기술의 수준이 나아질수록 새로운 성과를 누릴 수 있는 것으로, 오늘날에도 그것은 진행되고 있는 상태이다.
Korean	이태진 - 1989 - 15-6세기 한국 사회 	저평, 저습지에 확보된 경지에서는 대개 수전(水田) 벼농사가 이루어 졌다. 한국의 농업은 결국 이때부터 벼농사 중심의 토대가 확실하게 잡히기 시작했던 것이다. 그리고 이러한 중대한 경제 변동이 사상적으로 신유학(新儒學)과 깊은 관련을 가지고 진행되었다는 것은 이후의 한국문화의 특성에 대한 이해와 관련하여 앞으로 주목해야 할 점이라고 생각된다. 이 글에서는 이에 대해 간략한 언급 밖에 가지지 못하였으나, 신유학의 수용·발달과 농업경제의 위와 같은 변화가 시간적으로 거의 일치하는 사실로서도 양자의 밀접한 관계는 명백하게 드러난다. 경지변동이 처음 일어나기 시작한 14 세기는 곧 신유학의 수용기이며, 저지 개발이 활발하게 진행된 15,6 세기는 신유학의 본격적인 발달기였다.
Korean	이태진 - 1989 - 15-6세기 한국 사회 	저지(低地)로의 경지(耕地) 이동의 계기, 이것이 미친 사회적·경제적 영향 등에 대한 이해를 위해서는 앞으로 도작사회(稻作社會) 상호에 대한 비교사(比較史)의 연구가 절대적으로 필요하다는 것을 절실하게 느끼게 되었다. 이 글에서는 급한대로 일본사 쪽의 최근의 연구 동향을 임의적으로 참작하였지만, 앞으로 비교의 대상을 더 넓혀 나가면 더 풍부한 이해를 얻을 것이 기대된다. 이런 형태의 연구는 도작사회(稻作社會) 전체의 일반성 추출에 필요한 것일뿐더러, 각기의 특수성 파악에도 도움을 줄 것이 분명하다.
Korean	이태진 - 1989 - 15-6세기 한국 사회 	수전(水田) 농업의 발달과 인구증가의 밀접한 관계는 15·6 세기 한국의 경우에서도 명백하게 확인되었다. 그리고 노동력의 집약적인 활용과 관련하여 사회구성에도 많은 변화가 생긴 것을 살필 수 있었다. 이러한 사회경제적 성과는 농촌사회를 배경으로 하는 장시(場市)의 성립이란 상업 부면의 후속적인 발전을 유발하였고, 그것은 또 중국·일본 등과의 활발한 국제교역으로 이어졌다. 같은 무역권의 두 나라도 약간의 시차는 있으나 대체로 비슷한 경제변동의 과정을 거쳤던 만큼, 16~18 세기 간에 동아시아 세계가 누린 세계적인 경제적 번성은 곧 수전(水田) 농업의 획기적인 발달에 기초를 두고 가능한 것이었다고 말해도 좋을 것이다.
